ISO-10303-21;
HEADER;
/* Generated by software containing ST-Developer
 * from STEP Tools, Inc. (www.steptools.com) 
 */

FILE_DESCRIPTION(
/* description */ (''),
/* implementation_level */ '2;1');

FILE_NAME(
/* name */ 'My_DisplayEnclosure_Assembly.step',
/* time_stamp */ '2026-02-11T22:03:04-08:00',
/* author */ (''),
/* organization */ (''),
/* preprocessor_version */ 'ST-DEVELOPER v20.1',
/* originating_system */ 'Autodesk Translation Framework v14.21.0.0',
/* authorisation */ '');

FILE_SCHEMA (('AUTOMOTIVE_DESIGN { 1 0 10303 214 3 1 1 }'));
ENDSEC;

DATA;
#10=MECHANICAL_DESIGN_GEOMETRIC_PRESENTATION_REPRESENTATION('',(#9856,#9857,
#9858,#9859,#9860,#9861,#9862,#9863,#9864,#9865,#9866,#9867,#9868,#9869,
#9870,#9871,#9872,#9873,#9874,#9875,#9876,#9877,#9878,#9879,#9880,#9881,
#9882,#9883,#9884,#9885,#9886,#9887,#9888,#9889,#9890,#9891,#9892,#9893,
#9894,#9895,#9896,#9897,#9898,#9899,#9900,#9901,#9902,#9903,#9904,#9905,
#9906,#9907,#9908,#9909,#9910,#9911,#9912,#9913,#9914,#9915,#9916,#9917,
#9918,#9919,#9920,#9921,#9922,#9923,#9924,#9925,#9926,#9927,#9928,#9929,
#9930,#9931,#9932,#9933,#9934,#9935,#9936,#9937,#9938,#9939,#9940,#9941,
#9942,#9943,#9944,#9945,#9946,#9947,#9948,#9949,#9950,#9951,#9952,#9953,
#9954,#9955,#9956,#9957,#9958,#9959,#9960,#9961,#9962,#9963,#9964,#9965,
#9966,#9967,#9968,#9969,#9970,#9971,#9972,#9973,#9974,#9975,#9976,#9977,
#9978,#9979,#9980,#9981,#9982,#9983,#9984,#9985,#9986,#9987,#9988,#9989,
#9990,#9991,#9992,#9993,#9994,#9995,#9996,#9997,#9998,#9999,#10000,#10001,
#10002,#10003,#10004,#10005,#10006,#10007,#10008,#10009,#10010,#10011,#10012,
#10013,#10014,#10015,#10016,#10017,#10018,#10019,#10020,#10021,#10022,#10023,
#10024,#10025,#10026,#10027,#10028,#10029,#10030,#10031,#10032,#10033,#10034,
#10035,#10036,#10037,#10038,#10039,#10040,#10041,#10042,#10043,#10044,#10045,
#10046,#10047,#10048,#10049,#10050,#10051,#10052,#10053,#10054,#10055,#10056,
#10057,#10058,#10059,#10060,#10061,#10062,#10063,#10064,#10065,#10066,#10067,
#10068,#10069,#10070,#10071,#10072,#10073,#10074,#10075,#10076,#10077,#10078,
#10079,#10080,#10081,#10082,#10083,#10084,#10085,#10086,#10087,#10088,#10089,
#10090,#10091,#10092,#10093,#10094,#10095,#10096,#10097,#10098,#10099,#10100,
#10101,#10102,#10103,#10104,#10105,#10106,#10107,#10108,#10109,#10110,#10111,
#10112,#10113,#10114,#10115,#10116,#10117,#10118,#10119,#10120,#10121,#10122,
#10123,#10124,#10125,#10126,#10127,#10128,#10129,#10130,#10131,#10132,#10133,
#10134,#10135,#10136,#10137,#10138,#10139,#10140,#10141,#10142,#10143,#10144,
#10145,#10146,#10147),#18812);
#11=B_SPLINE_CURVE_WITH_KNOTS('',3,(#15479,#15480,#15481,#15482,#15483),
 .UNSPECIFIED.,.F.,.F.,(4,1,4),(0.,0.024783367356944,0.0575893985969346),
 .UNSPECIFIED.);
#12=B_SPLINE_CURVE_WITH_KNOTS('',3,(#15486,#15487,#15488,#15489,#15490),
 .UNSPECIFIED.,.F.,.F.,(4,1,4),(0.,0.024783367356944,0.0575893985969346),
 .UNSPECIFIED.);
#13=B_SPLINE_CURVE_WITH_KNOTS('',3,(#15502,#15503,#15504,#15505,#15506),
 .UNSPECIFIED.,.F.,.F.,(4,1,4),(0.,0.0212855273504068,0.0417481160426028),
 .UNSPECIFIED.);
#14=B_SPLINE_CURVE_WITH_KNOTS('',3,(#15509,#15510,#15511,#15512,#15513),
 .UNSPECIFIED.,.F.,.F.,(4,1,4),(0.,0.0212855273504068,0.0417481160426028),
 .UNSPECIFIED.);
#15=B_SPLINE_CURVE_WITH_KNOTS('',3,(#15525,#15526,#15527,#15528,#15529),
 .UNSPECIFIED.,.F.,.F.,(4,1,4),(0.,0.021600658432843,0.0433395840805053),
 .UNSPECIFIED.);
#16=B_SPLINE_CURVE_WITH_KNOTS('',3,(#15532,#15533,#15534,#15535,#15536),
 .UNSPECIFIED.,.F.,.F.,(4,1,4),(0.,0.021600658432843,0.0433395840805053),
 .UNSPECIFIED.);
#17=B_SPLINE_CURVE_WITH_KNOTS('',3,(#15548,#15549,#15550,#15551,#15552),
 .UNSPECIFIED.,.F.,.F.,(4,1,4),(0.,0.0186703652719748,0.0391800897039692),
 .UNSPECIFIED.);
#18=B_SPLINE_CURVE_WITH_KNOTS('',3,(#15555,#15556,#15557,#15558,#15559),
 .UNSPECIFIED.,.F.,.F.,(4,1,4),(0.,0.0186703652719748,0.0391800897039692),
 .UNSPECIFIED.);
#19=B_SPLINE_CURVE_WITH_KNOTS('',3,(#15571,#15572,#15573,#15574,#15575),
 .UNSPECIFIED.,.F.,.F.,(4,1,4),(0.,0.0187742785399903,0.0369194073163665),
 .UNSPECIFIED.);
#20=B_SPLINE_CURVE_WITH_KNOTS('',3,(#15578,#15579,#15580,#15581,#15582),
 .UNSPECIFIED.,.F.,.F.,(4,1,4),(0.,0.0187742785399903,0.0369194073163665),
 .UNSPECIFIED.);
#21=B_SPLINE_CURVE_WITH_KNOTS('',3,(#15594,#15595,#15596,#15597,#15598),
 .UNSPECIFIED.,.F.,.F.,(4,1,4),(0.,0.0322052041598254,0.0519790229564301),
 .UNSPECIFIED.);
#22=B_SPLINE_CURVE_WITH_KNOTS('',3,(#15601,#15602,#15603,#15604,#15605),
 .UNSPECIFIED.,.F.,.F.,(4,1,4),(0.,0.0322052041598254,0.0519790229564301),
 .UNSPECIFIED.);
#23=B_SPLINE_CURVE_WITH_KNOTS('',3,(#15635,#15636,#15637,#15638,#15639),
 .UNSPECIFIED.,.F.,.F.,(4,1,4),(0.,0.0188253848214517,0.0459844752508249),
 .UNSPECIFIED.);
#24=B_SPLINE_CURVE_WITH_KNOTS('',3,(#15642,#15643,#15644,#15645,#15646),
 .UNSPECIFIED.,.F.,.F.,(4,1,4),(0.,0.0188253848214517,0.0459844752508249),
 .UNSPECIFIED.);
#25=B_SPLINE_CURVE_WITH_KNOTS('',3,(#15658,#15659,#15660,#15661,#15662),
 .UNSPECIFIED.,.F.,.F.,(4,1,4),(0.,0.018955894817517,0.0397393298891183),
 .UNSPECIFIED.);
#26=B_SPLINE_CURVE_WITH_KNOTS('',3,(#15665,#15666,#15667,#15668,#15669),
 .UNSPECIFIED.,.F.,.F.,(4,1,4),(0.,0.018955894817517,0.0397393298891183),
 .UNSPECIFIED.);
#27=B_SPLINE_CURVE_WITH_KNOTS('',3,(#15681,#15682,#15683,#15684,#15685),
 .UNSPECIFIED.,.F.,.F.,(4,1,4),(0.,0.0222433391574183,0.0414891668416087),
 .UNSPECIFIED.);
#28=B_SPLINE_CURVE_WITH_KNOTS('',3,(#15688,#15689,#15690,#15691,#15692),
 .UNSPECIFIED.,.F.,.F.,(4,1,4),(0.,0.0222433391574183,0.0414891668416087),
 .UNSPECIFIED.);
#29=B_SPLINE_CURVE_WITH_KNOTS('',3,(#15704,#15705,#15706,#15707,#15708),
 .UNSPECIFIED.,.F.,.F.,(4,1,4),(0.,0.0249505847080339,0.049284888271376),
 .UNSPECIFIED.);
#30=B_SPLINE_CURVE_WITH_KNOTS('',3,(#15711,#15712,#15713,#15714,#15715),
 .UNSPECIFIED.,.F.,.F.,(4,1,4),(0.,0.0249505847080339,0.049284888271376),
 .UNSPECIFIED.);
#31=B_SPLINE_CURVE_WITH_KNOTS('',3,(#15727,#15728,#15729,#15730,#15731),
 .UNSPECIFIED.,.F.,.F.,(4,1,4),(0.,0.054306344519817,0.107781419527333),
 .UNSPECIFIED.);
#32=B_SPLINE_CURVE_WITH_KNOTS('',3,(#15734,#15735,#15736,#15737,#15738),
 .UNSPECIFIED.,.F.,.F.,(4,1,4),(0.,0.054306344519817,0.107781419527333),
 .UNSPECIFIED.);
#33=B_SPLINE_CURVE_WITH_KNOTS('',3,(#15794,#15795,#15796,#15797,#15798),
 .UNSPECIFIED.,.F.,.F.,(4,1,4),(0.,0.0334820197834104,0.0805495335427558),
 .UNSPECIFIED.);
#34=B_SPLINE_CURVE_WITH_KNOTS('',3,(#15801,#15802,#15803,#15804,#15805),
 .UNSPECIFIED.,.F.,.F.,(4,1,4),(0.,0.0334820197834104,0.0805495335427558),
 .UNSPECIFIED.);
#35=B_SPLINE_CURVE_WITH_KNOTS('',3,(#15817,#15818,#15819,#15820,#15821),
 .UNSPECIFIED.,.F.,.F.,(4,1,4),(0.,0.0296839046315884,0.0588364720703033),
 .UNSPECIFIED.);
#36=B_SPLINE_CURVE_WITH_KNOTS('',3,(#15824,#15825,#15826,#15827,#15828),
 .UNSPECIFIED.,.F.,.F.,(4,1,4),(0.,0.0296839046315884,0.0588364720703033),
 .UNSPECIFIED.);
#37=B_SPLINE_CURVE_WITH_KNOTS('',3,(#15840,#15841,#15842,#15843,#15844),
 .UNSPECIFIED.,.F.,.F.,(4,1,4),(0.,0.01714319317977,0.0356300417820164),
 .UNSPECIFIED.);
#38=B_SPLINE_CURVE_WITH_KNOTS('',3,(#15847,#15848,#15849,#15850,#15851),
 .UNSPECIFIED.,.F.,.F.,(4,1,4),(0.,0.01714319317977,0.0356300417820164),
 .UNSPECIFIED.);
#39=B_SPLINE_CURVE_WITH_KNOTS('',3,(#15863,#15864,#15865,#15866,#15867),
 .UNSPECIFIED.,.F.,.F.,(4,1,4),(0.,0.0156291848751923,0.0318130840543771),
 .UNSPECIFIED.);
#40=B_SPLINE_CURVE_WITH_KNOTS('',3,(#15870,#15871,#15872,#15873,#15874),
 .UNSPECIFIED.,.F.,.F.,(4,1,4),(0.,0.0156291848751923,0.0318130840543771),
 .UNSPECIFIED.);
#41=B_SPLINE_CURVE_WITH_KNOTS('',3,(#15886,#15887,#15888,#15889,#15890),
 .UNSPECIFIED.,.F.,.F.,(4,1,4),(0.,0.0262328750472398,0.0452779829900577),
 .UNSPECIFIED.);
#42=B_SPLINE_CURVE_WITH_KNOTS('',3,(#15893,#15894,#15895,#15896,#15897),
 .UNSPECIFIED.,.F.,.F.,(4,1,4),(0.,0.0262328750472398,0.0452779829900577),
 .UNSPECIFIED.);
#43=B_SPLINE_CURVE_WITH_KNOTS('',3,(#15927,#15928,#15929,#15930,#15931),
 .UNSPECIFIED.,.F.,.F.,(4,1,4),(0.,0.0188698349851698,0.0478683061364241),
 .UNSPECIFIED.);
#44=B_SPLINE_CURVE_WITH_KNOTS('',3,(#15934,#15935,#15936,#15937,#15938),
 .UNSPECIFIED.,.F.,.F.,(4,1,4),(0.,0.0188698349851698,0.0478683061364241),
 .UNSPECIFIED.);
#45=B_SPLINE_CURVE_WITH_KNOTS('',3,(#15950,#15951,#15952,#15953,#15954),
 .UNSPECIFIED.,.F.,.F.,(4,1,4),(0.,0.0191143852463691,0.0395910616622552),
 .UNSPECIFIED.);
#46=B_SPLINE_CURVE_WITH_KNOTS('',3,(#15957,#15958,#15959,#15960,#15961),
 .UNSPECIFIED.,.F.,.F.,(4,1,4),(0.,0.0191143852463691,0.0395910616622552),
 .UNSPECIFIED.);
#47=B_SPLINE_CURVE_WITH_KNOTS('',3,(#15973,#15974,#15975,#15976,#15977),
 .UNSPECIFIED.,.F.,.F.,(4,1,4),(0.,0.0221090831242118,0.0415473117081952),
 .UNSPECIFIED.);
#48=B_SPLINE_CURVE_WITH_KNOTS('',3,(#15980,#15981,#15982,#15983,#15984),
 .UNSPECIFIED.,.F.,.F.,(4,1,4),(0.,0.0221090831242118,0.0415473117081952),
 .UNSPECIFIED.);
#49=B_SPLINE_CURVE_WITH_KNOTS('',3,(#15996,#15997,#15998,#15999,#16000),
 .UNSPECIFIED.,.F.,.F.,(4,1,4),(0.,0.025215650455612,0.0492281370103472),
 .UNSPECIFIED.);
#50=B_SPLINE_CURVE_WITH_KNOTS('',3,(#16003,#16004,#16005,#16006,#16007),
 .UNSPECIFIED.,.F.,.F.,(4,1,4),(0.,0.025215650455612,0.0492281370103472),
 .UNSPECIFIED.);
#51=B_SPLINE_CURVE_WITH_KNOTS('',3,(#16019,#16020,#16021,#16022,#16023),
 .UNSPECIFIED.,.F.,.F.,(4,1,4),(0.,0.0529610035550295,0.107489648415525),
 .UNSPECIFIED.);
#52=B_SPLINE_CURVE_WITH_KNOTS('',3,(#16026,#16027,#16028,#16029,#16030),
 .UNSPECIFIED.,.F.,.F.,(4,1,4),(0.,0.0529610035550295,0.107489648415525),
 .UNSPECIFIED.);
#53=B_SPLINE_CURVE_WITH_KNOTS('',3,(#16065,#16066,#16067,#16068,#16069),
 .UNSPECIFIED.,.F.,.F.,(4,1,4),(0.,0.0214380815765219,0.0500195738265483),
 .UNSPECIFIED.);
#54=B_SPLINE_CURVE_WITH_KNOTS('',3,(#16073,#16074,#16075,#16076,#16077),
 .UNSPECIFIED.,.F.,.F.,(4,1,4),(0.,0.0214380815765219,0.0500195738265483),
 .UNSPECIFIED.);
#55=B_SPLINE_CURVE_WITH_KNOTS('',3,(#16090,#16091,#16092,#16093,#16094),
 .UNSPECIFIED.,.F.,.F.,(4,1,4),(0.,0.0242179392985011,0.0476611138758454),
 .UNSPECIFIED.);
#56=B_SPLINE_CURVE_WITH_KNOTS('',3,(#16097,#16098,#16099,#16100,#16101),
 .UNSPECIFIED.,.F.,.F.,(4,1,4),(0.,0.0242179392985011,0.0476611138758454),
 .UNSPECIFIED.);
#57=B_SPLINE_CURVE_WITH_KNOTS('',3,(#16113,#16114,#16115,#16116,#16117),
 .UNSPECIFIED.,.F.,.F.,(4,1,4),(0.,0.0269828327999049,0.0523809064308374),
 .UNSPECIFIED.);
#58=B_SPLINE_CURVE_WITH_KNOTS('',3,(#16120,#16121,#16122,#16123,#16124),
 .UNSPECIFIED.,.F.,.F.,(4,1,4),(0.,0.0269828327999049,0.0523809064308374),
 .UNSPECIFIED.);
#59=B_SPLINE_CURVE_WITH_KNOTS('',3,(#16136,#16137,#16138,#16139,#16140),
 .UNSPECIFIED.,.F.,.F.,(4,1,4),(0.,0.0208730417140453,0.0463234059424203),
 .UNSPECIFIED.);
#60=B_SPLINE_CURVE_WITH_KNOTS('',3,(#16143,#16144,#16145,#16146,#16147),
 .UNSPECIFIED.,.F.,.F.,(4,1,4),(0.,0.0208730417140453,0.0463234059424203),
 .UNSPECIFIED.);
#61=B_SPLINE_CURVE_WITH_KNOTS('',3,(#16159,#16160,#16161,#16162,#16163),
 .UNSPECIFIED.,.F.,.F.,(4,1,4),(0.,0.0183810245959774,0.0367984783618504),
 .UNSPECIFIED.);
#62=B_SPLINE_CURVE_WITH_KNOTS('',3,(#16166,#16167,#16168,#16169,#16170),
 .UNSPECIFIED.,.F.,.F.,(4,1,4),(0.,0.0183810245959774,0.0367984783618504),
 .UNSPECIFIED.);
#63=B_SPLINE_CURVE_WITH_KNOTS('',3,(#16182,#16183,#16184,#16185,#16186),
 .UNSPECIFIED.,.F.,.F.,(4,1,4),(0.,0.0121154313089734,0.024444039256053),
 .UNSPECIFIED.);
#64=B_SPLINE_CURVE_WITH_KNOTS('',3,(#16189,#16190,#16191,#16192,#16193),
 .UNSPECIFIED.,.F.,.F.,(4,1,4),(0.,0.0121154313089734,0.024444039256053),
 .UNSPECIFIED.);
#65=B_SPLINE_CURVE_WITH_KNOTS('',3,(#16205,#16206,#16207,#16208,#16209),
 .UNSPECIFIED.,.F.,.F.,(4,1,4),(0.,0.0130087882659192,0.0254770336347186),
 .UNSPECIFIED.);
#66=B_SPLINE_CURVE_WITH_KNOTS('',3,(#16212,#16213,#16214,#16215,#16216),
 .UNSPECIFIED.,.F.,.F.,(4,1,4),(0.,0.0130087882659192,0.0254770336347186),
 .UNSPECIFIED.);
#67=B_SPLINE_CURVE_WITH_KNOTS('',3,(#16228,#16229,#16230,#16231,#16232),
 .UNSPECIFIED.,.F.,.F.,(4,1,4),(0.,0.0262654985723071,0.044023984659863),
 .UNSPECIFIED.);
#68=B_SPLINE_CURVE_WITH_KNOTS('',3,(#16235,#16236,#16237,#16238,#16239),
 .UNSPECIFIED.,.F.,.F.,(4,1,4),(0.,0.0262654985723071,0.044023984659863),
 .UNSPECIFIED.);
#69=B_SPLINE_CURVE_WITH_KNOTS('',3,(#16251,#16252,#16253,#16254,#16255),
 .UNSPECIFIED.,.F.,.F.,(4,1,4),(0.,0.0349157223225691,0.0824679802230752),
 .UNSPECIFIED.);
#70=B_SPLINE_CURVE_WITH_KNOTS('',3,(#16258,#16259,#16260,#16261,#16262),
 .UNSPECIFIED.,.F.,.F.,(4,1,4),(0.,0.0349157223225691,0.0824679802230752),
 .UNSPECIFIED.);
#71=B_SPLINE_CURVE_WITH_KNOTS('',3,(#16286,#16287,#16288,#16289,#16290),
 .UNSPECIFIED.,.F.,.F.,(4,1,4),(0.,0.0183010076591476,0.0369814900558673),
 .UNSPECIFIED.);
#72=B_SPLINE_CURVE_WITH_KNOTS('',3,(#16293,#16294,#16295,#16296,#16297),
 .UNSPECIFIED.,.F.,.F.,(4,1,4),(0.,0.0183010076591476,0.0369814900558673),
 .UNSPECIFIED.);
#73=B_SPLINE_CURVE_WITH_KNOTS('',3,(#16309,#16310,#16311,#16312,#16313),
 .UNSPECIFIED.,.F.,.F.,(4,1,4),(0.,0.0559395506174871,0.0868538153682338),
 .UNSPECIFIED.);
#74=B_SPLINE_CURVE_WITH_KNOTS('',3,(#16316,#16317,#16318,#16319,#16320),
 .UNSPECIFIED.,.F.,.F.,(4,1,4),(0.,0.0559395506174871,0.0868538153682338),
 .UNSPECIFIED.);
#75=B_SPLINE_CURVE_WITH_KNOTS('',3,(#16338,#16339,#16340,#16341,#16342),
 .UNSPECIFIED.,.F.,.F.,(4,1,4),(0.,0.017695038819937,0.0453962468666059),
 .UNSPECIFIED.);
#76=B_SPLINE_CURVE_WITH_KNOTS('',3,(#16345,#16346,#16347,#16348,#16349),
 .UNSPECIFIED.,.F.,.F.,(4,1,4),(0.,0.017695038819937,0.0453962468666059),
 .UNSPECIFIED.);
#77=B_SPLINE_CURVE_WITH_KNOTS('',3,(#16361,#16362,#16363,#16364,#16365),
 .UNSPECIFIED.,.F.,.F.,(4,1,4),(0.,0.0175268771387675,0.0368978442172899),
 .UNSPECIFIED.);
#78=B_SPLINE_CURVE_WITH_KNOTS('',3,(#16368,#16369,#16370,#16371,#16372),
 .UNSPECIFIED.,.F.,.F.,(4,1,4),(0.,0.0175268771387675,0.0368978442172899),
 .UNSPECIFIED.);
#79=B_SPLINE_CURVE_WITH_KNOTS('',3,(#16384,#16385,#16386,#16387,#16388),
 .UNSPECIFIED.,.F.,.F.,(4,1,4),(0.,0.0224221928309154,0.0409863474474436),
 .UNSPECIFIED.);
#80=B_SPLINE_CURVE_WITH_KNOTS('',3,(#16391,#16392,#16393,#16394,#16395),
 .UNSPECIFIED.,.F.,.F.,(4,1,4),(0.,0.0224221928309154,0.0409863474474436),
 .UNSPECIFIED.);
#81=B_SPLINE_CURVE_WITH_KNOTS('',3,(#16407,#16408,#16409,#16410,#16411),
 .UNSPECIFIED.,.F.,.F.,(4,1,4),(0.,0.0336997078729892,0.0611630173404577),
 .UNSPECIFIED.);
#82=B_SPLINE_CURVE_WITH_KNOTS('',3,(#16414,#16415,#16416,#16417,#16418),
 .UNSPECIFIED.,.F.,.F.,(4,1,4),(0.,0.0336997078729892,0.0611630173404577),
 .UNSPECIFIED.);
#83=B_SPLINE_CURVE_WITH_KNOTS('',3,(#16430,#16431,#16432,#16433,#16434),
 .UNSPECIFIED.,.F.,.F.,(4,1,4),(0.,0.031599261279197,0.0668244279968161),
 .UNSPECIFIED.);
#84=B_SPLINE_CURVE_WITH_KNOTS('',3,(#16437,#16438,#16439,#16440,#16441),
 .UNSPECIFIED.,.F.,.F.,(4,1,4),(0.,0.031599261279197,0.0668244279968161),
 .UNSPECIFIED.);
#85=B_SPLINE_CURVE_WITH_KNOTS('',3,(#16453,#16454,#16455,#16456,#16457),
 .UNSPECIFIED.,.F.,.F.,(4,1,4),(0.,0.0249111657428554,0.0528243808813189),
 .UNSPECIFIED.);
#86=B_SPLINE_CURVE_WITH_KNOTS('',3,(#16460,#16461,#16462,#16463,#16464),
 .UNSPECIFIED.,.F.,.F.,(4,1,4),(0.,0.0249111657428554,0.0528243808813189),
 .UNSPECIFIED.);
#87=B_SPLINE_CURVE_WITH_KNOTS('',3,(#16476,#16477,#16478,#16479,#16480),
 .UNSPECIFIED.,.F.,.F.,(4,1,4),(0.,0.0291479420906738,0.054499009467346),
 .UNSPECIFIED.);
#88=B_SPLINE_CURVE_WITH_KNOTS('',3,(#16483,#16484,#16485,#16486,#16487),
 .UNSPECIFIED.,.F.,.F.,(4,1,4),(0.,0.0291479420906738,0.054499009467346),
 .UNSPECIFIED.);
#89=B_SPLINE_CURVE_WITH_KNOTS('',3,(#16505,#16506,#16507,#16508,#16509),
 .UNSPECIFIED.,.F.,.F.,(4,1,4),(0.,0.0219668478893245,0.0499505815972015),
 .UNSPECIFIED.);
#90=B_SPLINE_CURVE_WITH_KNOTS('',3,(#16512,#16513,#16514,#16515,#16516),
 .UNSPECIFIED.,.F.,.F.,(4,1,4),(0.,0.0219668478893245,0.0499505815972015),
 .UNSPECIFIED.);
#91=B_SPLINE_CURVE_WITH_KNOTS('',3,(#16528,#16529,#16530,#16531,#16532),
 .UNSPECIFIED.,.F.,.F.,(4,1,4),(0.,0.0303059101301422,0.0533700962879618),
 .UNSPECIFIED.);
#92=B_SPLINE_CURVE_WITH_KNOTS('',3,(#16535,#16536,#16537,#16538,#16539),
 .UNSPECIFIED.,.F.,.F.,(4,1,4),(0.,0.0303059101301422,0.0533700962879618),
 .UNSPECIFIED.);
#93=B_SPLINE_CURVE_WITH_KNOTS('',3,(#16551,#16552,#16553,#16554,#16555),
 .UNSPECIFIED.,.F.,.F.,(4,1,4),(0.,0.0265187098242649,0.0593211525326363),
 .UNSPECIFIED.);
#94=B_SPLINE_CURVE_WITH_KNOTS('',3,(#16558,#16559,#16560,#16561,#16562),
 .UNSPECIFIED.,.F.,.F.,(4,1,4),(0.,0.0265187098242649,0.0593211525326363),
 .UNSPECIFIED.);
#95=B_SPLINE_CURVE_WITH_KNOTS('',3,(#16574,#16575,#16576,#16577,#16578),
 .UNSPECIFIED.,.F.,.F.,(4,1,4),(0.,0.0258152764123383,0.0455185504601841),
 .UNSPECIFIED.);
#96=B_SPLINE_CURVE_WITH_KNOTS('',3,(#16581,#16582,#16583,#16584,#16585),
 .UNSPECIFIED.,.F.,.F.,(4,1,4),(0.,0.0258152764123383,0.0455185504601841),
 .UNSPECIFIED.);
#97=B_SPLINE_CURVE_WITH_KNOTS('',3,(#16597,#16598,#16599,#16600,#16601),
 .UNSPECIFIED.,.F.,.F.,(4,1,4),(0.,0.00825628776884585,0.0128270421610497),
 .UNSPECIFIED.);
#98=B_SPLINE_CURVE_WITH_KNOTS('',3,(#16604,#16605,#16606,#16607,#16608),
 .UNSPECIFIED.,.F.,.F.,(4,1,4),(0.,0.00825628776884585,0.0128270421610497),
 .UNSPECIFIED.);
#99=B_SPLINE_CURVE_WITH_KNOTS('',3,(#16620,#16621,#16622,#16623,#16624),
 .UNSPECIFIED.,.F.,.F.,(4,1,4),(0.,0.052219302164349,0.0893114611602275),
 .UNSPECIFIED.);
#100=B_SPLINE_CURVE_WITH_KNOTS('',3,(#16627,#16628,#16629,#16630,#16631),
 .UNSPECIFIED.,.F.,.F.,(4,1,4),(0.,0.052219302164349,0.0893114611602275),
 .UNSPECIFIED.);
#101=B_SPLINE_CURVE_WITH_KNOTS('',3,(#16643,#16644,#16645,#16646,#16647),
 .UNSPECIFIED.,.F.,.F.,(4,1,4),(0.,0.0185285273428258,0.04429491828703),
 .UNSPECIFIED.);
#102=B_SPLINE_CURVE_WITH_KNOTS('',3,(#16650,#16651,#16652,#16653,#16654),
 .UNSPECIFIED.,.F.,.F.,(4,1,4),(0.,0.0185285273428258,0.04429491828703),
 .UNSPECIFIED.);
#103=B_SPLINE_CURVE_WITH_KNOTS('',3,(#16666,#16667,#16668,#16669,#16670),
 .UNSPECIFIED.,.F.,.F.,(4,1,4),(0.,0.0192071160588506,0.03907993228078),
 .UNSPECIFIED.);
#104=B_SPLINE_CURVE_WITH_KNOTS('',3,(#16673,#16674,#16675,#16676,#16677),
 .UNSPECIFIED.,.F.,.F.,(4,1,4),(0.,0.0192071160588506,0.03907993228078),
 .UNSPECIFIED.);
#105=B_SPLINE_CURVE_WITH_KNOTS('',3,(#16689,#16690,#16691,#16692,#16693),
 .UNSPECIFIED.,.F.,.F.,(4,1,4),(0.,0.0195309986189807,0.038332575013614),
 .UNSPECIFIED.);
#106=B_SPLINE_CURVE_WITH_KNOTS('',3,(#16696,#16697,#16698,#16699,#16700),
 .UNSPECIFIED.,.F.,.F.,(4,1,4),(0.,0.0195309986189807,0.038332575013614),
 .UNSPECIFIED.);
#107=B_SPLINE_CURVE_WITH_KNOTS('',3,(#16712,#16713,#16714,#16715,#16716),
 .UNSPECIFIED.,.F.,.F.,(4,1,4),(0.,0.0204671066175491,0.0402282424343497),
 .UNSPECIFIED.);
#108=B_SPLINE_CURVE_WITH_KNOTS('',3,(#16719,#16720,#16721,#16722,#16723),
 .UNSPECIFIED.,.F.,.F.,(4,1,4),(0.,0.0204671066175491,0.0402282424343497),
 .UNSPECIFIED.);
#109=B_SPLINE_CURVE_WITH_KNOTS('',3,(#16735,#16736,#16737,#16738,#16739),
 .UNSPECIFIED.,.F.,.F.,(4,1,4),(0.,0.0328842735950209,0.0665831495933769),
 .UNSPECIFIED.);
#110=B_SPLINE_CURVE_WITH_KNOTS('',3,(#16742,#16743,#16744,#16745,#16746),
 .UNSPECIFIED.,.F.,.F.,(4,1,4),(0.,0.0328842735950209,0.0665831495933769),
 .UNSPECIFIED.);
#111=B_SPLINE_CURVE_WITH_KNOTS('',3,(#16758,#16759,#16760,#16761,#16762),
 .UNSPECIFIED.,.F.,.F.,(4,1,4),(0.,0.0426200446754038,0.0783178032537605),
 .UNSPECIFIED.);
#112=B_SPLINE_CURVE_WITH_KNOTS('',3,(#16765,#16766,#16767,#16768,#16769),
 .UNSPECIFIED.,.F.,.F.,(4,1,4),(0.,0.0426200446754038,0.0783178032537605),
 .UNSPECIFIED.);
#113=B_SPLINE_CURVE_WITH_KNOTS('',3,(#16781,#16782,#16783,#16784,#16785),
 .UNSPECIFIED.,.F.,.F.,(4,1,4),(0.,0.0270237886081428,0.0550927229694672),
 .UNSPECIFIED.);
#114=B_SPLINE_CURVE_WITH_KNOTS('',3,(#16788,#16789,#16790,#16791,#16792),
 .UNSPECIFIED.,.F.,.F.,(4,1,4),(0.,0.0270237886081428,0.0550927229694672),
 .UNSPECIFIED.);
#115=B_SPLINE_CURVE_WITH_KNOTS('',3,(#16804,#16805,#16806,#16807,#16808),
 .UNSPECIFIED.,.F.,.F.,(4,1,4),(0.,0.0333161664474908,0.0622354983646461),
 .UNSPECIFIED.);
#116=B_SPLINE_CURVE_WITH_KNOTS('',3,(#16811,#16812,#16813,#16814,#16815),
 .UNSPECIFIED.,.F.,.F.,(4,1,4),(0.,0.0333161664474908,0.0622354983646461),
 .UNSPECIFIED.);
#117=B_SPLINE_CURVE_WITH_KNOTS('',3,(#16826,#16827,#16828,#16829,#16830),
 .UNSPECIFIED.,.F.,.F.,(4,1,4),(0.,0.0177238391177577,0.0372171373785873),
 .UNSPECIFIED.);
#118=B_SPLINE_CURVE_WITH_KNOTS('',3,(#16831,#16832,#16833,#16834,#16835),
 .UNSPECIFIED.,.F.,.F.,(4,1,4),(0.,0.0177238391177577,0.0372171373785873),
 .UNSPECIFIED.);
#119=B_SPLINE_CURVE_WITH_KNOTS('',3,(#16857,#16858,#16859,#16860,#16861),
 .UNSPECIFIED.,.F.,.F.,(4,1,4),(0.,0.0238592681496261,0.0543509404545013),
 .UNSPECIFIED.);
#120=B_SPLINE_CURVE_WITH_KNOTS('',3,(#16864,#16865,#16866,#16867,#16868),
 .UNSPECIFIED.,.F.,.F.,(4,1,4),(0.,0.0238592681496261,0.0543509404545013),
 .UNSPECIFIED.);
#121=B_SPLINE_CURVE_WITH_KNOTS('',3,(#16880,#16881,#16882,#16883,#16884),
 .UNSPECIFIED.,.F.,.F.,(4,1,4),(0.,0.0210507081154076,0.0415277416078543),
 .UNSPECIFIED.);
#122=B_SPLINE_CURVE_WITH_KNOTS('',3,(#16887,#16888,#16889,#16890,#16891),
 .UNSPECIFIED.,.F.,.F.,(4,1,4),(0.,0.0210507081154076,0.0415277416078543),
 .UNSPECIFIED.);
#123=B_SPLINE_CURVE_WITH_KNOTS('',3,(#16903,#16904,#16905,#16906,#16907),
 .UNSPECIFIED.,.F.,.F.,(4,1,4),(0.,0.0214067599718524,0.0431627992578145),
 .UNSPECIFIED.);
#124=B_SPLINE_CURVE_WITH_KNOTS('',3,(#16910,#16911,#16912,#16913,#16914),
 .UNSPECIFIED.,.F.,.F.,(4,1,4),(0.,0.0214067599718524,0.0431627992578145),
 .UNSPECIFIED.);
#125=B_SPLINE_CURVE_WITH_KNOTS('',3,(#16926,#16927,#16928,#16929,#16930),
 .UNSPECIFIED.,.F.,.F.,(4,1,4),(0.,0.0229865093873588,0.0491828279206142),
 .UNSPECIFIED.);
#126=B_SPLINE_CURVE_WITH_KNOTS('',3,(#16933,#16934,#16935,#16936,#16937),
 .UNSPECIFIED.,.F.,.F.,(4,1,4),(0.,0.0229865093873588,0.0491828279206142),
 .UNSPECIFIED.);
#127=B_SPLINE_CURVE_WITH_KNOTS('',3,(#16949,#16950,#16951,#16952,#16953),
 .UNSPECIFIED.,.F.,.F.,(4,1,4),(0.,0.0320409779565557,0.0568663786639975),
 .UNSPECIFIED.);
#128=B_SPLINE_CURVE_WITH_KNOTS('',3,(#16956,#16957,#16958,#16959,#16960),
 .UNSPECIFIED.,.F.,.F.,(4,1,4),(0.,0.0320409779565557,0.0568663786639975),
 .UNSPECIFIED.);
#129=B_SPLINE_CURVE_WITH_KNOTS('',3,(#16990,#16991,#16992,#16993,#16994),
 .UNSPECIFIED.,.F.,.F.,(4,1,4),(0.,0.028502820136212,0.0661093290557886),
 .UNSPECIFIED.);
#130=B_SPLINE_CURVE_WITH_KNOTS('',3,(#16997,#16998,#16999,#17000,#17001),
 .UNSPECIFIED.,.F.,.F.,(4,1,4),(0.,0.028502820136212,0.0661093290557886),
 .UNSPECIFIED.);
#131=B_SPLINE_CURVE_WITH_KNOTS('',3,(#17013,#17014,#17015,#17016,#17017),
 .UNSPECIFIED.,.F.,.F.,(4,1,4),(0.,0.0252667497167914,0.0493322842687443),
 .UNSPECIFIED.);
#132=B_SPLINE_CURVE_WITH_KNOTS('',3,(#17020,#17021,#17022,#17023,#17024),
 .UNSPECIFIED.,.F.,.F.,(4,1,4),(0.,0.0252667497167914,0.0493322842687443),
 .UNSPECIFIED.);
#133=B_SPLINE_CURVE_WITH_KNOTS('',3,(#17036,#17037,#17038,#17039,#17040),
 .UNSPECIFIED.,.F.,.F.,(4,1,4),(0.,0.0302521628038303,0.0578359957916976),
 .UNSPECIFIED.);
#134=B_SPLINE_CURVE_WITH_KNOTS('',3,(#17043,#17044,#17045,#17046,#17047),
 .UNSPECIFIED.,.F.,.F.,(4,1,4),(0.,0.0302521628038303,0.0578359957916976),
 .UNSPECIFIED.);
#135=B_SPLINE_CURVE_WITH_KNOTS('',3,(#17059,#17060,#17061,#17062,#17063),
 .UNSPECIFIED.,.F.,.F.,(4,1,4),(0.,0.0490347242879582,0.0979448148351126),
 .UNSPECIFIED.);
#136=B_SPLINE_CURVE_WITH_KNOTS('',3,(#17066,#17067,#17068,#17069,#17070),
 .UNSPECIFIED.,.F.,.F.,(4,1,4),(0.,0.0490347242879582,0.0979448148351126),
 .UNSPECIFIED.);
#137=B_SPLINE_CURVE_WITH_KNOTS('',3,(#17105,#17106,#17107,#17108,#17109),
 .UNSPECIFIED.,.F.,.F.,(4,1,4),(0.,0.0316831924874596,0.0626161723992333),
 .UNSPECIFIED.);
#138=B_SPLINE_CURVE_WITH_KNOTS('',3,(#17113,#17114,#17115,#17116,#17117),
 .UNSPECIFIED.,.F.,.F.,(4,1,4),(0.,0.0316831924874596,0.0626161723992333),
 .UNSPECIFIED.);
#139=B_SPLINE_CURVE_WITH_KNOTS('',3,(#17130,#17131,#17132,#17133,#17134),
 .UNSPECIFIED.,.F.,.F.,(4,1,4),(0.,0.0343354166805893,0.0689715200385712),
 .UNSPECIFIED.);
#140=B_SPLINE_CURVE_WITH_KNOTS('',3,(#17137,#17138,#17139,#17140,#17141),
 .UNSPECIFIED.,.F.,.F.,(4,1,4),(0.,0.0343354166805893,0.0689715200385712),
 .UNSPECIFIED.);
#141=B_SPLINE_CURVE_WITH_KNOTS('',3,(#17153,#17154,#17155,#17156,#17157),
 .UNSPECIFIED.,.F.,.F.,(4,1,4),(0.,0.0326014771127385,0.0585425349300215),
 .UNSPECIFIED.);
#142=B_SPLINE_CURVE_WITH_KNOTS('',3,(#17160,#17161,#17162,#17163,#17164),
 .UNSPECIFIED.,.F.,.F.,(4,1,4),(0.,0.0326014771127385,0.0585425349300215),
 .UNSPECIFIED.);
#143=B_SPLINE_CURVE_WITH_KNOTS('',3,(#17181,#17182,#17183,#17184,#17185),
 .UNSPECIFIED.,.F.,.F.,(4,1,4),(0.,0.0318974069599225,0.0668341855048987),
 .UNSPECIFIED.);
#144=B_SPLINE_CURVE_WITH_KNOTS('',3,(#17186,#17187,#17188,#17189,#17190),
 .UNSPECIFIED.,.F.,.F.,(4,1,4),(0.,0.0318974069599225,0.0668341855048987),
 .UNSPECIFIED.);
#145=B_SPLINE_CURVE_WITH_KNOTS('',3,(#17203,#17204,#17205,#17206,#17207),
 .UNSPECIFIED.,.F.,.F.,(4,1,4),(0.,0.0252841722921035,0.048895761360288),
 .UNSPECIFIED.);
#146=B_SPLINE_CURVE_WITH_KNOTS('',3,(#17211,#17212,#17213,#17214,#17215),
 .UNSPECIFIED.,.F.,.F.,(4,1,4),(0.,0.0252841722921035,0.048895761360288),
 .UNSPECIFIED.);
#147=B_SPLINE_CURVE_WITH_KNOTS('',3,(#17228,#17229,#17230,#17231,#17232),
 .UNSPECIFIED.,.F.,.F.,(4,1,4),(0.,0.0332667142208788,0.0671536364631789),
 .UNSPECIFIED.);
#148=B_SPLINE_CURVE_WITH_KNOTS('',3,(#17235,#17236,#17237,#17238,#17239),
 .UNSPECIFIED.,.F.,.F.,(4,1,4),(0.,0.0332667142208788,0.0671536364631789),
 .UNSPECIFIED.);
#149=B_SPLINE_CURVE_WITH_KNOTS('',3,(#17251,#17252,#17253,#17254,#17255),
 .UNSPECIFIED.,.F.,.F.,(4,1,4),(0.,0.0429299710684796,0.0792076612118266),
 .UNSPECIFIED.);
#150=B_SPLINE_CURVE_WITH_KNOTS('',3,(#17258,#17259,#17260,#17261,#17262),
 .UNSPECIFIED.,.F.,.F.,(4,1,4),(0.,0.0429299710684796,0.0792076612118266),
 .UNSPECIFIED.);
#151=B_SPLINE_CURVE_WITH_KNOTS('',3,(#17280,#17281,#17282,#17283,#17284),
 .UNSPECIFIED.,.F.,.F.,(4,1,4),(0.,0.00545746964608266,0.0131000363715094),
 .UNSPECIFIED.);
#152=B_SPLINE_CURVE_WITH_KNOTS('',3,(#17287,#17288,#17289,#17290,#17291),
 .UNSPECIFIED.,.F.,.F.,(4,1,4),(0.,0.00545746964608266,0.0131000363715094),
 .UNSPECIFIED.);
#153=B_SPLINE_CURVE_WITH_KNOTS('',3,(#17303,#17304,#17305,#17306,#17307),
 .UNSPECIFIED.,.F.,.F.,(4,1,4),(0.,0.055046912250524,0.119419786387685),
 .UNSPECIFIED.);
#154=B_SPLINE_CURVE_WITH_KNOTS('',3,(#17310,#17311,#17312,#17313,#17314),
 .UNSPECIFIED.,.F.,.F.,(4,1,4),(0.,0.055046912250524,0.119419786387685),
 .UNSPECIFIED.);
#155=B_SPLINE_CURVE_WITH_KNOTS('',3,(#17326,#17327,#17328,#17329,#17330),
 .UNSPECIFIED.,.F.,.F.,(4,1,4),(0.,0.0537151898221154,0.105266630862644),
 .UNSPECIFIED.);
#156=B_SPLINE_CURVE_WITH_KNOTS('',3,(#17333,#17334,#17335,#17336,#17337),
 .UNSPECIFIED.,.F.,.F.,(4,1,4),(0.,0.0537151898221154,0.105266630862644),
 .UNSPECIFIED.);
#157=B_SPLINE_CURVE_WITH_KNOTS('',3,(#17349,#17350,#17351,#17352,#17353),
 .UNSPECIFIED.,.F.,.F.,(4,1,4),(0.,0.0527974587820656,0.108159595602245),
 .UNSPECIFIED.);
#158=B_SPLINE_CURVE_WITH_KNOTS('',3,(#17356,#17357,#17358,#17359,#17360),
 .UNSPECIFIED.,.F.,.F.,(4,1,4),(0.,0.0527974587820656,0.108159595602245),
 .UNSPECIFIED.);
#159=B_SPLINE_CURVE_WITH_KNOTS('',3,(#17372,#17373,#17374,#17375,#17376),
 .UNSPECIFIED.,.F.,.F.,(4,1,4),(0.,0.0656172693112493,0.121798295383505),
 .UNSPECIFIED.);
#160=B_SPLINE_CURVE_WITH_KNOTS('',3,(#17379,#17380,#17381,#17382,#17383),
 .UNSPECIFIED.,.F.,.F.,(4,1,4),(0.,0.0656172693112493,0.121798295383505),
 .UNSPECIFIED.);
#161=B_SPLINE_CURVE_WITH_KNOTS('',3,(#17395,#17396,#17397,#17398,#17399),
 .UNSPECIFIED.,.F.,.F.,(4,1,4),(0.,0.0547382374864573,0.118243494786668),
 .UNSPECIFIED.);
#162=B_SPLINE_CURVE_WITH_KNOTS('',3,(#17402,#17403,#17404,#17405,#17406),
 .UNSPECIFIED.,.F.,.F.,(4,1,4),(0.,0.0547382374864573,0.118243494786668),
 .UNSPECIFIED.);
#163=B_SPLINE_CURVE_WITH_KNOTS('',3,(#17418,#17419,#17420,#17421,#17422),
 .UNSPECIFIED.,.F.,.F.,(4,1,4),(0.,0.0578541531959232,0.110637712166987),
 .UNSPECIFIED.);
#164=B_SPLINE_CURVE_WITH_KNOTS('',3,(#17425,#17426,#17427,#17428,#17429),
 .UNSPECIFIED.,.F.,.F.,(4,1,4),(0.,0.0578541531959232,0.110637712166987),
 .UNSPECIFIED.);
#165=B_SPLINE_CURVE_WITH_KNOTS('',3,(#17441,#17442,#17443,#17444,#17445),
 .UNSPECIFIED.,.F.,.F.,(4,1,4),(0.,0.0413047548222113,0.0876882753340875),
 .UNSPECIFIED.);
#166=B_SPLINE_CURVE_WITH_KNOTS('',3,(#17448,#17449,#17450,#17451,#17452),
 .UNSPECIFIED.,.F.,.F.,(4,1,4),(0.,0.0413047548222113,0.0876882753340875),
 .UNSPECIFIED.);
#167=B_SPLINE_CURVE_WITH_KNOTS('',3,(#17464,#17465,#17466,#17467,#17468),
 .UNSPECIFIED.,.F.,.F.,(4,1,4),(0.,0.0430467896201033,0.0833031942477577),
 .UNSPECIFIED.);
#168=B_SPLINE_CURVE_WITH_KNOTS('',3,(#17471,#17472,#17473,#17474,#17475),
 .UNSPECIFIED.,.F.,.F.,(4,1,4),(0.,0.0430467896201033,0.0833031942477577),
 .UNSPECIFIED.);
#169=B_SPLINE_CURVE_WITH_KNOTS('',3,(#17492,#17493,#17494,#17495,#17496),
 .UNSPECIFIED.,.F.,.F.,(4,1,4),(0.,0.0251465105113564,0.0550735922515124),
 .UNSPECIFIED.);
#170=B_SPLINE_CURVE_WITH_KNOTS('',3,(#17497,#17498,#17499,#17500,#17501),
 .UNSPECIFIED.,.F.,.F.,(4,1,4),(0.,0.0251465105113564,0.0550735922515124),
 .UNSPECIFIED.);
#171=B_SPLINE_CURVE_WITH_KNOTS('',3,(#17515,#17516,#17517,#17518,#17519),
 .UNSPECIFIED.,.F.,.F.,(4,1,4),(0.,0.0415617074586327,0.0808375840805556),
 .UNSPECIFIED.);
#172=B_SPLINE_CURVE_WITH_KNOTS('',3,(#17523,#17524,#17525,#17526,#17527),
 .UNSPECIFIED.,.F.,.F.,(4,1,4),(0.,0.0415617074586327,0.0808375840805556),
 .UNSPECIFIED.);
#173=B_SPLINE_CURVE_WITH_KNOTS('',3,(#17540,#17541,#17542,#17543,#17544),
 .UNSPECIFIED.,.F.,.F.,(4,1,4),(0.,0.0355944326782507,0.0711731620534183),
 .UNSPECIFIED.);
#174=B_SPLINE_CURVE_WITH_KNOTS('',3,(#17547,#17548,#17549,#17550,#17551),
 .UNSPECIFIED.,.F.,.F.,(4,1,4),(0.,0.0355944326782507,0.0711731620534183),
 .UNSPECIFIED.);
#175=B_SPLINE_CURVE_WITH_KNOTS('',3,(#17563,#17564,#17565,#17566,#17567),
 .UNSPECIFIED.,.F.,.F.,(4,1,4),(0.,0.0382597531598934,0.0743362856200204),
 .UNSPECIFIED.);
#176=B_SPLINE_CURVE_WITH_KNOTS('',3,(#17570,#17571,#17572,#17573,#17574),
 .UNSPECIFIED.,.F.,.F.,(4,1,4),(0.,0.0382597531598934,0.0743362856200204),
 .UNSPECIFIED.);
#177=B_SPLINE_CURVE_WITH_KNOTS('',3,(#17586,#17587,#17588,#17589,#17590),
 .UNSPECIFIED.,.F.,.F.,(4,1,4),(0.,0.0479588357177352,0.0908132838195416),
 .UNSPECIFIED.);
#178=B_SPLINE_CURVE_WITH_KNOTS('',3,(#17593,#17594,#17595,#17596,#17597),
 .UNSPECIFIED.,.F.,.F.,(4,1,4),(0.,0.0479588357177352,0.0908132838195416),
 .UNSPECIFIED.);
#179=B_SPLINE_CURVE_WITH_KNOTS('',3,(#17609,#17610,#17611,#17612,#17613),
 .UNSPECIFIED.,.F.,.F.,(4,1,4),(0.,0.0388784989117073,0.0779542344355757),
 .UNSPECIFIED.);
#180=B_SPLINE_CURVE_WITH_KNOTS('',3,(#17616,#17617,#17618,#17619,#17620),
 .UNSPECIFIED.,.F.,.F.,(4,1,4),(0.,0.0388784989117073,0.0779542344355757),
 .UNSPECIFIED.);
#181=B_SPLINE_CURVE_WITH_KNOTS('',3,(#17632,#17633,#17634,#17635,#17636),
 .UNSPECIFIED.,.F.,.F.,(4,1,4),(0.,0.0368996006263914,0.074575363811351),
 .UNSPECIFIED.);
#182=B_SPLINE_CURVE_WITH_KNOTS('',3,(#17639,#17640,#17641,#17642,#17643),
 .UNSPECIFIED.,.F.,.F.,(4,1,4),(0.,0.0368996006263914,0.074575363811351),
 .UNSPECIFIED.);
#183=B_SPLINE_CURVE_WITH_KNOTS('',3,(#17655,#17656,#17657,#17658,#17659),
 .UNSPECIFIED.,.F.,.F.,(4,1,4),(0.,0.0427189925675938,0.0813162303414122),
 .UNSPECIFIED.);
#184=B_SPLINE_CURVE_WITH_KNOTS('',3,(#17662,#17663,#17664,#17665,#17666),
 .UNSPECIFIED.,.F.,.F.,(4,1,4),(0.,0.0427189925675938,0.0813162303414122),
 .UNSPECIFIED.);
#185=B_SPLINE_CURVE_WITH_KNOTS('',3,(#17678,#17679,#17680,#17681,#17682),
 .UNSPECIFIED.,.F.,.F.,(4,1,4),(0.,0.033403709236737,0.0704385066104962),
 .UNSPECIFIED.);
#186=B_SPLINE_CURVE_WITH_KNOTS('',3,(#17685,#17686,#17687,#17688,#17689),
 .UNSPECIFIED.,.F.,.F.,(4,1,4),(0.,0.033403709236737,0.0704385066104962),
 .UNSPECIFIED.);
#187=B_SPLINE_CURVE_WITH_KNOTS('',3,(#17701,#17702,#17703,#17704,#17705),
 .UNSPECIFIED.,.F.,.F.,(4,1,4),(0.,0.0413973108416675,0.0762196183867456),
 .UNSPECIFIED.);
#188=B_SPLINE_CURVE_WITH_KNOTS('',3,(#17708,#17709,#17710,#17711,#17712),
 .UNSPECIFIED.,.F.,.F.,(4,1,4),(0.,0.0413973108416675,0.0762196183867456),
 .UNSPECIFIED.);
#189=B_SPLINE_CURVE_WITH_KNOTS('',3,(#17730,#17731,#17732,#17733,#17734),
 .UNSPECIFIED.,.F.,.F.,(4,1,4),(0.,0.0505696769243811,0.104572963385388),
 .UNSPECIFIED.);
#190=B_SPLINE_CURVE_WITH_KNOTS('',3,(#17737,#17738,#17739,#17740,#17741),
 .UNSPECIFIED.,.F.,.F.,(4,1,4),(0.,0.0505696769243811,0.104572963385388),
 .UNSPECIFIED.);
#191=B_SPLINE_CURVE_WITH_KNOTS('',3,(#17753,#17754,#17755,#17756,#17757),
 .UNSPECIFIED.,.F.,.F.,(4,1,4),(0.,0.0557780573126079,0.106905648855387),
 .UNSPECIFIED.);
#192=B_SPLINE_CURVE_WITH_KNOTS('',3,(#17760,#17761,#17762,#17763,#17764),
 .UNSPECIFIED.,.F.,.F.,(4,1,4),(0.,0.0557780573126079,0.106905648855387),
 .UNSPECIFIED.);
#193=B_SPLINE_CURVE_WITH_KNOTS('',3,(#17776,#17777,#17778,#17779,#17780),
 .UNSPECIFIED.,.F.,.F.,(4,1,4),(0.,0.0498322236783571,0.100944389430573),
 .UNSPECIFIED.);
#194=B_SPLINE_CURVE_WITH_KNOTS('',3,(#17783,#17784,#17785,#17786,#17787),
 .UNSPECIFIED.,.F.,.F.,(4,1,4),(0.,0.0498322236783571,0.100944389430573),
 .UNSPECIFIED.);
#195=B_SPLINE_CURVE_WITH_KNOTS('',3,(#17799,#17800,#17801,#17802,#17803),
 .UNSPECIFIED.,.F.,.F.,(4,1,4),(0.,0.0502107001758653,0.0991752028632687),
 .UNSPECIFIED.);
#196=B_SPLINE_CURVE_WITH_KNOTS('',3,(#17806,#17807,#17808,#17809,#17810),
 .UNSPECIFIED.,.F.,.F.,(4,1,4),(0.,0.0502107001758653,0.0991752028632687),
 .UNSPECIFIED.);
#197=B_SPLINE_CURVE_WITH_KNOTS('',3,(#17822,#17823,#17824,#17825,#17826),
 .UNSPECIFIED.,.F.,.F.,(4,1,4),(0.,0.058758783165655,0.112219662567045),
 .UNSPECIFIED.);
#198=B_SPLINE_CURVE_WITH_KNOTS('',3,(#17829,#17830,#17831,#17832,#17833),
 .UNSPECIFIED.,.F.,.F.,(4,1,4),(0.,0.058758783165655,0.112219662567045),
 .UNSPECIFIED.);
#199=B_SPLINE_CURVE_WITH_KNOTS('',3,(#17845,#17846,#17847,#17848,#17849),
 .UNSPECIFIED.,.F.,.F.,(4,1,4),(0.,0.054118281973632,0.109823452061246),
 .UNSPECIFIED.);
#200=B_SPLINE_CURVE_WITH_KNOTS('',3,(#17852,#17853,#17854,#17855,#17856),
 .UNSPECIFIED.,.F.,.F.,(4,1,4),(0.,0.054118281973632,0.109823452061246),
 .UNSPECIFIED.);
#201=B_SPLINE_CURVE_WITH_KNOTS('',3,(#17868,#17869,#17870,#17871,#17872),
 .UNSPECIFIED.,.F.,.F.,(4,1,4),(0.,0.0480965880039037,0.0992898373312829),
 .UNSPECIFIED.);
#202=B_SPLINE_CURVE_WITH_KNOTS('',3,(#17875,#17876,#17877,#17878,#17879),
 .UNSPECIFIED.,.F.,.F.,(4,1,4),(0.,0.0480965880039037,0.0992898373312829),
 .UNSPECIFIED.);
#203=B_SPLINE_CURVE_WITH_KNOTS('',3,(#17891,#17892,#17893,#17894,#17895),
 .UNSPECIFIED.,.F.,.F.,(4,1,4),(0.,0.0590274129047357,0.109652135639189),
 .UNSPECIFIED.);
#204=B_SPLINE_CURVE_WITH_KNOTS('',3,(#17898,#17899,#17900,#17901,#17902),
 .UNSPECIFIED.,.F.,.F.,(4,1,4),(0.,0.0590274129047357,0.109652135639189),
 .UNSPECIFIED.);
#205=B_SPLINE_CURVE_WITH_KNOTS('',3,(#17914,#17915,#17916,#17917,#17918),
 .UNSPECIFIED.,.F.,.F.,(4,1,4),(0.,0.054349562849584,0.112616647275695),
 .UNSPECIFIED.);
#206=B_SPLINE_CURVE_WITH_KNOTS('',3,(#17921,#17922,#17923,#17924,#17925),
 .UNSPECIFIED.,.F.,.F.,(4,1,4),(0.,0.054349562849584,0.112616647275695),
 .UNSPECIFIED.);
#207=B_SPLINE_CURVE_WITH_KNOTS('',3,(#17937,#17938,#17939,#17940,#17941),
 .UNSPECIFIED.,.F.,.F.,(4,1,4),(0.,0.0620554490898239,0.117895610219015),
 .UNSPECIFIED.);
#208=B_SPLINE_CURVE_WITH_KNOTS('',3,(#17944,#17945,#17946,#17947,#17948),
 .UNSPECIFIED.,.F.,.F.,(4,1,4),(0.,0.0620554490898239,0.117895610219015),
 .UNSPECIFIED.);
#209=B_SPLINE_CURVE_WITH_KNOTS('',3,(#17965,#17966,#17967,#17968,#17969),
 .UNSPECIFIED.,.F.,.F.,(4,1,4),(0.,0.0410258950470765,0.088062611677254),
 .UNSPECIFIED.);
#210=B_SPLINE_CURVE_WITH_KNOTS('',3,(#17970,#17971,#17972,#17973,#17974),
 .UNSPECIFIED.,.F.,.F.,(4,1,4),(0.,0.0410258950470765,0.088062611677254),
 .UNSPECIFIED.);
#211=B_SPLINE_CURVE_WITH_KNOTS('',3,(#17996,#17997,#17998,#17999,#18000),
 .UNSPECIFIED.,.F.,.F.,(4,1,4),(0.,0.0334819684174453,0.0805495413486383),
 .UNSPECIFIED.);
#212=B_SPLINE_CURVE_WITH_KNOTS('',3,(#18003,#18004,#18005,#18006,#18007),
 .UNSPECIFIED.,.F.,.F.,(4,1,4),(0.,0.0334819684174453,0.0805495413486383),
 .UNSPECIFIED.);
#213=B_SPLINE_CURVE_WITH_KNOTS('',3,(#18019,#18020,#18021,#18022,#18023),
 .UNSPECIFIED.,.F.,.F.,(4,1,4),(0.,0.0296839046315884,0.0588364720703033),
 .UNSPECIFIED.);
#214=B_SPLINE_CURVE_WITH_KNOTS('',3,(#18026,#18027,#18028,#18029,#18030),
 .UNSPECIFIED.,.F.,.F.,(4,1,4),(0.,0.0296839046315884,0.0588364720703033),
 .UNSPECIFIED.);
#215=B_SPLINE_CURVE_WITH_KNOTS('',3,(#18042,#18043,#18044,#18045,#18046),
 .UNSPECIFIED.,.F.,.F.,(4,1,4),(0.,0.0171432049194893,0.0356300535217357),
 .UNSPECIFIED.);
#216=B_SPLINE_CURVE_WITH_KNOTS('',3,(#18049,#18050,#18051,#18052,#18053),
 .UNSPECIFIED.,.F.,.F.,(4,1,4),(0.,0.0171432049194893,0.0356300535217357),
 .UNSPECIFIED.);
#217=B_SPLINE_CURVE_WITH_KNOTS('',3,(#18065,#18066,#18067,#18068,#18069),
 .UNSPECIFIED.,.F.,.F.,(4,1,4),(0.,0.0156291848751923,0.0318130650868585),
 .UNSPECIFIED.);
#218=B_SPLINE_CURVE_WITH_KNOTS('',3,(#18072,#18073,#18074,#18075,#18076),
 .UNSPECIFIED.,.F.,.F.,(4,1,4),(0.,0.0156291848751923,0.0318130650868585),
 .UNSPECIFIED.);
#219=B_SPLINE_CURVE_WITH_KNOTS('',3,(#18088,#18089,#18090,#18091,#18092),
 .UNSPECIFIED.,.F.,.F.,(4,1,4),(0.,0.0262328452893798,0.0452779532321977),
 .UNSPECIFIED.);
#220=B_SPLINE_CURVE_WITH_KNOTS('',3,(#18095,#18096,#18097,#18098,#18099),
 .UNSPECIFIED.,.F.,.F.,(4,1,4),(0.,0.0262328452893798,0.0452779532321977),
 .UNSPECIFIED.);
#221=B_SPLINE_CURVE_WITH_KNOTS('',3,(#18129,#18130,#18131,#18132,#18133),
 .UNSPECIFIED.,.F.,.F.,(4,1,4),(0.,0.0188698349851698,0.0478683061364241),
 .UNSPECIFIED.);
#222=B_SPLINE_CURVE_WITH_KNOTS('',3,(#18136,#18137,#18138,#18139,#18140),
 .UNSPECIFIED.,.F.,.F.,(4,1,4),(0.,0.0188698349851698,0.0478683061364241),
 .UNSPECIFIED.);
#223=B_SPLINE_CURVE_WITH_KNOTS('',3,(#18152,#18153,#18154,#18155,#18156),
 .UNSPECIFIED.,.F.,.F.,(4,1,4),(0.,0.0191143591894531,0.0395910356053392),
 .UNSPECIFIED.);
#224=B_SPLINE_CURVE_WITH_KNOTS('',3,(#18159,#18160,#18161,#18162,#18163),
 .UNSPECIFIED.,.F.,.F.,(4,1,4),(0.,0.0191143591894531,0.0395910356053392),
 .UNSPECIFIED.);
#225=B_SPLINE_CURVE_WITH_KNOTS('',3,(#18175,#18176,#18177,#18178,#18179),
 .UNSPECIFIED.,.F.,.F.,(4,1,4),(0.,0.0221090976520702,0.0415473262360536),
 .UNSPECIFIED.);
#226=B_SPLINE_CURVE_WITH_KNOTS('',3,(#18182,#18183,#18184,#18185,#18186),
 .UNSPECIFIED.,.F.,.F.,(4,1,4),(0.,0.0221090976520702,0.0415473262360536),
 .UNSPECIFIED.);
#227=B_SPLINE_CURVE_WITH_KNOTS('',3,(#18198,#18199,#18200,#18201,#18202),
 .UNSPECIFIED.,.F.,.F.,(4,1,4),(0.,0.0252156546881534,0.049228127908869),
 .UNSPECIFIED.);
#228=B_SPLINE_CURVE_WITH_KNOTS('',3,(#18205,#18206,#18207,#18208,#18209),
 .UNSPECIFIED.,.F.,.F.,(4,1,4),(0.,0.0252156546881534,0.049228127908869),
 .UNSPECIFIED.);
#229=B_SPLINE_CURVE_WITH_KNOTS('',3,(#18221,#18222,#18223,#18224,#18225),
 .UNSPECIFIED.,.F.,.F.,(4,1,4),(0.,0.0529610136310529,0.10748965522943),
 .UNSPECIFIED.);
#230=B_SPLINE_CURVE_WITH_KNOTS('',3,(#18228,#18229,#18230,#18231,#18232),
 .UNSPECIFIED.,.F.,.F.,(4,1,4),(0.,0.0529610136310529,0.10748965522943),
 .UNSPECIFIED.);
#231=B_SPLINE_SURFACE_WITH_KNOTS('',3,1,((#15468,#15469),(#15470,#15471),
(#15472,#15473),(#15474,#15475),(#15476,#15477)),.UNSPECIFIED.,.F.,.F.,
 .F.,(4,1,4),(2,2),(0.,0.024783367356944,0.0575893985969346),(0.,0.02),
 .UNSPECIFIED.);
#232=B_SPLINE_SURFACE_WITH_KNOTS('',3,1,((#15491,#15492),(#15493,#15494),
(#15495,#15496),(#15497,#15498),(#15499,#15500)),.UNSPECIFIED.,.F.,.F.,
 .F.,(4,1,4),(2,2),(0.,0.0212855273504068,0.0417481160426028),(0.,0.02),
 .UNSPECIFIED.);
#233=B_SPLINE_SURFACE_WITH_KNOTS('',3,1,((#15514,#15515),(#15516,#15517),
(#15518,#15519),(#15520,#15521),(#15522,#15523)),.UNSPECIFIED.,.F.,.F.,
 .F.,(4,1,4),(2,2),(0.,0.021600658432843,0.0433395840805053),(0.,0.02),
 .UNSPECIFIED.);
#234=B_SPLINE_SURFACE_WITH_KNOTS('',3,1,((#15537,#15538),(#15539,#15540),
(#15541,#15542),(#15543,#15544),(#15545,#15546)),.UNSPECIFIED.,.F.,.F.,
 .F.,(4,1,4),(2,2),(0.,0.0186703652719748,0.0391800897039692),(0.,0.02),
 .UNSPECIFIED.);
#235=B_SPLINE_SURFACE_WITH_KNOTS('',3,1,((#15560,#15561),(#15562,#15563),
(#15564,#15565),(#15566,#15567),(#15568,#15569)),.UNSPECIFIED.,.F.,.F.,
 .F.,(4,1,4),(2,2),(0.,0.0187742785399903,0.0369194073163665),(0.,0.02),
 .UNSPECIFIED.);
#236=B_SPLINE_SURFACE_WITH_KNOTS('',3,1,((#15583,#15584),(#15585,#15586),
(#15587,#15588),(#15589,#15590),(#15591,#15592)),.UNSPECIFIED.,.F.,.F.,
 .F.,(4,1,4),(2,2),(0.,0.0322052041598254,0.0519790229564301),(0.,0.02),
 .UNSPECIFIED.);
#237=B_SPLINE_SURFACE_WITH_KNOTS('',3,1,((#15624,#15625),(#15626,#15627),
(#15628,#15629),(#15630,#15631),(#15632,#15633)),.UNSPECIFIED.,.F.,.F.,
 .F.,(4,1,4),(2,2),(0.,0.0188253848214517,0.0459844752508249),(0.,0.02),
 .UNSPECIFIED.);
#238=B_SPLINE_SURFACE_WITH_KNOTS('',3,1,((#15647,#15648),(#15649,#15650),
(#15651,#15652),(#15653,#15654),(#15655,#15656)),.UNSPECIFIED.,.F.,.F.,
 .F.,(4,1,4),(2,2),(0.,0.018955894817517,0.0397393298891183),(0.,0.02),
 .UNSPECIFIED.);
#239=B_SPLINE_SURFACE_WITH_KNOTS('',3,1,((#15670,#15671),(#15672,#15673),
(#15674,#15675),(#15676,#15677),(#15678,#15679)),.UNSPECIFIED.,.F.,.F.,
 .F.,(4,1,4),(2,2),(0.,0.0222433391574183,0.0414891668416087),(0.,0.02),
 .UNSPECIFIED.);
#240=B_SPLINE_SURFACE_WITH_KNOTS('',3,1,((#15693,#15694),(#15695,#15696),
(#15697,#15698),(#15699,#15700),(#15701,#15702)),.UNSPECIFIED.,.F.,.F.,
 .F.,(4,1,4),(2,2),(0.,0.0249505847080339,0.049284888271376),(0.,0.02),
 .UNSPECIFIED.);
#241=B_SPLINE_SURFACE_WITH_KNOTS('',3,1,((#15716,#15717),(#15718,#15719),
(#15720,#15721),(#15722,#15723),(#15724,#15725)),.UNSPECIFIED.,.F.,.F.,
 .F.,(4,1,4),(2,2),(0.,0.054306344519817,0.107781419527333),(0.,0.02),
 .UNSPECIFIED.);
#242=B_SPLINE_SURFACE_WITH_KNOTS('',3,1,((#15783,#15784),(#15785,#15786),
(#15787,#15788),(#15789,#15790),(#15791,#15792)),.UNSPECIFIED.,.F.,.F.,
 .F.,(4,1,4),(2,2),(0.,0.0334820197834104,0.0805495335427558),(0.,0.02),
 .UNSPECIFIED.);
#243=B_SPLINE_SURFACE_WITH_KNOTS('',3,1,((#15806,#15807),(#15808,#15809),
(#15810,#15811),(#15812,#15813),(#15814,#15815)),.UNSPECIFIED.,.F.,.F.,
 .F.,(4,1,4),(2,2),(0.,0.0296839046315884,0.0588364720703033),(0.,0.02),
 .UNSPECIFIED.);
#244=B_SPLINE_SURFACE_WITH_KNOTS('',3,1,((#15829,#15830),(#15831,#15832),
(#15833,#15834),(#15835,#15836),(#15837,#15838)),.UNSPECIFIED.,.F.,.F.,
 .F.,(4,1,4),(2,2),(0.,0.01714319317977,0.0356300417820164),(0.,0.02),
 .UNSPECIFIED.);
#245=B_SPLINE_SURFACE_WITH_KNOTS('',3,1,((#15852,#15853),(#15854,#15855),
(#15856,#15857),(#15858,#15859),(#15860,#15861)),.UNSPECIFIED.,.F.,.F.,
 .F.,(4,1,4),(2,2),(0.,0.0156291848751923,0.0318130840543771),(0.,0.02),
 .UNSPECIFIED.);
#246=B_SPLINE_SURFACE_WITH_KNOTS('',3,1,((#15875,#15876),(#15877,#15878),
(#15879,#15880),(#15881,#15882),(#15883,#15884)),.UNSPECIFIED.,.F.,.F.,
 .F.,(4,1,4),(2,2),(0.,0.0262328750472398,0.0452779829900577),(0.,0.02),
 .UNSPECIFIED.);
#247=B_SPLINE_SURFACE_WITH_KNOTS('',3,1,((#15916,#15917),(#15918,#15919),
(#15920,#15921),(#15922,#15923),(#15924,#15925)),.UNSPECIFIED.,.F.,.F.,
 .F.,(4,1,4),(2,2),(0.,0.0188698349851698,0.0478683061364241),(0.,0.02),
 .UNSPECIFIED.);
#248=B_SPLINE_SURFACE_WITH_KNOTS('',3,1,((#15939,#15940),(#15941,#15942),
(#15943,#15944),(#15945,#15946),(#15947,#15948)),.UNSPECIFIED.,.F.,.F.,
 .F.,(4,1,4),(2,2),(0.,0.0191143852463691,0.0395910616622552),(0.,0.02),
 .UNSPECIFIED.);
#249=B_SPLINE_SURFACE_WITH_KNOTS('',3,1,((#15962,#15963),(#15964,#15965),
(#15966,#15967),(#15968,#15969),(#15970,#15971)),.UNSPECIFIED.,.F.,.F.,
 .F.,(4,1,4),(2,2),(0.,0.0221090831242118,0.0415473117081952),(0.,0.02),
 .UNSPECIFIED.);
#250=B_SPLINE_SURFACE_WITH_KNOTS('',3,1,((#15985,#15986),(#15987,#15988),
(#15989,#15990),(#15991,#15992),(#15993,#15994)),.UNSPECIFIED.,.F.,.F.,
 .F.,(4,1,4),(2,2),(0.,0.025215650455612,0.0492281370103472),(0.,0.02),
 .UNSPECIFIED.);
#251=B_SPLINE_SURFACE_WITH_KNOTS('',3,1,((#16008,#16009),(#16010,#16011),
(#16012,#16013),(#16014,#16015),(#16016,#16017)),.UNSPECIFIED.,.F.,.F.,
 .F.,(4,1,4),(2,2),(0.,0.0529610035550295,0.107489648415525),(0.,0.02),
 .UNSPECIFIED.);
#252=B_SPLINE_SURFACE_WITH_KNOTS('',3,1,((#16053,#16054),(#16055,#16056),
(#16057,#16058),(#16059,#16060),(#16061,#16062)),.UNSPECIFIED.,.F.,.F.,
 .F.,(4,1,4),(2,2),(0.,0.0214380815765219,0.0500195738265483),(0.,0.02),
 .UNSPECIFIED.);
#253=B_SPLINE_SURFACE_WITH_KNOTS('',3,1,((#16079,#16080),(#16081,#16082),
(#16083,#16084),(#16085,#16086),(#16087,#16088)),.UNSPECIFIED.,.F.,.F.,
 .F.,(4,1,4),(2,2),(0.,0.0242179392985011,0.0476611138758454),(0.,0.02),
 .UNSPECIFIED.);
#254=B_SPLINE_SURFACE_WITH_KNOTS('',3,1,((#16102,#16103),(#16104,#16105),
(#16106,#16107),(#16108,#16109),(#16110,#16111)),.UNSPECIFIED.,.F.,.F.,
 .F.,(4,1,4),(2,2),(0.,0.0269828327999049,0.0523809064308374),(0.,0.02),
 .UNSPECIFIED.);
#255=B_SPLINE_SURFACE_WITH_KNOTS('',3,1,((#16125,#16126),(#16127,#16128),
(#16129,#16130),(#16131,#16132),(#16133,#16134)),.UNSPECIFIED.,.F.,.F.,
 .F.,(4,1,4),(2,2),(0.,0.0208730417140453,0.0463234059424203),(0.,0.02),
 .UNSPECIFIED.);
#256=B_SPLINE_SURFACE_WITH_KNOTS('',3,1,((#16148,#16149),(#16150,#16151),
(#16152,#16153),(#16154,#16155),(#16156,#16157)),.UNSPECIFIED.,.F.,.F.,
 .F.,(4,1,4),(2,2),(0.,0.0183810245959774,0.0367984783618504),(0.,0.02),
 .UNSPECIFIED.);
#257=B_SPLINE_SURFACE_WITH_KNOTS('',3,1,((#16171,#16172),(#16173,#16174),
(#16175,#16176),(#16177,#16178),(#16179,#16180)),.UNSPECIFIED.,.F.,.F.,
 .F.,(4,1,4),(2,2),(0.,0.0121154313089734,0.024444039256053),(0.,0.02),
 .UNSPECIFIED.);
#258=B_SPLINE_SURFACE_WITH_KNOTS('',3,1,((#16194,#16195),(#16196,#16197),
(#16198,#16199),(#16200,#16201),(#16202,#16203)),.UNSPECIFIED.,.F.,.F.,
 .F.,(4,1,4),(2,2),(0.,0.0130087882659192,0.0254770336347186),(0.,0.02),
 .UNSPECIFIED.);
#259=B_SPLINE_SURFACE_WITH_KNOTS('',3,1,((#16217,#16218),(#16219,#16220),
(#16221,#16222),(#16223,#16224),(#16225,#16226)),.UNSPECIFIED.,.F.,.F.,
 .F.,(4,1,4),(2,2),(0.,0.0262654985723071,0.044023984659863),(0.,0.02),
 .UNSPECIFIED.);
#260=B_SPLINE_SURFACE_WITH_KNOTS('',3,1,((#16240,#16241),(#16242,#16243),
(#16244,#16245),(#16246,#16247),(#16248,#16249)),.UNSPECIFIED.,.F.,.F.,
 .F.,(4,1,4),(2,2),(0.,0.0349157223225691,0.0824679802230752),(0.,0.02),
 .UNSPECIFIED.);
#261=B_SPLINE_SURFACE_WITH_KNOTS('',3,1,((#16275,#16276),(#16277,#16278),
(#16279,#16280),(#16281,#16282),(#16283,#16284)),.UNSPECIFIED.,.F.,.F.,
 .F.,(4,1,4),(2,2),(0.,0.0183010076591476,0.0369814900558673),(0.,0.02),
 .UNSPECIFIED.);
#262=B_SPLINE_SURFACE_WITH_KNOTS('',3,1,((#16298,#16299),(#16300,#16301),
(#16302,#16303),(#16304,#16305),(#16306,#16307)),.UNSPECIFIED.,.F.,.F.,
 .F.,(4,1,4),(2,2),(0.,0.0559395506174871,0.0868538153682338),(0.,0.02),
 .UNSPECIFIED.);
#263=B_SPLINE_SURFACE_WITH_KNOTS('',3,1,((#16327,#16328),(#16329,#16330),
(#16331,#16332),(#16333,#16334),(#16335,#16336)),.UNSPECIFIED.,.F.,.F.,
 .F.,(4,1,4),(2,2),(0.,0.017695038819937,0.0453962468666059),(0.,0.02),
 .UNSPECIFIED.);
#264=B_SPLINE_SURFACE_WITH_KNOTS('',3,1,((#16350,#16351),(#16352,#16353),
(#16354,#16355),(#16356,#16357),(#16358,#16359)),.UNSPECIFIED.,.F.,.F.,
 .F.,(4,1,4),(2,2),(0.,0.0175268771387675,0.0368978442172899),(0.,0.02),
 .UNSPECIFIED.);
#265=B_SPLINE_SURFACE_WITH_KNOTS('',3,1,((#16373,#16374),(#16375,#16376),
(#16377,#16378),(#16379,#16380),(#16381,#16382)),.UNSPECIFIED.,.F.,.F.,
 .F.,(4,1,4),(2,2),(0.,0.0224221928309154,0.0409863474474436),(0.,0.02),
 .UNSPECIFIED.);
#266=B_SPLINE_SURFACE_WITH_KNOTS('',3,1,((#16396,#16397),(#16398,#16399),
(#16400,#16401),(#16402,#16403),(#16404,#16405)),.UNSPECIFIED.,.F.,.F.,
 .F.,(4,1,4),(2,2),(0.,0.0336997078729892,0.0611630173404577),(0.,0.02),
 .UNSPECIFIED.);
#267=B_SPLINE_SURFACE_WITH_KNOTS('',3,1,((#16419,#16420),(#16421,#16422),
(#16423,#16424),(#16425,#16426),(#16427,#16428)),.UNSPECIFIED.,.F.,.F.,
 .F.,(4,1,4),(2,2),(0.,0.031599261279197,0.0668244279968161),(0.,0.02),
 .UNSPECIFIED.);
#268=B_SPLINE_SURFACE_WITH_KNOTS('',3,1,((#16442,#16443),(#16444,#16445),
(#16446,#16447),(#16448,#16449),(#16450,#16451)),.UNSPECIFIED.,.F.,.F.,
 .F.,(4,1,4),(2,2),(0.,0.0249111657428554,0.0528243808813189),(0.,0.02),
 .UNSPECIFIED.);
#269=B_SPLINE_SURFACE_WITH_KNOTS('',3,1,((#16465,#16466),(#16467,#16468),
(#16469,#16470),(#16471,#16472),(#16473,#16474)),.UNSPECIFIED.,.F.,.F.,
 .F.,(4,1,4),(2,2),(0.,0.0291479420906738,0.054499009467346),(0.,0.02),
 .UNSPECIFIED.);
#270=B_SPLINE_SURFACE_WITH_KNOTS('',3,1,((#16494,#16495),(#16496,#16497),
(#16498,#16499),(#16500,#16501),(#16502,#16503)),.UNSPECIFIED.,.F.,.F.,
 .F.,(4,1,4),(2,2),(0.,0.0219668478893245,0.0499505815972015),(0.,0.02),
 .UNSPECIFIED.);
#271=B_SPLINE_SURFACE_WITH_KNOTS('',3,1,((#16517,#16518),(#16519,#16520),
(#16521,#16522),(#16523,#16524),(#16525,#16526)),.UNSPECIFIED.,.F.,.F.,
 .F.,(4,1,4),(2,2),(0.,0.0303059101301422,0.0533700962879618),(0.,0.02),
 .UNSPECIFIED.);
#272=B_SPLINE_SURFACE_WITH_KNOTS('',3,1,((#16540,#16541),(#16542,#16543),
(#16544,#16545),(#16546,#16547),(#16548,#16549)),.UNSPECIFIED.,.F.,.F.,
 .F.,(4,1,4),(2,2),(0.,0.0265187098242649,0.0593211525326363),(0.,0.02),
 .UNSPECIFIED.);
#273=B_SPLINE_SURFACE_WITH_KNOTS('',3,1,((#16563,#16564),(#16565,#16566),
(#16567,#16568),(#16569,#16570),(#16571,#16572)),.UNSPECIFIED.,.F.,.F.,
 .F.,(4,1,4),(2,2),(0.,0.0258152764123383,0.0455185504601841),(0.,0.02),
 .UNSPECIFIED.);
#274=B_SPLINE_SURFACE_WITH_KNOTS('',3,1,((#16586,#16587),(#16588,#16589),
(#16590,#16591),(#16592,#16593),(#16594,#16595)),.UNSPECIFIED.,.F.,.F.,
 .F.,(4,1,4),(2,2),(0.,0.00825628776884585,0.0128270421610497),(0.,0.02),
 .UNSPECIFIED.);
#275=B_SPLINE_SURFACE_WITH_KNOTS('',3,1,((#16609,#16610),(#16611,#16612),
(#16613,#16614),(#16615,#16616),(#16617,#16618)),.UNSPECIFIED.,.F.,.F.,
 .F.,(4,1,4),(2,2),(0.,0.052219302164349,0.0893114611602275),(0.,0.02),
 .UNSPECIFIED.);
#276=B_SPLINE_SURFACE_WITH_KNOTS('',3,1,((#16632,#16633),(#16634,#16635),
(#16636,#16637),(#16638,#16639),(#16640,#16641)),.UNSPECIFIED.,.F.,.F.,
 .F.,(4,1,4),(2,2),(0.,0.0185285273428258,0.04429491828703),(0.,0.02),
 .UNSPECIFIED.);
#277=B_SPLINE_SURFACE_WITH_KNOTS('',3,1,((#16655,#16656),(#16657,#16658),
(#16659,#16660),(#16661,#16662),(#16663,#16664)),.UNSPECIFIED.,.F.,.F.,
 .F.,(4,1,4),(2,2),(0.,0.0192071160588506,0.03907993228078),(0.,0.02),
 .UNSPECIFIED.);
#278=B_SPLINE_SURFACE_WITH_KNOTS('',3,1,((#16678,#16679),(#16680,#16681),
(#16682,#16683),(#16684,#16685),(#16686,#16687)),.UNSPECIFIED.,.F.,.F.,
 .F.,(4,1,4),(2,2),(0.,0.0195309986189807,0.038332575013614),(0.,0.02),
 .UNSPECIFIED.);
#279=B_SPLINE_SURFACE_WITH_KNOTS('',3,1,((#16701,#16702),(#16703,#16704),
(#16705,#16706),(#16707,#16708),(#16709,#16710)),.UNSPECIFIED.,.F.,.F.,
 .F.,(4,1,4),(2,2),(0.,0.0204671066175491,0.0402282424343497),(0.,0.02),
 .UNSPECIFIED.);
#280=B_SPLINE_SURFACE_WITH_KNOTS('',3,1,((#16724,#16725),(#16726,#16727),
(#16728,#16729),(#16730,#16731),(#16732,#16733)),.UNSPECIFIED.,.F.,.F.,
 .F.,(4,1,4),(2,2),(0.,0.0328842735950209,0.0665831495933769),(0.,0.02),
 .UNSPECIFIED.);
#281=B_SPLINE_SURFACE_WITH_KNOTS('',3,1,((#16747,#16748),(#16749,#16750),
(#16751,#16752),(#16753,#16754),(#16755,#16756)),.UNSPECIFIED.,.F.,.F.,
 .F.,(4,1,4),(2,2),(0.,0.0426200446754038,0.0783178032537605),(0.,0.02),
 .UNSPECIFIED.);
#282=B_SPLINE_SURFACE_WITH_KNOTS('',3,1,((#16770,#16771),(#16772,#16773),
(#16774,#16775),(#16776,#16777),(#16778,#16779)),.UNSPECIFIED.,.F.,.F.,
 .F.,(4,1,4),(2,2),(0.,0.0270237886081428,0.0550927229694672),(0.,0.02),
 .UNSPECIFIED.);
#283=B_SPLINE_SURFACE_WITH_KNOTS('',3,1,((#16793,#16794),(#16795,#16796),
(#16797,#16798),(#16799,#16800),(#16801,#16802)),.UNSPECIFIED.,.F.,.F.,
 .F.,(4,1,4),(2,2),(0.,0.0333161664474908,0.0622354983646461),(0.,0.02),
 .UNSPECIFIED.);
#284=B_SPLINE_SURFACE_WITH_KNOTS('',3,1,((#16816,#16817),(#16818,#16819),
(#16820,#16821),(#16822,#16823),(#16824,#16825)),.UNSPECIFIED.,.F.,.F.,
 .F.,(4,1,4),(2,2),(0.,0.0177238391177577,0.0372171373785873),(0.,0.02),
 .UNSPECIFIED.);
#285=B_SPLINE_SURFACE_WITH_KNOTS('',3,1,((#16846,#16847),(#16848,#16849),
(#16850,#16851),(#16852,#16853),(#16854,#16855)),.UNSPECIFIED.,.F.,.F.,
 .F.,(4,1,4),(2,2),(0.,0.0238592681496261,0.0543509404545013),(0.,0.02),
 .UNSPECIFIED.);
#286=B_SPLINE_SURFACE_WITH_KNOTS('',3,1,((#16869,#16870),(#16871,#16872),
(#16873,#16874),(#16875,#16876),(#16877,#16878)),.UNSPECIFIED.,.F.,.F.,
 .F.,(4,1,4),(2,2),(0.,0.0210507081154076,0.0415277416078543),(0.,0.02),
 .UNSPECIFIED.);
#287=B_SPLINE_SURFACE_WITH_KNOTS('',3,1,((#16892,#16893),(#16894,#16895),
(#16896,#16897),(#16898,#16899),(#16900,#16901)),.UNSPECIFIED.,.F.,.F.,
 .F.,(4,1,4),(2,2),(0.,0.0214067599718524,0.0431627992578145),(0.,0.02),
 .UNSPECIFIED.);
#288=B_SPLINE_SURFACE_WITH_KNOTS('',3,1,((#16915,#16916),(#16917,#16918),
(#16919,#16920),(#16921,#16922),(#16923,#16924)),.UNSPECIFIED.,.F.,.F.,
 .F.,(4,1,4),(2,2),(0.,0.0229865093873588,0.0491828279206142),(0.,0.02),
 .UNSPECIFIED.);
#289=B_SPLINE_SURFACE_WITH_KNOTS('',3,1,((#16938,#16939),(#16940,#16941),
(#16942,#16943),(#16944,#16945),(#16946,#16947)),.UNSPECIFIED.,.F.,.F.,
 .F.,(4,1,4),(2,2),(0.,0.0320409779565557,0.0568663786639975),(0.,0.02),
 .UNSPECIFIED.);
#290=B_SPLINE_SURFACE_WITH_KNOTS('',3,1,((#16979,#16980),(#16981,#16982),
(#16983,#16984),(#16985,#16986),(#16987,#16988)),.UNSPECIFIED.,.F.,.F.,
 .F.,(4,1,4),(2,2),(0.,0.028502820136212,0.0661093290557886),(0.,0.02),
 .UNSPECIFIED.);
#291=B_SPLINE_SURFACE_WITH_KNOTS('',3,1,((#17002,#17003),(#17004,#17005),
(#17006,#17007),(#17008,#17009),(#17010,#17011)),.UNSPECIFIED.,.F.,.F.,
 .F.,(4,1,4),(2,2),(0.,0.0252667497167914,0.0493322842687443),(0.,0.02),
 .UNSPECIFIED.);
#292=B_SPLINE_SURFACE_WITH_KNOTS('',3,1,((#17025,#17026),(#17027,#17028),
(#17029,#17030),(#17031,#17032),(#17033,#17034)),.UNSPECIFIED.,.F.,.F.,
 .F.,(4,1,4),(2,2),(0.,0.0302521628038303,0.0578359957916976),(0.,0.02),
 .UNSPECIFIED.);
#293=B_SPLINE_SURFACE_WITH_KNOTS('',3,1,((#17048,#17049),(#17050,#17051),
(#17052,#17053),(#17054,#17055),(#17056,#17057)),.UNSPECIFIED.,.F.,.F.,
 .F.,(4,1,4),(2,2),(0.,0.0490347242879582,0.0979448148351126),(0.,0.02),
 .UNSPECIFIED.);
#294=B_SPLINE_SURFACE_WITH_KNOTS('',3,1,((#17093,#17094),(#17095,#17096),
(#17097,#17098),(#17099,#17100),(#17101,#17102)),.UNSPECIFIED.,.F.,.F.,
 .F.,(4,1,4),(2,2),(0.,0.0316831924874596,0.0626161723992333),(0.,0.02),
 .UNSPECIFIED.);
#295=B_SPLINE_SURFACE_WITH_KNOTS('',3,1,((#17119,#17120),(#17121,#17122),
(#17123,#17124),(#17125,#17126),(#17127,#17128)),.UNSPECIFIED.,.F.,.F.,
 .F.,(4,1,4),(2,2),(0.,0.0343354166805893,0.0689715200385712),(0.,0.02),
 .UNSPECIFIED.);
#296=B_SPLINE_SURFACE_WITH_KNOTS('',3,1,((#17142,#17143),(#17144,#17145),
(#17146,#17147),(#17148,#17149),(#17150,#17151)),.UNSPECIFIED.,.F.,.F.,
 .F.,(4,1,4),(2,2),(0.,0.0326014771127385,0.0585425349300215),(0.,0.02),
 .UNSPECIFIED.);
#297=B_SPLINE_SURFACE_WITH_KNOTS('',3,1,((#17171,#17172),(#17173,#17174),
(#17175,#17176),(#17177,#17178),(#17179,#17180)),.UNSPECIFIED.,.F.,.F.,
 .F.,(4,1,4),(2,2),(0.,0.0318974069599225,0.0668341855048987),(0.,0.02),
 .UNSPECIFIED.);
#298=B_SPLINE_SURFACE_WITH_KNOTS('',3,1,((#17191,#17192),(#17193,#17194),
(#17195,#17196),(#17197,#17198),(#17199,#17200)),.UNSPECIFIED.,.F.,.F.,
 .F.,(4,1,4),(2,2),(0.,0.0252841722921035,0.048895761360288),(0.,0.02),
 .UNSPECIFIED.);
#299=B_SPLINE_SURFACE_WITH_KNOTS('',3,1,((#17217,#17218),(#17219,#17220),
(#17221,#17222),(#17223,#17224),(#17225,#17226)),.UNSPECIFIED.,.F.,.F.,
 .F.,(4,1,4),(2,2),(0.,0.0332667142208788,0.0671536364631789),(0.,0.02),
 .UNSPECIFIED.);
#300=B_SPLINE_SURFACE_WITH_KNOTS('',3,1,((#17240,#17241),(#17242,#17243),
(#17244,#17245),(#17246,#17247),(#17248,#17249)),.UNSPECIFIED.,.F.,.F.,
 .F.,(4,1,4),(2,2),(0.,0.0429299710684796,0.0792076612118266),(0.,0.02),
 .UNSPECIFIED.);
#301=B_SPLINE_SURFACE_WITH_KNOTS('',3,1,((#17269,#17270),(#17271,#17272),
(#17273,#17274),(#17275,#17276),(#17277,#17278)),.UNSPECIFIED.,.F.,.F.,
 .F.,(4,1,4),(2,2),(0.,0.00545746964608266,0.0131000363715094),(0.,0.02),
 .UNSPECIFIED.);
#302=B_SPLINE_SURFACE_WITH_KNOTS('',3,1,((#17292,#17293),(#17294,#17295),
(#17296,#17297),(#17298,#17299),(#17300,#17301)),.UNSPECIFIED.,.F.,.F.,
 .F.,(4,1,4),(2,2),(0.,0.055046912250524,0.119419786387685),(0.,0.02),
 .UNSPECIFIED.);
#303=B_SPLINE_SURFACE_WITH_KNOTS('',3,1,((#17315,#17316),(#17317,#17318),
(#17319,#17320),(#17321,#17322),(#17323,#17324)),.UNSPECIFIED.,.F.,.F.,
 .F.,(4,1,4),(2,2),(0.,0.0537151898221154,0.105266630862644),(0.,0.02),
 .UNSPECIFIED.);
#304=B_SPLINE_SURFACE_WITH_KNOTS('',3,1,((#17338,#17339),(#17340,#17341),
(#17342,#17343),(#17344,#17345),(#17346,#17347)),.UNSPECIFIED.,.F.,.F.,
 .F.,(4,1,4),(2,2),(0.,0.0527974587820656,0.108159595602245),(0.,0.02),
 .UNSPECIFIED.);
#305=B_SPLINE_SURFACE_WITH_KNOTS('',3,1,((#17361,#17362),(#17363,#17364),
(#17365,#17366),(#17367,#17368),(#17369,#17370)),.UNSPECIFIED.,.F.,.F.,
 .F.,(4,1,4),(2,2),(0.,0.0656172693112493,0.121798295383505),(0.,0.02),
 .UNSPECIFIED.);
#306=B_SPLINE_SURFACE_WITH_KNOTS('',3,1,((#17384,#17385),(#17386,#17387),
(#17388,#17389),(#17390,#17391),(#17392,#17393)),.UNSPECIFIED.,.F.,.F.,
 .F.,(4,1,4),(2,2),(0.,0.0547382374864573,0.118243494786668),(0.,0.02),
 .UNSPECIFIED.);
#307=B_SPLINE_SURFACE_WITH_KNOTS('',3,1,((#17407,#17408),(#17409,#17410),
(#17411,#17412),(#17413,#17414),(#17415,#17416)),.UNSPECIFIED.,.F.,.F.,
 .F.,(4,1,4),(2,2),(0.,0.0578541531959232,0.110637712166987),(0.,0.02),
 .UNSPECIFIED.);
#308=B_SPLINE_SURFACE_WITH_KNOTS('',3,1,((#17430,#17431),(#17432,#17433),
(#17434,#17435),(#17436,#17437),(#17438,#17439)),.UNSPECIFIED.,.F.,.F.,
 .F.,(4,1,4),(2,2),(0.,0.0413047548222113,0.0876882753340875),(0.,0.02),
 .UNSPECIFIED.);
#309=B_SPLINE_SURFACE_WITH_KNOTS('',3,1,((#17453,#17454),(#17455,#17456),
(#17457,#17458),(#17459,#17460),(#17461,#17462)),.UNSPECIFIED.,.F.,.F.,
 .F.,(4,1,4),(2,2),(0.,0.0430467896201033,0.0833031942477577),(0.,0.02),
 .UNSPECIFIED.);
#310=B_SPLINE_SURFACE_WITH_KNOTS('',3,1,((#17482,#17483),(#17484,#17485),
(#17486,#17487),(#17488,#17489),(#17490,#17491)),.UNSPECIFIED.,.F.,.F.,
 .F.,(4,1,4),(2,2),(0.,0.0251465105113564,0.0550735922515124),(0.,0.02),
 .UNSPECIFIED.);
#311=B_SPLINE_SURFACE_WITH_KNOTS('',3,1,((#17503,#17504),(#17505,#17506),
(#17507,#17508),(#17509,#17510),(#17511,#17512)),.UNSPECIFIED.,.F.,.F.,
 .F.,(4,1,4),(2,2),(0.,0.0415617074586327,0.0808375840805556),(0.,0.02),
 .UNSPECIFIED.);
#312=B_SPLINE_SURFACE_WITH_KNOTS('',3,1,((#17529,#17530),(#17531,#17532),
(#17533,#17534),(#17535,#17536),(#17537,#17538)),.UNSPECIFIED.,.F.,.F.,
 .F.,(4,1,4),(2,2),(0.,0.0355944326782507,0.0711731620534183),(0.,0.02),
 .UNSPECIFIED.);
#313=B_SPLINE_SURFACE_WITH_KNOTS('',3,1,((#17552,#17553),(#17554,#17555),
(#17556,#17557),(#17558,#17559),(#17560,#17561)),.UNSPECIFIED.,.F.,.F.,
 .F.,(4,1,4),(2,2),(0.,0.0382597531598934,0.0743362856200204),(0.,0.02),
 .UNSPECIFIED.);
#314=B_SPLINE_SURFACE_WITH_KNOTS('',3,1,((#17575,#17576),(#17577,#17578),
(#17579,#17580),(#17581,#17582),(#17583,#17584)),.UNSPECIFIED.,.F.,.F.,
 .F.,(4,1,4),(2,2),(0.,0.0479588357177352,0.0908132838195416),(0.,0.02),
 .UNSPECIFIED.);
#315=B_SPLINE_SURFACE_WITH_KNOTS('',3,1,((#17598,#17599),(#17600,#17601),
(#17602,#17603),(#17604,#17605),(#17606,#17607)),.UNSPECIFIED.,.F.,.F.,
 .F.,(4,1,4),(2,2),(0.,0.0388784989117073,0.0779542344355757),(0.,0.02),
 .UNSPECIFIED.);
#316=B_SPLINE_SURFACE_WITH_KNOTS('',3,1,((#17621,#17622),(#17623,#17624),
(#17625,#17626),(#17627,#17628),(#17629,#17630)),.UNSPECIFIED.,.F.,.F.,
 .F.,(4,1,4),(2,2),(0.,0.0368996006263914,0.074575363811351),(0.,0.02),
 .UNSPECIFIED.);
#317=B_SPLINE_SURFACE_WITH_KNOTS('',3,1,((#17644,#17645),(#17646,#17647),
(#17648,#17649),(#17650,#17651),(#17652,#17653)),.UNSPECIFIED.,.F.,.F.,
 .F.,(4,1,4),(2,2),(0.,0.0427189925675938,0.0813162303414122),(0.,0.02),
 .UNSPECIFIED.);
#318=B_SPLINE_SURFACE_WITH_KNOTS('',3,1,((#17667,#17668),(#17669,#17670),
(#17671,#17672),(#17673,#17674),(#17675,#17676)),.UNSPECIFIED.,.F.,.F.,
 .F.,(4,1,4),(2,2),(0.,0.033403709236737,0.0704385066104962),(0.,0.02),
 .UNSPECIFIED.);
#319=B_SPLINE_SURFACE_WITH_KNOTS('',3,1,((#17690,#17691),(#17692,#17693),
(#17694,#17695),(#17696,#17697),(#17698,#17699)),.UNSPECIFIED.,.F.,.F.,
 .F.,(4,1,4),(2,2),(0.,0.0413973108416675,0.0762196183867456),(0.,0.02),
 .UNSPECIFIED.);
#320=B_SPLINE_SURFACE_WITH_KNOTS('',3,1,((#17719,#17720),(#17721,#17722),
(#17723,#17724),(#17725,#17726),(#17727,#17728)),.UNSPECIFIED.,.F.,.F.,
 .F.,(4,1,4),(2,2),(0.,0.0505696769243811,0.104572963385388),(0.,0.02),
 .UNSPECIFIED.);
#321=B_SPLINE_SURFACE_WITH_KNOTS('',3,1,((#17742,#17743),(#17744,#17745),
(#17746,#17747),(#17748,#17749),(#17750,#17751)),.UNSPECIFIED.,.F.,.F.,
 .F.,(4,1,4),(2,2),(0.,0.0557780573126079,0.106905648855387),(0.,0.02),
 .UNSPECIFIED.);
#322=B_SPLINE_SURFACE_WITH_KNOTS('',3,1,((#17765,#17766),(#17767,#17768),
(#17769,#17770),(#17771,#17772),(#17773,#17774)),.UNSPECIFIED.,.F.,.F.,
 .F.,(4,1,4),(2,2),(0.,0.0498322236783571,0.100944389430573),(0.,0.02),
 .UNSPECIFIED.);
#323=B_SPLINE_SURFACE_WITH_KNOTS('',3,1,((#17788,#17789),(#17790,#17791),
(#17792,#17793),(#17794,#17795),(#17796,#17797)),.UNSPECIFIED.,.F.,.F.,
 .F.,(4,1,4),(2,2),(0.,0.0502107001758653,0.0991752028632687),(0.,0.02),
 .UNSPECIFIED.);
#324=B_SPLINE_SURFACE_WITH_KNOTS('',3,1,((#17811,#17812),(#17813,#17814),
(#17815,#17816),(#17817,#17818),(#17819,#17820)),.UNSPECIFIED.,.F.,.F.,
 .F.,(4,1,4),(2,2),(0.,0.058758783165655,0.112219662567045),(0.,0.02),
 .UNSPECIFIED.);
#325=B_SPLINE_SURFACE_WITH_KNOTS('',3,1,((#17834,#17835),(#17836,#17837),
(#17838,#17839),(#17840,#17841),(#17842,#17843)),.UNSPECIFIED.,.F.,.F.,
 .F.,(4,1,4),(2,2),(0.,0.054118281973632,0.109823452061246),(0.,0.02),
 .UNSPECIFIED.);
#326=B_SPLINE_SURFACE_WITH_KNOTS('',3,1,((#17857,#17858),(#17859,#17860),
(#17861,#17862),(#17863,#17864),(#17865,#17866)),.UNSPECIFIED.,.F.,.F.,
 .F.,(4,1,4),(2,2),(0.,0.0480965880039037,0.0992898373312829),(0.,0.02),
 .UNSPECIFIED.);
#327=B_SPLINE_SURFACE_WITH_KNOTS('',3,1,((#17880,#17881),(#17882,#17883),
(#17884,#17885),(#17886,#17887),(#17888,#17889)),.UNSPECIFIED.,.F.,.F.,
 .F.,(4,1,4),(2,2),(0.,0.0590274129047357,0.109652135639189),(0.,0.02),
 .UNSPECIFIED.);
#328=B_SPLINE_SURFACE_WITH_KNOTS('',3,1,((#17903,#17904),(#17905,#17906),
(#17907,#17908),(#17909,#17910),(#17911,#17912)),.UNSPECIFIED.,.F.,.F.,
 .F.,(4,1,4),(2,2),(0.,0.054349562849584,0.112616647275695),(0.,0.02),
 .UNSPECIFIED.);
#329=B_SPLINE_SURFACE_WITH_KNOTS('',3,1,((#17926,#17927),(#17928,#17929),
(#17930,#17931),(#17932,#17933),(#17934,#17935)),.UNSPECIFIED.,.F.,.F.,
 .F.,(4,1,4),(2,2),(0.,0.0620554490898239,0.117895610219015),(0.,0.02),
 .UNSPECIFIED.);
#330=B_SPLINE_SURFACE_WITH_KNOTS('',3,1,((#17955,#17956),(#17957,#17958),
(#17959,#17960),(#17961,#17962),(#17963,#17964)),.UNSPECIFIED.,.F.,.F.,
 .F.,(4,1,4),(2,2),(0.,0.0410258950470765,0.088062611677254),(0.,0.02),
 .UNSPECIFIED.);
#331=B_SPLINE_SURFACE_WITH_KNOTS('',3,1,((#17985,#17986),(#17987,#17988),
(#17989,#17990),(#17991,#17992),(#17993,#17994)),.UNSPECIFIED.,.F.,.F.,
 .F.,(4,1,4),(2,2),(0.,0.0334819684174453,0.0805495413486383),(0.,0.02),
 .UNSPECIFIED.);
#332=B_SPLINE_SURFACE_WITH_KNOTS('',3,1,((#18008,#18009),(#18010,#18011),
(#18012,#18013),(#18014,#18015),(#18016,#18017)),.UNSPECIFIED.,.F.,.F.,
 .F.,(4,1,4),(2,2),(0.,0.0296839046315884,0.0588364720703033),(0.,0.02),
 .UNSPECIFIED.);
#333=B_SPLINE_SURFACE_WITH_KNOTS('',3,1,((#18031,#18032),(#18033,#18034),
(#18035,#18036),(#18037,#18038),(#18039,#18040)),.UNSPECIFIED.,.F.,.F.,
 .F.,(4,1,4),(2,2),(0.,0.0171432049194893,0.0356300535217357),(0.,0.02),
 .UNSPECIFIED.);
#334=B_SPLINE_SURFACE_WITH_KNOTS('',3,1,((#18054,#18055),(#18056,#18057),
(#18058,#18059),(#18060,#18061),(#18062,#18063)),.UNSPECIFIED.,.F.,.F.,
 .F.,(4,1,4),(2,2),(0.,0.0156291848751923,0.0318130650868585),(0.,0.02),
 .UNSPECIFIED.);
#335=B_SPLINE_SURFACE_WITH_KNOTS('',3,1,((#18077,#18078),(#18079,#18080),
(#18081,#18082),(#18083,#18084),(#18085,#18086)),.UNSPECIFIED.,.F.,.F.,
 .F.,(4,1,4),(2,2),(0.,0.0262328452893798,0.0452779532321977),(0.,0.02),
 .UNSPECIFIED.);
#336=B_SPLINE_SURFACE_WITH_KNOTS('',3,1,((#18118,#18119),(#18120,#18121),
(#18122,#18123),(#18124,#18125),(#18126,#18127)),.UNSPECIFIED.,.F.,.F.,
 .F.,(4,1,4),(2,2),(0.,0.0188698349851698,0.0478683061364241),(0.,0.02),
 .UNSPECIFIED.);
#337=B_SPLINE_SURFACE_WITH_KNOTS('',3,1,((#18141,#18142),(#18143,#18144),
(#18145,#18146),(#18147,#18148),(#18149,#18150)),.UNSPECIFIED.,.F.,.F.,
 .F.,(4,1,4),(2,2),(0.,0.0191143591894531,0.0395910356053392),(0.,0.02),
 .UNSPECIFIED.);
#338=B_SPLINE_SURFACE_WITH_KNOTS('',3,1,((#18164,#18165),(#18166,#18167),
(#18168,#18169),(#18170,#18171),(#18172,#18173)),.UNSPECIFIED.,.F.,.F.,
 .F.,(4,1,4),(2,2),(0.,0.0221090976520702,0.0415473262360536),(0.,0.02),
 .UNSPECIFIED.);
#339=B_SPLINE_SURFACE_WITH_KNOTS('',3,1,((#18187,#18188),(#18189,#18190),
(#18191,#18192),(#18193,#18194),(#18195,#18196)),.UNSPECIFIED.,.F.,.F.,
 .F.,(4,1,4),(2,2),(0.,0.0252156546881534,0.049228127908869),(0.,0.02),
 .UNSPECIFIED.);
#340=B_SPLINE_SURFACE_WITH_KNOTS('',3,1,((#18210,#18211),(#18212,#18213),
(#18214,#18215),(#18216,#18217),(#18218,#18219)),.UNSPECIFIED.,.F.,.F.,
 .F.,(4,1,4),(2,2),(0.,0.0529610136310529,0.10748965522943),(0.,0.02),
 .UNSPECIFIED.);
#341=ITEM_DEFINED_TRANSFORMATION($,$,#10777,#11204);
#342=ITEM_DEFINED_TRANSFORMATION($,$,#11161,#11205);
#343=ITEM_DEFINED_TRANSFORMATION($,$,#10830,#11206);
#344=ITEM_DEFINED_TRANSFORMATION($,$,#10953,#11207);
#345=ITEM_DEFINED_TRANSFORMATION($,$,#10975,#11208);
#346=ITEM_DEFINED_TRANSFORMATION($,$,#11161,#11209);
#347=ITEM_DEFINED_TRANSFORMATION($,$,#11211,#11464);
#348=ITEM_DEFINED_TRANSFORMATION($,$,#10776,#11465);
#349=ITEM_DEFINED_TRANSFORMATION($,$,#11210,#11466);
#350=(
REPRESENTATION_RELATIONSHIP($,$,#18846,#18845)
REPRESENTATION_RELATIONSHIP_WITH_TRANSFORMATION(#341)
SHAPE_REPRESENTATION_RELATIONSHIP()
);
#351=(
REPRESENTATION_RELATIONSHIP($,$,#18850,#18845)
REPRESENTATION_RELATIONSHIP_WITH_TRANSFORMATION(#342)
SHAPE_REPRESENTATION_RELATIONSHIP()
);
#352=(
REPRESENTATION_RELATIONSHIP($,$,#18847,#18845)
REPRESENTATION_RELATIONSHIP_WITH_TRANSFORMATION(#343)
SHAPE_REPRESENTATION_RELATIONSHIP()
);
#353=(
REPRESENTATION_RELATIONSHIP($,$,#18848,#18845)
REPRESENTATION_RELATIONSHIP_WITH_TRANSFORMATION(#344)
SHAPE_REPRESENTATION_RELATIONSHIP()
);
#354=(
REPRESENTATION_RELATIONSHIP($,$,#18849,#18845)
REPRESENTATION_RELATIONSHIP_WITH_TRANSFORMATION(#345)
SHAPE_REPRESENTATION_RELATIONSHIP()
);
#355=(
REPRESENTATION_RELATIONSHIP($,$,#18850,#18845)
REPRESENTATION_RELATIONSHIP_WITH_TRANSFORMATION(#346)
SHAPE_REPRESENTATION_RELATIONSHIP()
);
#356=(
REPRESENTATION_RELATIONSHIP($,$,#18852,#18851)
REPRESENTATION_RELATIONSHIP_WITH_TRANSFORMATION(#347)
SHAPE_REPRESENTATION_RELATIONSHIP()
);
#357=(
REPRESENTATION_RELATIONSHIP($,$,#18845,#18844)
REPRESENTATION_RELATIONSHIP_WITH_TRANSFORMATION(#348)
SHAPE_REPRESENTATION_RELATIONSHIP()
);
#358=(
REPRESENTATION_RELATIONSHIP($,$,#18851,#18844)
REPRESENTATION_RELATIONSHIP_WITH_TRANSFORMATION(#349)
SHAPE_REPRESENTATION_RELATIONSHIP()
);
#359=CONTEXT_DEPENDENT_SHAPE_REPRESENTATION(#350,#18833);
#360=CONTEXT_DEPENDENT_SHAPE_REPRESENTATION(#351,#18834);
#361=CONTEXT_DEPENDENT_SHAPE_REPRESENTATION(#352,#18835);
#362=CONTEXT_DEPENDENT_SHAPE_REPRESENTATION(#353,#18836);
#363=CONTEXT_DEPENDENT_SHAPE_REPRESENTATION(#354,#18837);
#364=CONTEXT_DEPENDENT_SHAPE_REPRESENTATION(#355,#18838);
#365=CONTEXT_DEPENDENT_SHAPE_REPRESENTATION(#356,#18841);
#366=CONTEXT_DEPENDENT_SHAPE_REPRESENTATION(#357,#18842);
#367=CONTEXT_DEPENDENT_SHAPE_REPRESENTATION(#358,#18843);
#368=NEXT_ASSEMBLY_USAGE_OCCURRENCE('C_0805_2012Metric:1',
'C_0805_2012Metric:1','C_0805_2012Metric:1',#18855,#18856,
'C_0805_2012Metric:1');
#369=NEXT_ASSEMBLY_USAGE_OCCURRENCE('R_0805_2012Metric:1',
'R_0805_2012Metric:1','R_0805_2012Metric:1',#18855,#18860,
'R_0805_2012Metric:1');
#370=NEXT_ASSEMBLY_USAGE_OCCURRENCE(
'JST_PH_S2B-PH-K_1x02_P2.00mm_Horizontal:1',
'JST_PH_S2B-PH-K_1x02_P2.00mm_Horizontal:1',
'JST_PH_S2B-PH-K_1x02_P2.00mm_Horizontal:1',#18855,#18857,
'JST_PH_S2B-PH-K_1x02_P2.00mm_Horizontal:1');
#371=NEXT_ASSEMBLY_USAGE_OCCURRENCE('LED_D5.0mm:1','LED_D5.0mm:1',
'LED_D5.0mm:1',#18855,#18858,'LED_D5.0mm:1');
#372=NEXT_ASSEMBLY_USAGE_OCCURRENCE('SW_PUSH_6mm:1','SW_PUSH_6mm:1',
'SW_PUSH_6mm:1',#18855,#18859,'SW_PUSH_6mm:1');
#373=NEXT_ASSEMBLY_USAGE_OCCURRENCE('R_0805_2012Metric:2',
'R_0805_2012Metric:2','R_0805_2012Metric:2',#18855,#18860,
'R_0805_2012Metric:2');
#374=NEXT_ASSEMBLY_USAGE_OCCURRENCE('Top_Case:1','Top_Case:1',
'Top_Case:1',#18861,#18862,'Top_Case:1');
#375=NEXT_ASSEMBLY_USAGE_OCCURRENCE('PCB_Source:1','PCB_Source:1',
'PCB_Source:1',#18854,#18855,'PCB_Source:1');
#376=NEXT_ASSEMBLY_USAGE_OCCURRENCE('Bottom_Cas:1','Bottom_Cas:1',
'Bottom_Cas:1',#18854,#18861,'Bottom_Cas:1');
#377=TOROIDAL_SURFACE('',#11022,1.65,0.1);
#378=SPHERICAL_SURFACE('',#10954,2.45);
#379=SHAPE_REPRESENTATION_RELATIONSHIP('SRR','None',#18846,#386);
#380=SHAPE_REPRESENTATION_RELATIONSHIP('SRR','None',#18847,#387);
#381=SHAPE_REPRESENTATION_RELATIONSHIP('SRR','None',#18848,#388);
#382=SHAPE_REPRESENTATION_RELATIONSHIP('SRR','None',#18849,#389);
#383=SHAPE_REPRESENTATION_RELATIONSHIP('SRR','None',#18850,#390);
#384=SHAPE_REPRESENTATION_RELATIONSHIP('SRR','None',#18852,#391);
#385=SHAPE_REPRESENTATION_RELATIONSHIP('SRR','None',#18851,#392);
#386=ADVANCED_BREP_SHAPE_REPRESENTATION('',(#393),#18805);
#387=ADVANCED_BREP_SHAPE_REPRESENTATION('',(#394),#18806);
#388=ADVANCED_BREP_SHAPE_REPRESENTATION('',(#395),#18807);
#389=ADVANCED_BREP_SHAPE_REPRESENTATION('',(#396),#18808);
#390=ADVANCED_BREP_SHAPE_REPRESENTATION('',(#397),#18809);
#391=ADVANCED_BREP_SHAPE_REPRESENTATION('',(#398),#18811);
#392=ADVANCED_BREP_SHAPE_REPRESENTATION('',(#399),#18810);
#393=MANIFOLD_SOLID_BREP('Body1',#10701);
#394=MANIFOLD_SOLID_BREP('Body1',#10702);
#395=MANIFOLD_SOLID_BREP('Body1',#10703);
#396=MANIFOLD_SOLID_BREP('Body1',#10704);
#397=MANIFOLD_SOLID_BREP('Body1',#10705);
#398=MANIFOLD_SOLID_BREP('Body1',#10706);
#399=MANIFOLD_SOLID_BREP('Body1',#10707);
#400=FACE_BOUND('',#1164,.T.);
#401=FACE_BOUND('',#1174,.T.);
#402=FACE_BOUND('',#1206,.T.);
#403=FACE_BOUND('',#1207,.T.);
#404=FACE_BOUND('',#1249,.T.);
#405=FACE_BOUND('',#1251,.T.);
#406=FACE_BOUND('',#1301,.T.);
#407=FACE_BOUND('',#1305,.T.);
#408=FACE_BOUND('',#1306,.T.);
#409=FACE_BOUND('',#1320,.T.);
#410=FACE_BOUND('',#1321,.T.);
#411=FACE_BOUND('',#1322,.T.);
#412=FACE_BOUND('',#1323,.T.);
#413=FACE_BOUND('',#1324,.T.);
#414=FACE_BOUND('',#1535,.T.);
#415=FACE_BOUND('',#1575,.T.);
#416=FACE_BOUND('',#1644,.T.);
#417=FACE_BOUND('',#1645,.T.);
#418=FACE_BOUND('',#1646,.T.);
#419=FACE_BOUND('',#1647,.T.);
#420=FACE_BOUND('',#1648,.T.);
#421=FACE_BOUND('',#1649,.T.);
#422=FACE_BOUND('',#1650,.T.);
#423=FACE_BOUND('',#1651,.T.);
#424=FACE_BOUND('',#1652,.T.);
#425=FACE_BOUND('',#1653,.T.);
#426=FACE_BOUND('',#1654,.T.);
#427=FACE_BOUND('',#1655,.T.);
#428=FACE_BOUND('',#1656,.T.);
#429=FACE_BOUND('',#1657,.T.);
#430=FACE_BOUND('',#1658,.T.);
#431=FACE_BOUND('',#1659,.T.);
#432=FACE_BOUND('',#1660,.T.);
#433=FACE_BOUND('',#1661,.T.);
#434=FACE_BOUND('',#1686,.T.);
#435=FACE_BOUND('',#1687,.T.);
#436=FACE_BOUND('',#1688,.T.);
#437=FACE_BOUND('',#1689,.T.);
#438=FACE_BOUND('',#1690,.T.);
#439=FACE_BOUND('',#1691,.T.);
#440=FACE_BOUND('',#1692,.T.);
#441=FACE_BOUND('',#1693,.T.);
#442=FACE_BOUND('',#1708,.T.);
#443=FACE_BOUND('',#1711,.T.);
#444=FACE_BOUND('',#1714,.T.);
#445=FACE_BOUND('',#1717,.T.);
#446=FACE_BOUND('',#1725,.T.);
#447=FACE_BOUND('',#1728,.T.);
#448=FACE_BOUND('',#1752,.T.);
#449=FACE_BOUND('',#1755,.T.);
#450=FACE_BOUND('',#1756,.T.);
#451=FACE_BOUND('',#1757,.T.);
#452=FACE_BOUND('',#1758,.T.);
#453=FACE_BOUND('',#1759,.T.);
#454=FACE_BOUND('',#1760,.T.);
#455=FACE_BOUND('',#1761,.T.);
#456=FACE_BOUND('',#1762,.T.);
#457=FACE_BOUND('',#1763,.T.);
#458=FACE_BOUND('',#1764,.T.);
#459=FACE_BOUND('',#1765,.T.);
#460=FACE_BOUND('',#1766,.T.);
#461=FACE_BOUND('',#1767,.T.);
#462=FACE_BOUND('',#1768,.T.);
#463=FACE_BOUND('',#1769,.T.);
#464=FACE_BOUND('',#1770,.T.);
#465=FACE_BOUND('',#1772,.T.);
#466=FACE_BOUND('',#1773,.T.);
#467=FACE_BOUND('',#1774,.T.);
#468=FACE_BOUND('',#1775,.T.);
#469=FACE_BOUND('',#1776,.T.);
#470=FACE_BOUND('',#1777,.T.);
#471=FACE_BOUND('',#1778,.T.);
#472=FACE_BOUND('',#1779,.T.);
#473=FACE_BOUND('',#1780,.T.);
#474=FACE_BOUND('',#1781,.T.);
#475=FACE_BOUND('',#1782,.T.);
#476=FACE_BOUND('',#1783,.T.);
#477=FACE_BOUND('',#1784,.T.);
#478=FACE_BOUND('',#1785,.T.);
#479=FACE_BOUND('',#1786,.T.);
#480=FACE_BOUND('',#1787,.T.);
#481=FACE_BOUND('',#1788,.T.);
#482=FACE_BOUND('',#1789,.T.);
#483=FACE_BOUND('',#1790,.T.);
#484=FACE_BOUND('',#1791,.T.);
#485=CYLINDRICAL_SURFACE('',#10784,0.04);
#486=CYLINDRICAL_SURFACE('',#10786,0.04);
#487=CYLINDRICAL_SURFACE('',#10790,0.04);
#488=CYLINDRICAL_SURFACE('',#10792,0.04);
#489=CYLINDRICAL_SURFACE('',#10800,0.04);
#490=CYLINDRICAL_SURFACE('',#10803,0.04);
#491=CYLINDRICAL_SURFACE('',#10806,0.04);
#492=CYLINDRICAL_SURFACE('',#10809,0.04);
#493=CYLINDRICAL_SURFACE('',#10818,0.04);
#494=CYLINDRICAL_SURFACE('',#10820,0.04);
#495=CYLINDRICAL_SURFACE('',#10824,0.04);
#496=CYLINDRICAL_SURFACE('',#10826,0.04);
#497=CYLINDRICAL_SURFACE('',#10837,0.4);
#498=CYLINDRICAL_SURFACE('',#10882,0.4);
#499=CYLINDRICAL_SURFACE('',#10927,0.05);
#500=CYLINDRICAL_SURFACE('',#10935,0.55);
#501=CYLINDRICAL_SURFACE('',#10937,0.05);
#502=CYLINDRICAL_SURFACE('',#10945,0.55);
#503=CYLINDRICAL_SURFACE('',#10957,2.45);
#504=CYLINDRICAL_SURFACE('',#10961,2.9);
#505=CYLINDRICAL_SURFACE('',#10978,0.5);
#506=CYLINDRICAL_SURFACE('',#10990,0.3);
#507=CYLINDRICAL_SURFACE('',#10992,0.3);
#508=CYLINDRICAL_SURFACE('',#10996,0.3);
#509=CYLINDRICAL_SURFACE('',#10998,0.3);
#510=CYLINDRICAL_SURFACE('',#11001,0.5);
#511=CYLINDRICAL_SURFACE('',#11003,1.75);
#512=CYLINDRICAL_SURFACE('',#11005,0.5);
#513=CYLINDRICAL_SURFACE('',#11007,0.5);
#514=CYLINDRICAL_SURFACE('',#11010,0.3);
#515=CYLINDRICAL_SURFACE('',#11012,0.3);
#516=CYLINDRICAL_SURFACE('',#11016,0.3);
#517=CYLINDRICAL_SURFACE('',#11018,0.3);
#518=CYLINDRICAL_SURFACE('',#11102,0.29);
#519=CYLINDRICAL_SURFACE('',#11103,0.29);
#520=CYLINDRICAL_SURFACE('',#11106,0.29);
#521=CYLINDRICAL_SURFACE('',#11107,0.29);
#522=CYLINDRICAL_SURFACE('',#11111,0.29);
#523=CYLINDRICAL_SURFACE('',#11112,0.29);
#524=CYLINDRICAL_SURFACE('',#11115,0.29);
#525=CYLINDRICAL_SURFACE('',#11117,0.29);
#526=CYLINDRICAL_SURFACE('',#11118,0.29);
#527=CYLINDRICAL_SURFACE('',#11121,0.29);
#528=CYLINDRICAL_SURFACE('',#11122,0.29);
#529=CYLINDRICAL_SURFACE('',#11126,0.29);
#530=CYLINDRICAL_SURFACE('',#11127,0.29);
#531=CYLINDRICAL_SURFACE('',#11130,0.29);
#532=CYLINDRICAL_SURFACE('',#11132,0.29);
#533=CYLINDRICAL_SURFACE('',#11133,0.29);
#534=CYLINDRICAL_SURFACE('',#11136,0.29);
#535=CYLINDRICAL_SURFACE('',#11137,0.29);
#536=CYLINDRICAL_SURFACE('',#11141,0.29);
#537=CYLINDRICAL_SURFACE('',#11142,0.29);
#538=CYLINDRICAL_SURFACE('',#11145,0.29);
#539=CYLINDRICAL_SURFACE('',#11147,0.29);
#540=CYLINDRICAL_SURFACE('',#11148,0.29);
#541=CYLINDRICAL_SURFACE('',#11151,0.29);
#542=CYLINDRICAL_SURFACE('',#11152,0.29);
#543=CYLINDRICAL_SURFACE('',#11156,0.29);
#544=CYLINDRICAL_SURFACE('',#11157,0.29);
#545=CYLINDRICAL_SURFACE('',#11160,0.29);
#546=CYLINDRICAL_SURFACE('',#11168,0.045);
#547=CYLINDRICAL_SURFACE('',#11170,0.045);
#548=CYLINDRICAL_SURFACE('',#11176,0.045);
#549=CYLINDRICAL_SURFACE('',#11179,0.045);
#550=CYLINDRICAL_SURFACE('',#11195,0.045);
#551=CYLINDRICAL_SURFACE('',#11197,0.045);
#552=CYLINDRICAL_SURFACE('',#11199,0.045);
#553=CYLINDRICAL_SURFACE('',#11201,0.045);
#554=CYLINDRICAL_SURFACE('',#11306,15.1846080414022);
#555=CYLINDRICAL_SURFACE('',#11309,2.9);
#556=CYLINDRICAL_SURFACE('',#11311,0.999999999999996);
#557=CYLINDRICAL_SURFACE('',#11315,5.3122304662222);
#558=CYLINDRICAL_SURFACE('',#11317,0.500000000000007);
#559=CYLINDRICAL_SURFACE('',#11319,4.31223046622218);
#560=CYLINDRICAL_SURFACE('',#11321,0.5);
#561=CYLINDRICAL_SURFACE('',#11323,1.75000000000001);
#562=CYLINDRICAL_SURFACE('',#11325,1.75000000000001);
#563=CYLINDRICAL_SURFACE('',#11327,1.75000000000001);
#564=CYLINDRICAL_SURFACE('',#11329,1.75000000000001);
#565=CYLINDRICAL_SURFACE('',#11332,13.9999996788347);
#566=CYLINDRICAL_SURFACE('',#11335,13.999999678835);
#567=CYLINDRICAL_SURFACE('',#11338,13.9999996788355);
#568=CYLINDRICAL_SURFACE('',#11341,13.9999996788352);
#569=CYLINDRICAL_SURFACE('',#11349,1.49999999999999);
#570=CYLINDRICAL_SURFACE('',#11353,1.49999999999999);
#571=CYLINDRICAL_SURFACE('',#11357,1.5);
#572=CYLINDRICAL_SURFACE('',#11361,1.50000000000002);
#573=CYLINDRICAL_SURFACE('',#11365,2.99999999999999);
#574=CYLINDRICAL_SURFACE('',#11369,2.99999999999999);
#575=CYLINDRICAL_SURFACE('',#11373,2.99999999999999);
#576=CYLINDRICAL_SURFACE('',#11377,2.99999999999999);
#577=CYLINDRICAL_SURFACE('',#11382,11.999999678832);
#578=CYLINDRICAL_SURFACE('',#11386,11.999999678837);
#579=CYLINDRICAL_SURFACE('',#11390,11.9999996788339);
#580=CYLINDRICAL_SURFACE('',#11394,11.999999678832);
#581=CYLINDRICAL_SURFACE('',#11402,0.374999999999996);
#582=CYLINDRICAL_SURFACE('',#11405,0.425000000000004);
#583=CYLINDRICAL_SURFACE('',#11408,0.449999999999999);
#584=CYLINDRICAL_SURFACE('',#11411,0.950000000000006);
#585=CYLINDRICAL_SURFACE('',#11414,1.30000000000001);
#586=CYLINDRICAL_SURFACE('',#11417,0.425000000000004);
#587=CYLINDRICAL_SURFACE('',#11420,0.549999999999997);
#588=CYLINDRICAL_SURFACE('',#11423,0.425000000000004);
#589=CYLINDRICAL_SURFACE('',#11426,0.549999999999997);
#590=CYLINDRICAL_SURFACE('',#11429,0.449999999999999);
#591=CYLINDRICAL_SURFACE('',#11432,0.549999999999997);
#592=CYLINDRICAL_SURFACE('',#11435,0.374999999999996);
#593=CYLINDRICAL_SURFACE('',#11438,0.549999999999997);
#594=CYLINDRICAL_SURFACE('',#11441,1.95);
#595=CYLINDRICAL_SURFACE('',#11444,0.950000000000006);
#596=CYLINDRICAL_SURFACE('',#11447,0.425000000000004);
#597=CYLINDRICAL_SURFACE('',#11451,13.9999996788539);
#598=CYLINDRICAL_SURFACE('',#11454,13.9999996788574);
#599=CYLINDRICAL_SURFACE('',#11457,13.9999996788383);
#600=CYLINDRICAL_SURFACE('',#11460,13.999999678839);
#601=FACE_OUTER_BOUND('',#1154,.T.);
#602=FACE_OUTER_BOUND('',#1155,.T.);
#603=FACE_OUTER_BOUND('',#1156,.T.);
#604=FACE_OUTER_BOUND('',#1157,.T.);
#605=FACE_OUTER_BOUND('',#1158,.T.);
#606=FACE_OUTER_BOUND('',#1159,.T.);
#607=FACE_OUTER_BOUND('',#1160,.T.);
#608=FACE_OUTER_BOUND('',#1161,.T.);
#609=FACE_OUTER_BOUND('',#1162,.T.);
#610=FACE_OUTER_BOUND('',#1163,.T.);
#611=FACE_OUTER_BOUND('',#1165,.T.);
#612=FACE_OUTER_BOUND('',#1166,.T.);
#613=FACE_OUTER_BOUND('',#1167,.T.);
#614=FACE_OUTER_BOUND('',#1168,.T.);
#615=FACE_OUTER_BOUND('',#1169,.T.);
#616=FACE_OUTER_BOUND('',#1170,.T.);
#617=FACE_OUTER_BOUND('',#1171,.T.);
#618=FACE_OUTER_BOUND('',#1172,.T.);
#619=FACE_OUTER_BOUND('',#1173,.T.);
#620=FACE_OUTER_BOUND('',#1175,.T.);
#621=FACE_OUTER_BOUND('',#1176,.T.);
#622=FACE_OUTER_BOUND('',#1177,.T.);
#623=FACE_OUTER_BOUND('',#1178,.T.);
#624=FACE_OUTER_BOUND('',#1179,.T.);
#625=FACE_OUTER_BOUND('',#1180,.T.);
#626=FACE_OUTER_BOUND('',#1181,.T.);
#627=FACE_OUTER_BOUND('',#1182,.T.);
#628=FACE_OUTER_BOUND('',#1183,.T.);
#629=FACE_OUTER_BOUND('',#1184,.T.);
#630=FACE_OUTER_BOUND('',#1185,.T.);
#631=FACE_OUTER_BOUND('',#1186,.T.);
#632=FACE_OUTER_BOUND('',#1187,.T.);
#633=FACE_OUTER_BOUND('',#1188,.T.);
#634=FACE_OUTER_BOUND('',#1189,.T.);
#635=FACE_OUTER_BOUND('',#1190,.T.);
#636=FACE_OUTER_BOUND('',#1191,.T.);
#637=FACE_OUTER_BOUND('',#1192,.T.);
#638=FACE_OUTER_BOUND('',#1193,.T.);
#639=FACE_OUTER_BOUND('',#1194,.T.);
#640=FACE_OUTER_BOUND('',#1195,.T.);
#641=FACE_OUTER_BOUND('',#1196,.T.);
#642=FACE_OUTER_BOUND('',#1197,.T.);
#643=FACE_OUTER_BOUND('',#1198,.T.);
#644=FACE_OUTER_BOUND('',#1199,.T.);
#645=FACE_OUTER_BOUND('',#1200,.T.);
#646=FACE_OUTER_BOUND('',#1201,.T.);
#647=FACE_OUTER_BOUND('',#1202,.T.);
#648=FACE_OUTER_BOUND('',#1203,.T.);
#649=FACE_OUTER_BOUND('',#1204,.T.);
#650=FACE_OUTER_BOUND('',#1205,.T.);
#651=FACE_OUTER_BOUND('',#1208,.T.);
#652=FACE_OUTER_BOUND('',#1209,.T.);
#653=FACE_OUTER_BOUND('',#1210,.T.);
#654=FACE_OUTER_BOUND('',#1211,.T.);
#655=FACE_OUTER_BOUND('',#1212,.T.);
#656=FACE_OUTER_BOUND('',#1213,.T.);
#657=FACE_OUTER_BOUND('',#1214,.T.);
#658=FACE_OUTER_BOUND('',#1215,.T.);
#659=FACE_OUTER_BOUND('',#1216,.T.);
#660=FACE_OUTER_BOUND('',#1217,.T.);
#661=FACE_OUTER_BOUND('',#1218,.T.);
#662=FACE_OUTER_BOUND('',#1219,.T.);
#663=FACE_OUTER_BOUND('',#1220,.T.);
#664=FACE_OUTER_BOUND('',#1221,.T.);
#665=FACE_OUTER_BOUND('',#1222,.T.);
#666=FACE_OUTER_BOUND('',#1223,.T.);
#667=FACE_OUTER_BOUND('',#1224,.T.);
#668=FACE_OUTER_BOUND('',#1225,.T.);
#669=FACE_OUTER_BOUND('',#1226,.T.);
#670=FACE_OUTER_BOUND('',#1227,.T.);
#671=FACE_OUTER_BOUND('',#1228,.T.);
#672=FACE_OUTER_BOUND('',#1229,.T.);
#673=FACE_OUTER_BOUND('',#1230,.T.);
#674=FACE_OUTER_BOUND('',#1231,.T.);
#675=FACE_OUTER_BOUND('',#1232,.T.);
#676=FACE_OUTER_BOUND('',#1233,.T.);
#677=FACE_OUTER_BOUND('',#1234,.T.);
#678=FACE_OUTER_BOUND('',#1235,.T.);
#679=FACE_OUTER_BOUND('',#1236,.T.);
#680=FACE_OUTER_BOUND('',#1237,.T.);
#681=FACE_OUTER_BOUND('',#1238,.T.);
#682=FACE_OUTER_BOUND('',#1239,.T.);
#683=FACE_OUTER_BOUND('',#1240,.T.);
#684=FACE_OUTER_BOUND('',#1241,.T.);
#685=FACE_OUTER_BOUND('',#1242,.T.);
#686=FACE_OUTER_BOUND('',#1243,.T.);
#687=FACE_OUTER_BOUND('',#1244,.T.);
#688=FACE_OUTER_BOUND('',#1245,.T.);
#689=FACE_OUTER_BOUND('',#1246,.T.);
#690=FACE_OUTER_BOUND('',#1247,.T.);
#691=FACE_OUTER_BOUND('',#1248,.T.);
#692=FACE_OUTER_BOUND('',#1250,.T.);
#693=FACE_OUTER_BOUND('',#1252,.T.);
#694=FACE_OUTER_BOUND('',#1253,.T.);
#695=FACE_OUTER_BOUND('',#1254,.T.);
#696=FACE_OUTER_BOUND('',#1255,.T.);
#697=FACE_OUTER_BOUND('',#1256,.T.);
#698=FACE_OUTER_BOUND('',#1257,.T.);
#699=FACE_OUTER_BOUND('',#1258,.T.);
#700=FACE_OUTER_BOUND('',#1259,.T.);
#701=FACE_OUTER_BOUND('',#1260,.T.);
#702=FACE_OUTER_BOUND('',#1261,.T.);
#703=FACE_OUTER_BOUND('',#1262,.T.);
#704=FACE_OUTER_BOUND('',#1263,.T.);
#705=FACE_OUTER_BOUND('',#1264,.T.);
#706=FACE_OUTER_BOUND('',#1265,.T.);
#707=FACE_OUTER_BOUND('',#1266,.T.);
#708=FACE_OUTER_BOUND('',#1267,.T.);
#709=FACE_OUTER_BOUND('',#1268,.T.);
#710=FACE_OUTER_BOUND('',#1269,.T.);
#711=FACE_OUTER_BOUND('',#1270,.T.);
#712=FACE_OUTER_BOUND('',#1271,.T.);
#713=FACE_OUTER_BOUND('',#1272,.T.);
#714=FACE_OUTER_BOUND('',#1273,.T.);
#715=FACE_OUTER_BOUND('',#1274,.T.);
#716=FACE_OUTER_BOUND('',#1275,.T.);
#717=FACE_OUTER_BOUND('',#1276,.T.);
#718=FACE_OUTER_BOUND('',#1277,.T.);
#719=FACE_OUTER_BOUND('',#1278,.T.);
#720=FACE_OUTER_BOUND('',#1279,.T.);
#721=FACE_OUTER_BOUND('',#1280,.T.);
#722=FACE_OUTER_BOUND('',#1281,.T.);
#723=FACE_OUTER_BOUND('',#1282,.T.);
#724=FACE_OUTER_BOUND('',#1283,.T.);
#725=FACE_OUTER_BOUND('',#1284,.T.);
#726=FACE_OUTER_BOUND('',#1285,.T.);
#727=FACE_OUTER_BOUND('',#1286,.T.);
#728=FACE_OUTER_BOUND('',#1287,.T.);
#729=FACE_OUTER_BOUND('',#1288,.T.);
#730=FACE_OUTER_BOUND('',#1289,.T.);
#731=FACE_OUTER_BOUND('',#1290,.T.);
#732=FACE_OUTER_BOUND('',#1291,.T.);
#733=FACE_OUTER_BOUND('',#1292,.T.);
#734=FACE_OUTER_BOUND('',#1293,.T.);
#735=FACE_OUTER_BOUND('',#1294,.T.);
#736=FACE_OUTER_BOUND('',#1295,.T.);
#737=FACE_OUTER_BOUND('',#1296,.T.);
#738=FACE_OUTER_BOUND('',#1297,.T.);
#739=FACE_OUTER_BOUND('',#1298,.T.);
#740=FACE_OUTER_BOUND('',#1299,.T.);
#741=FACE_OUTER_BOUND('',#1300,.T.);
#742=FACE_OUTER_BOUND('',#1302,.T.);
#743=FACE_OUTER_BOUND('',#1303,.T.);
#744=FACE_OUTER_BOUND('',#1304,.T.);
#745=FACE_OUTER_BOUND('',#1307,.T.);
#746=FACE_OUTER_BOUND('',#1308,.T.);
#747=FACE_OUTER_BOUND('',#1309,.T.);
#748=FACE_OUTER_BOUND('',#1310,.T.);
#749=FACE_OUTER_BOUND('',#1311,.T.);
#750=FACE_OUTER_BOUND('',#1312,.T.);
#751=FACE_OUTER_BOUND('',#1313,.T.);
#752=FACE_OUTER_BOUND('',#1314,.T.);
#753=FACE_OUTER_BOUND('',#1315,.T.);
#754=FACE_OUTER_BOUND('',#1316,.T.);
#755=FACE_OUTER_BOUND('',#1317,.T.);
#756=FACE_OUTER_BOUND('',#1318,.T.);
#757=FACE_OUTER_BOUND('',#1319,.T.);
#758=FACE_OUTER_BOUND('',#1325,.T.);
#759=FACE_OUTER_BOUND('',#1326,.T.);
#760=FACE_OUTER_BOUND('',#1327,.T.);
#761=FACE_OUTER_BOUND('',#1328,.T.);
#762=FACE_OUTER_BOUND('',#1329,.T.);
#763=FACE_OUTER_BOUND('',#1330,.T.);
#764=FACE_OUTER_BOUND('',#1331,.T.);
#765=FACE_OUTER_BOUND('',#1332,.T.);
#766=FACE_OUTER_BOUND('',#1333,.T.);
#767=FACE_OUTER_BOUND('',#1334,.T.);
#768=FACE_OUTER_BOUND('',#1335,.T.);
#769=FACE_OUTER_BOUND('',#1336,.T.);
#770=FACE_OUTER_BOUND('',#1337,.T.);
#771=FACE_OUTER_BOUND('',#1338,.T.);
#772=FACE_OUTER_BOUND('',#1339,.T.);
#773=FACE_OUTER_BOUND('',#1340,.T.);
#774=FACE_OUTER_BOUND('',#1341,.T.);
#775=FACE_OUTER_BOUND('',#1342,.T.);
#776=FACE_OUTER_BOUND('',#1343,.T.);
#777=FACE_OUTER_BOUND('',#1344,.T.);
#778=FACE_OUTER_BOUND('',#1345,.T.);
#779=FACE_OUTER_BOUND('',#1346,.T.);
#780=FACE_OUTER_BOUND('',#1347,.T.);
#781=FACE_OUTER_BOUND('',#1348,.T.);
#782=FACE_OUTER_BOUND('',#1349,.T.);
#783=FACE_OUTER_BOUND('',#1350,.T.);
#784=FACE_OUTER_BOUND('',#1351,.T.);
#785=FACE_OUTER_BOUND('',#1352,.T.);
#786=FACE_OUTER_BOUND('',#1353,.T.);
#787=FACE_OUTER_BOUND('',#1354,.T.);
#788=FACE_OUTER_BOUND('',#1355,.T.);
#789=FACE_OUTER_BOUND('',#1356,.T.);
#790=FACE_OUTER_BOUND('',#1357,.T.);
#791=FACE_OUTER_BOUND('',#1358,.T.);
#792=FACE_OUTER_BOUND('',#1359,.T.);
#793=FACE_OUTER_BOUND('',#1360,.T.);
#794=FACE_OUTER_BOUND('',#1361,.T.);
#795=FACE_OUTER_BOUND('',#1362,.T.);
#796=FACE_OUTER_BOUND('',#1363,.T.);
#797=FACE_OUTER_BOUND('',#1364,.T.);
#798=FACE_OUTER_BOUND('',#1365,.T.);
#799=FACE_OUTER_BOUND('',#1366,.T.);
#800=FACE_OUTER_BOUND('',#1367,.T.);
#801=FACE_OUTER_BOUND('',#1368,.T.);
#802=FACE_OUTER_BOUND('',#1369,.T.);
#803=FACE_OUTER_BOUND('',#1370,.T.);
#804=FACE_OUTER_BOUND('',#1371,.T.);
#805=FACE_OUTER_BOUND('',#1372,.T.);
#806=FACE_OUTER_BOUND('',#1373,.T.);
#807=FACE_OUTER_BOUND('',#1374,.T.);
#808=FACE_OUTER_BOUND('',#1375,.T.);
#809=FACE_OUTER_BOUND('',#1376,.T.);
#810=FACE_OUTER_BOUND('',#1377,.T.);
#811=FACE_OUTER_BOUND('',#1378,.T.);
#812=FACE_OUTER_BOUND('',#1379,.T.);
#813=FACE_OUTER_BOUND('',#1380,.T.);
#814=FACE_OUTER_BOUND('',#1381,.T.);
#815=FACE_OUTER_BOUND('',#1382,.T.);
#816=FACE_OUTER_BOUND('',#1383,.T.);
#817=FACE_OUTER_BOUND('',#1384,.T.);
#818=FACE_OUTER_BOUND('',#1385,.T.);
#819=FACE_OUTER_BOUND('',#1386,.T.);
#820=FACE_OUTER_BOUND('',#1387,.T.);
#821=FACE_OUTER_BOUND('',#1388,.T.);
#822=FACE_OUTER_BOUND('',#1389,.T.);
#823=FACE_OUTER_BOUND('',#1390,.T.);
#824=FACE_OUTER_BOUND('',#1391,.T.);
#825=FACE_OUTER_BOUND('',#1392,.T.);
#826=FACE_OUTER_BOUND('',#1393,.T.);
#827=FACE_OUTER_BOUND('',#1394,.T.);
#828=FACE_OUTER_BOUND('',#1395,.T.);
#829=FACE_OUTER_BOUND('',#1396,.T.);
#830=FACE_OUTER_BOUND('',#1397,.T.);
#831=FACE_OUTER_BOUND('',#1398,.T.);
#832=FACE_OUTER_BOUND('',#1399,.T.);
#833=FACE_OUTER_BOUND('',#1400,.T.);
#834=FACE_OUTER_BOUND('',#1401,.T.);
#835=FACE_OUTER_BOUND('',#1402,.T.);
#836=FACE_OUTER_BOUND('',#1403,.T.);
#837=FACE_OUTER_BOUND('',#1404,.T.);
#838=FACE_OUTER_BOUND('',#1405,.T.);
#839=FACE_OUTER_BOUND('',#1406,.T.);
#840=FACE_OUTER_BOUND('',#1407,.T.);
#841=FACE_OUTER_BOUND('',#1408,.T.);
#842=FACE_OUTER_BOUND('',#1409,.T.);
#843=FACE_OUTER_BOUND('',#1410,.T.);
#844=FACE_OUTER_BOUND('',#1411,.T.);
#845=FACE_OUTER_BOUND('',#1412,.T.);
#846=FACE_OUTER_BOUND('',#1413,.T.);
#847=FACE_OUTER_BOUND('',#1414,.T.);
#848=FACE_OUTER_BOUND('',#1415,.T.);
#849=FACE_OUTER_BOUND('',#1416,.T.);
#850=FACE_OUTER_BOUND('',#1417,.T.);
#851=FACE_OUTER_BOUND('',#1418,.T.);
#852=FACE_OUTER_BOUND('',#1419,.T.);
#853=FACE_OUTER_BOUND('',#1420,.T.);
#854=FACE_OUTER_BOUND('',#1421,.T.);
#855=FACE_OUTER_BOUND('',#1422,.T.);
#856=FACE_OUTER_BOUND('',#1423,.T.);
#857=FACE_OUTER_BOUND('',#1424,.T.);
#858=FACE_OUTER_BOUND('',#1425,.T.);
#859=FACE_OUTER_BOUND('',#1426,.T.);
#860=FACE_OUTER_BOUND('',#1427,.T.);
#861=FACE_OUTER_BOUND('',#1428,.T.);
#862=FACE_OUTER_BOUND('',#1429,.T.);
#863=FACE_OUTER_BOUND('',#1430,.T.);
#864=FACE_OUTER_BOUND('',#1431,.T.);
#865=FACE_OUTER_BOUND('',#1432,.T.);
#866=FACE_OUTER_BOUND('',#1433,.T.);
#867=FACE_OUTER_BOUND('',#1434,.T.);
#868=FACE_OUTER_BOUND('',#1435,.T.);
#869=FACE_OUTER_BOUND('',#1436,.T.);
#870=FACE_OUTER_BOUND('',#1437,.T.);
#871=FACE_OUTER_BOUND('',#1438,.T.);
#872=FACE_OUTER_BOUND('',#1439,.T.);
#873=FACE_OUTER_BOUND('',#1440,.T.);
#874=FACE_OUTER_BOUND('',#1441,.T.);
#875=FACE_OUTER_BOUND('',#1442,.T.);
#876=FACE_OUTER_BOUND('',#1443,.T.);
#877=FACE_OUTER_BOUND('',#1444,.T.);
#878=FACE_OUTER_BOUND('',#1445,.T.);
#879=FACE_OUTER_BOUND('',#1446,.T.);
#880=FACE_OUTER_BOUND('',#1447,.T.);
#881=FACE_OUTER_BOUND('',#1448,.T.);
#882=FACE_OUTER_BOUND('',#1449,.T.);
#883=FACE_OUTER_BOUND('',#1450,.T.);
#884=FACE_OUTER_BOUND('',#1451,.T.);
#885=FACE_OUTER_BOUND('',#1452,.T.);
#886=FACE_OUTER_BOUND('',#1453,.T.);
#887=FACE_OUTER_BOUND('',#1454,.T.);
#888=FACE_OUTER_BOUND('',#1455,.T.);
#889=FACE_OUTER_BOUND('',#1456,.T.);
#890=FACE_OUTER_BOUND('',#1457,.T.);
#891=FACE_OUTER_BOUND('',#1458,.T.);
#892=FACE_OUTER_BOUND('',#1459,.T.);
#893=FACE_OUTER_BOUND('',#1460,.T.);
#894=FACE_OUTER_BOUND('',#1461,.T.);
#895=FACE_OUTER_BOUND('',#1462,.T.);
#896=FACE_OUTER_BOUND('',#1463,.T.);
#897=FACE_OUTER_BOUND('',#1464,.T.);
#898=FACE_OUTER_BOUND('',#1465,.T.);
#899=FACE_OUTER_BOUND('',#1466,.T.);
#900=FACE_OUTER_BOUND('',#1467,.T.);
#901=FACE_OUTER_BOUND('',#1468,.T.);
#902=FACE_OUTER_BOUND('',#1469,.T.);
#903=FACE_OUTER_BOUND('',#1470,.T.);
#904=FACE_OUTER_BOUND('',#1471,.T.);
#905=FACE_OUTER_BOUND('',#1472,.T.);
#906=FACE_OUTER_BOUND('',#1473,.T.);
#907=FACE_OUTER_BOUND('',#1474,.T.);
#908=FACE_OUTER_BOUND('',#1475,.T.);
#909=FACE_OUTER_BOUND('',#1476,.T.);
#910=FACE_OUTER_BOUND('',#1477,.T.);
#911=FACE_OUTER_BOUND('',#1478,.T.);
#912=FACE_OUTER_BOUND('',#1479,.T.);
#913=FACE_OUTER_BOUND('',#1480,.T.);
#914=FACE_OUTER_BOUND('',#1481,.T.);
#915=FACE_OUTER_BOUND('',#1482,.T.);
#916=FACE_OUTER_BOUND('',#1483,.T.);
#917=FACE_OUTER_BOUND('',#1484,.T.);
#918=FACE_OUTER_BOUND('',#1485,.T.);
#919=FACE_OUTER_BOUND('',#1486,.T.);
#920=FACE_OUTER_BOUND('',#1487,.T.);
#921=FACE_OUTER_BOUND('',#1488,.T.);
#922=FACE_OUTER_BOUND('',#1489,.T.);
#923=FACE_OUTER_BOUND('',#1490,.T.);
#924=FACE_OUTER_BOUND('',#1491,.T.);
#925=FACE_OUTER_BOUND('',#1492,.T.);
#926=FACE_OUTER_BOUND('',#1493,.T.);
#927=FACE_OUTER_BOUND('',#1494,.T.);
#928=FACE_OUTER_BOUND('',#1495,.T.);
#929=FACE_OUTER_BOUND('',#1496,.T.);
#930=FACE_OUTER_BOUND('',#1497,.T.);
#931=FACE_OUTER_BOUND('',#1498,.T.);
#932=FACE_OUTER_BOUND('',#1499,.T.);
#933=FACE_OUTER_BOUND('',#1500,.T.);
#934=FACE_OUTER_BOUND('',#1501,.T.);
#935=FACE_OUTER_BOUND('',#1502,.T.);
#936=FACE_OUTER_BOUND('',#1503,.T.);
#937=FACE_OUTER_BOUND('',#1504,.T.);
#938=FACE_OUTER_BOUND('',#1505,.T.);
#939=FACE_OUTER_BOUND('',#1506,.T.);
#940=FACE_OUTER_BOUND('',#1507,.T.);
#941=FACE_OUTER_BOUND('',#1508,.T.);
#942=FACE_OUTER_BOUND('',#1509,.T.);
#943=FACE_OUTER_BOUND('',#1510,.T.);
#944=FACE_OUTER_BOUND('',#1511,.T.);
#945=FACE_OUTER_BOUND('',#1512,.T.);
#946=FACE_OUTER_BOUND('',#1513,.T.);
#947=FACE_OUTER_BOUND('',#1514,.T.);
#948=FACE_OUTER_BOUND('',#1515,.T.);
#949=FACE_OUTER_BOUND('',#1516,.T.);
#950=FACE_OUTER_BOUND('',#1517,.T.);
#951=FACE_OUTER_BOUND('',#1518,.T.);
#952=FACE_OUTER_BOUND('',#1519,.T.);
#953=FACE_OUTER_BOUND('',#1520,.T.);
#954=FACE_OUTER_BOUND('',#1521,.T.);
#955=FACE_OUTER_BOUND('',#1522,.T.);
#956=FACE_OUTER_BOUND('',#1523,.T.);
#957=FACE_OUTER_BOUND('',#1524,.T.);
#958=FACE_OUTER_BOUND('',#1525,.T.);
#959=FACE_OUTER_BOUND('',#1526,.T.);
#960=FACE_OUTER_BOUND('',#1527,.T.);
#961=FACE_OUTER_BOUND('',#1528,.T.);
#962=FACE_OUTER_BOUND('',#1529,.T.);
#963=FACE_OUTER_BOUND('',#1530,.T.);
#964=FACE_OUTER_BOUND('',#1531,.T.);
#965=FACE_OUTER_BOUND('',#1532,.T.);
#966=FACE_OUTER_BOUND('',#1533,.T.);
#967=FACE_OUTER_BOUND('',#1534,.T.);
#968=FACE_OUTER_BOUND('',#1536,.T.);
#969=FACE_OUTER_BOUND('',#1537,.T.);
#970=FACE_OUTER_BOUND('',#1538,.T.);
#971=FACE_OUTER_BOUND('',#1539,.T.);
#972=FACE_OUTER_BOUND('',#1540,.T.);
#973=FACE_OUTER_BOUND('',#1541,.T.);
#974=FACE_OUTER_BOUND('',#1542,.T.);
#975=FACE_OUTER_BOUND('',#1543,.T.);
#976=FACE_OUTER_BOUND('',#1544,.T.);
#977=FACE_OUTER_BOUND('',#1545,.T.);
#978=FACE_OUTER_BOUND('',#1546,.T.);
#979=FACE_OUTER_BOUND('',#1547,.T.);
#980=FACE_OUTER_BOUND('',#1548,.T.);
#981=FACE_OUTER_BOUND('',#1549,.T.);
#982=FACE_OUTER_BOUND('',#1550,.T.);
#983=FACE_OUTER_BOUND('',#1551,.T.);
#984=FACE_OUTER_BOUND('',#1552,.T.);
#985=FACE_OUTER_BOUND('',#1553,.T.);
#986=FACE_OUTER_BOUND('',#1554,.T.);
#987=FACE_OUTER_BOUND('',#1555,.T.);
#988=FACE_OUTER_BOUND('',#1556,.T.);
#989=FACE_OUTER_BOUND('',#1557,.T.);
#990=FACE_OUTER_BOUND('',#1558,.T.);
#991=FACE_OUTER_BOUND('',#1559,.T.);
#992=FACE_OUTER_BOUND('',#1560,.T.);
#993=FACE_OUTER_BOUND('',#1561,.T.);
#994=FACE_OUTER_BOUND('',#1562,.T.);
#995=FACE_OUTER_BOUND('',#1563,.T.);
#996=FACE_OUTER_BOUND('',#1564,.T.);
#997=FACE_OUTER_BOUND('',#1565,.T.);
#998=FACE_OUTER_BOUND('',#1566,.T.);
#999=FACE_OUTER_BOUND('',#1567,.T.);
#1000=FACE_OUTER_BOUND('',#1568,.T.);
#1001=FACE_OUTER_BOUND('',#1569,.T.);
#1002=FACE_OUTER_BOUND('',#1570,.T.);
#1003=FACE_OUTER_BOUND('',#1571,.T.);
#1004=FACE_OUTER_BOUND('',#1572,.T.);
#1005=FACE_OUTER_BOUND('',#1573,.T.);
#1006=FACE_OUTER_BOUND('',#1574,.T.);
#1007=FACE_OUTER_BOUND('',#1576,.T.);
#1008=FACE_OUTER_BOUND('',#1577,.T.);
#1009=FACE_OUTER_BOUND('',#1578,.T.);
#1010=FACE_OUTER_BOUND('',#1579,.T.);
#1011=FACE_OUTER_BOUND('',#1580,.T.);
#1012=FACE_OUTER_BOUND('',#1581,.T.);
#1013=FACE_OUTER_BOUND('',#1582,.T.);
#1014=FACE_OUTER_BOUND('',#1583,.T.);
#1015=FACE_OUTER_BOUND('',#1584,.T.);
#1016=FACE_OUTER_BOUND('',#1585,.T.);
#1017=FACE_OUTER_BOUND('',#1586,.T.);
#1018=FACE_OUTER_BOUND('',#1587,.T.);
#1019=FACE_OUTER_BOUND('',#1588,.T.);
#1020=FACE_OUTER_BOUND('',#1589,.T.);
#1021=FACE_OUTER_BOUND('',#1590,.T.);
#1022=FACE_OUTER_BOUND('',#1591,.T.);
#1023=FACE_OUTER_BOUND('',#1592,.T.);
#1024=FACE_OUTER_BOUND('',#1593,.T.);
#1025=FACE_OUTER_BOUND('',#1594,.T.);
#1026=FACE_OUTER_BOUND('',#1595,.T.);
#1027=FACE_OUTER_BOUND('',#1596,.T.);
#1028=FACE_OUTER_BOUND('',#1597,.T.);
#1029=FACE_OUTER_BOUND('',#1598,.T.);
#1030=FACE_OUTER_BOUND('',#1599,.T.);
#1031=FACE_OUTER_BOUND('',#1600,.T.);
#1032=FACE_OUTER_BOUND('',#1601,.T.);
#1033=FACE_OUTER_BOUND('',#1602,.T.);
#1034=FACE_OUTER_BOUND('',#1603,.T.);
#1035=FACE_OUTER_BOUND('',#1604,.T.);
#1036=FACE_OUTER_BOUND('',#1605,.T.);
#1037=FACE_OUTER_BOUND('',#1606,.T.);
#1038=FACE_OUTER_BOUND('',#1607,.T.);
#1039=FACE_OUTER_BOUND('',#1608,.T.);
#1040=FACE_OUTER_BOUND('',#1609,.T.);
#1041=FACE_OUTER_BOUND('',#1610,.T.);
#1042=FACE_OUTER_BOUND('',#1611,.T.);
#1043=FACE_OUTER_BOUND('',#1612,.T.);
#1044=FACE_OUTER_BOUND('',#1613,.T.);
#1045=FACE_OUTER_BOUND('',#1614,.T.);
#1046=FACE_OUTER_BOUND('',#1615,.T.);
#1047=FACE_OUTER_BOUND('',#1616,.T.);
#1048=FACE_OUTER_BOUND('',#1617,.T.);
#1049=FACE_OUTER_BOUND('',#1618,.T.);
#1050=FACE_OUTER_BOUND('',#1619,.T.);
#1051=FACE_OUTER_BOUND('',#1620,.T.);
#1052=FACE_OUTER_BOUND('',#1621,.T.);
#1053=FACE_OUTER_BOUND('',#1622,.T.);
#1054=FACE_OUTER_BOUND('',#1623,.T.);
#1055=FACE_OUTER_BOUND('',#1624,.T.);
#1056=FACE_OUTER_BOUND('',#1625,.T.);
#1057=FACE_OUTER_BOUND('',#1626,.T.);
#1058=FACE_OUTER_BOUND('',#1627,.T.);
#1059=FACE_OUTER_BOUND('',#1628,.T.);
#1060=FACE_OUTER_BOUND('',#1629,.T.);
#1061=FACE_OUTER_BOUND('',#1630,.T.);
#1062=FACE_OUTER_BOUND('',#1631,.T.);
#1063=FACE_OUTER_BOUND('',#1632,.T.);
#1064=FACE_OUTER_BOUND('',#1633,.T.);
#1065=FACE_OUTER_BOUND('',#1634,.T.);
#1066=FACE_OUTER_BOUND('',#1635,.T.);
#1067=FACE_OUTER_BOUND('',#1636,.T.);
#1068=FACE_OUTER_BOUND('',#1637,.T.);
#1069=FACE_OUTER_BOUND('',#1638,.T.);
#1070=FACE_OUTER_BOUND('',#1639,.T.);
#1071=FACE_OUTER_BOUND('',#1640,.T.);
#1072=FACE_OUTER_BOUND('',#1641,.T.);
#1073=FACE_OUTER_BOUND('',#1642,.T.);
#1074=FACE_OUTER_BOUND('',#1643,.T.);
#1075=FACE_OUTER_BOUND('',#1662,.T.);
#1076=FACE_OUTER_BOUND('',#1663,.T.);
#1077=FACE_OUTER_BOUND('',#1664,.T.);
#1078=FACE_OUTER_BOUND('',#1665,.T.);
#1079=FACE_OUTER_BOUND('',#1666,.T.);
#1080=FACE_OUTER_BOUND('',#1667,.T.);
#1081=FACE_OUTER_BOUND('',#1668,.T.);
#1082=FACE_OUTER_BOUND('',#1669,.T.);
#1083=FACE_OUTER_BOUND('',#1670,.T.);
#1084=FACE_OUTER_BOUND('',#1671,.T.);
#1085=FACE_OUTER_BOUND('',#1672,.T.);
#1086=FACE_OUTER_BOUND('',#1673,.T.);
#1087=FACE_OUTER_BOUND('',#1674,.T.);
#1088=FACE_OUTER_BOUND('',#1675,.T.);
#1089=FACE_OUTER_BOUND('',#1676,.T.);
#1090=FACE_OUTER_BOUND('',#1677,.T.);
#1091=FACE_OUTER_BOUND('',#1678,.T.);
#1092=FACE_OUTER_BOUND('',#1679,.T.);
#1093=FACE_OUTER_BOUND('',#1680,.T.);
#1094=FACE_OUTER_BOUND('',#1681,.T.);
#1095=FACE_OUTER_BOUND('',#1682,.T.);
#1096=FACE_OUTER_BOUND('',#1683,.T.);
#1097=FACE_OUTER_BOUND('',#1684,.T.);
#1098=FACE_OUTER_BOUND('',#1685,.T.);
#1099=FACE_OUTER_BOUND('',#1694,.T.);
#1100=FACE_OUTER_BOUND('',#1695,.T.);
#1101=FACE_OUTER_BOUND('',#1696,.T.);
#1102=FACE_OUTER_BOUND('',#1697,.T.);
#1103=FACE_OUTER_BOUND('',#1698,.T.);
#1104=FACE_OUTER_BOUND('',#1699,.T.);
#1105=FACE_OUTER_BOUND('',#1700,.T.);
#1106=FACE_OUTER_BOUND('',#1701,.T.);
#1107=FACE_OUTER_BOUND('',#1702,.T.);
#1108=FACE_OUTER_BOUND('',#1703,.T.);
#1109=FACE_OUTER_BOUND('',#1704,.T.);
#1110=FACE_OUTER_BOUND('',#1705,.T.);
#1111=FACE_OUTER_BOUND('',#1706,.T.);
#1112=FACE_OUTER_BOUND('',#1707,.T.);
#1113=FACE_OUTER_BOUND('',#1709,.T.);
#1114=FACE_OUTER_BOUND('',#1710,.T.);
#1115=FACE_OUTER_BOUND('',#1712,.T.);
#1116=FACE_OUTER_BOUND('',#1713,.T.);
#1117=FACE_OUTER_BOUND('',#1715,.T.);
#1118=FACE_OUTER_BOUND('',#1716,.T.);
#1119=FACE_OUTER_BOUND('',#1718,.T.);
#1120=FACE_OUTER_BOUND('',#1719,.T.);
#1121=FACE_OUTER_BOUND('',#1720,.T.);
#1122=FACE_OUTER_BOUND('',#1721,.T.);
#1123=FACE_OUTER_BOUND('',#1722,.T.);
#1124=FACE_OUTER_BOUND('',#1723,.T.);
#1125=FACE_OUTER_BOUND('',#1724,.T.);
#1126=FACE_OUTER_BOUND('',#1726,.T.);
#1127=FACE_OUTER_BOUND('',#1727,.T.);
#1128=FACE_OUTER_BOUND('',#1729,.T.);
#1129=FACE_OUTER_BOUND('',#1730,.T.);
#1130=FACE_OUTER_BOUND('',#1731,.T.);
#1131=FACE_OUTER_BOUND('',#1732,.T.);
#1132=FACE_OUTER_BOUND('',#1733,.T.);
#1133=FACE_OUTER_BOUND('',#1734,.T.);
#1134=FACE_OUTER_BOUND('',#1735,.T.);
#1135=FACE_OUTER_BOUND('',#1736,.T.);
#1136=FACE_OUTER_BOUND('',#1737,.T.);
#1137=FACE_OUTER_BOUND('',#1738,.T.);
#1138=FACE_OUTER_BOUND('',#1739,.T.);
#1139=FACE_OUTER_BOUND('',#1740,.T.);
#1140=FACE_OUTER_BOUND('',#1741,.T.);
#1141=FACE_OUTER_BOUND('',#1742,.T.);
#1142=FACE_OUTER_BOUND('',#1743,.T.);
#1143=FACE_OUTER_BOUND('',#1744,.T.);
#1144=FACE_OUTER_BOUND('',#1745,.T.);
#1145=FACE_OUTER_BOUND('',#1746,.T.);
#1146=FACE_OUTER_BOUND('',#1747,.T.);
#1147=FACE_OUTER_BOUND('',#1748,.T.);
#1148=FACE_OUTER_BOUND('',#1749,.T.);
#1149=FACE_OUTER_BOUND('',#1750,.T.);
#1150=FACE_OUTER_BOUND('',#1751,.T.);
#1151=FACE_OUTER_BOUND('',#1753,.T.);
#1152=FACE_OUTER_BOUND('',#1754,.T.);
#1153=FACE_OUTER_BOUND('',#1771,.T.);
#1154=EDGE_LOOP('',(#6559,#6560,#6561,#6562,#6563,#6564,#6565,#6566));
#1155=EDGE_LOOP('',(#6567,#6568,#6569,#6570));
#1156=EDGE_LOOP('',(#6571,#6572,#6573,#6574));
#1157=EDGE_LOOP('',(#6575,#6576,#6577,#6578));
#1158=EDGE_LOOP('',(#6579,#6580,#6581,#6582));
#1159=EDGE_LOOP('',(#6583,#6584,#6585,#6586));
#1160=EDGE_LOOP('',(#6587,#6588,#6589,#6590));
#1161=EDGE_LOOP('',(#6591,#6592,#6593,#6594));
#1162=EDGE_LOOP('',(#6595,#6596,#6597,#6598));
#1163=EDGE_LOOP('',(#6599,#6600,#6601,#6602,#6603,#6604,#6605,#6606));
#1164=EDGE_LOOP('',(#6607,#6608,#6609,#6610,#6611,#6612,#6613,#6614));
#1165=EDGE_LOOP('',(#6615,#6616,#6617,#6618));
#1166=EDGE_LOOP('',(#6619,#6620,#6621,#6622));
#1167=EDGE_LOOP('',(#6623,#6624,#6625,#6626));
#1168=EDGE_LOOP('',(#6627,#6628,#6629,#6630));
#1169=EDGE_LOOP('',(#6631,#6632,#6633,#6634));
#1170=EDGE_LOOP('',(#6635,#6636,#6637,#6638));
#1171=EDGE_LOOP('',(#6639,#6640,#6641,#6642));
#1172=EDGE_LOOP('',(#6643,#6644,#6645,#6646));
#1173=EDGE_LOOP('',(#6647,#6648,#6649,#6650,#6651,#6652,#6653,#6654));
#1174=EDGE_LOOP('',(#6655,#6656,#6657,#6658,#6659,#6660,#6661,#6662));
#1175=EDGE_LOOP('',(#6663,#6664,#6665,#6666));
#1176=EDGE_LOOP('',(#6667,#6668,#6669,#6670));
#1177=EDGE_LOOP('',(#6671,#6672,#6673,#6674));
#1178=EDGE_LOOP('',(#6675,#6676,#6677,#6678));
#1179=EDGE_LOOP('',(#6679,#6680,#6681,#6682));
#1180=EDGE_LOOP('',(#6683,#6684,#6685,#6686));
#1181=EDGE_LOOP('',(#6687,#6688,#6689,#6690));
#1182=EDGE_LOOP('',(#6691,#6692,#6693,#6694));
#1183=EDGE_LOOP('',(#6695,#6696,#6697,#6698,#6699,#6700,#6701,#6702));
#1184=EDGE_LOOP('',(#6703,#6704,#6705,#6706));
#1185=EDGE_LOOP('',(#6707,#6708,#6709,#6710,#6711,#6712,#6713,#6714,#6715,
#6716));
#1186=EDGE_LOOP('',(#6717,#6718,#6719,#6720,#6721,#6722,#6723,#6724,#6725,
#6726,#6727,#6728));
#1187=EDGE_LOOP('',(#6729,#6730,#6731,#6732,#6733,#6734,#6735,#6736));
#1188=EDGE_LOOP('',(#6737,#6738,#6739,#6740));
#1189=EDGE_LOOP('',(#6741,#6742,#6743,#6744));
#1190=EDGE_LOOP('',(#6745,#6746,#6747,#6748));
#1191=EDGE_LOOP('',(#6749,#6750,#6751,#6752));
#1192=EDGE_LOOP('',(#6753,#6754,#6755,#6756,#6757,#6758,#6759,#6760));
#1193=EDGE_LOOP('',(#6761,#6762,#6763,#6764,#6765,#6766,#6767,#6768,#6769,
#6770,#6771,#6772,#6773,#6774,#6775,#6776,#6777,#6778));
#1194=EDGE_LOOP('',(#6779,#6780,#6781,#6782,#6783,#6784));
#1195=EDGE_LOOP('',(#6785,#6786,#6787,#6788));
#1196=EDGE_LOOP('',(#6789,#6790,#6791,#6792,#6793,#6794,#6795,#6796,#6797,
#6798,#6799,#6800));
#1197=EDGE_LOOP('',(#6801,#6802,#6803,#6804,#6805,#6806));
#1198=EDGE_LOOP('',(#6807,#6808,#6809,#6810,#6811,#6812,#6813,#6814));
#1199=EDGE_LOOP('',(#6815,#6816,#6817,#6818,#6819,#6820,#6821,#6822));
#1200=EDGE_LOOP('',(#6823,#6824,#6825,#6826));
#1201=EDGE_LOOP('',(#6827,#6828,#6829,#6830,#6831,#6832,#6833,#6834,#6835,
#6836));
#1202=EDGE_LOOP('',(#6837,#6838,#6839,#6840));
#1203=EDGE_LOOP('',(#6841,#6842,#6843,#6844,#6845,#6846));
#1204=EDGE_LOOP('',(#6847,#6848,#6849,#6850,#6851,#6852,#6853,#6854,#6855,
#6856,#6857,#6858,#6859,#6860,#6861,#6862));
#1205=EDGE_LOOP('',(#6863,#6864,#6865,#6866,#6867,#6868,#6869,#6870,#6871,
#6872,#6873,#6874));
#1206=EDGE_LOOP('',(#6875,#6876,#6877,#6878));
#1207=EDGE_LOOP('',(#6879,#6880,#6881,#6882));
#1208=EDGE_LOOP('',(#6883,#6884,#6885,#6886,#6887,#6888));
#1209=EDGE_LOOP('',(#6889,#6890,#6891,#6892,#6893,#6894));
#1210=EDGE_LOOP('',(#6895,#6896,#6897,#6898,#6899));
#1211=EDGE_LOOP('',(#6900,#6901,#6902,#6903));
#1212=EDGE_LOOP('',(#6904,#6905,#6906,#6907,#6908));
#1213=EDGE_LOOP('',(#6909,#6910,#6911,#6912,#6913,#6914));
#1214=EDGE_LOOP('',(#6915,#6916,#6917,#6918,#6919,#6920));
#1215=EDGE_LOOP('',(#6921,#6922,#6923,#6924));
#1216=EDGE_LOOP('',(#6925,#6926,#6927,#6928,#6929,#6930));
#1217=EDGE_LOOP('',(#6931,#6932,#6933,#6934,#6935,#6936));
#1218=EDGE_LOOP('',(#6937,#6938,#6939,#6940,#6941));
#1219=EDGE_LOOP('',(#6942,#6943,#6944,#6945,#6946,#6947,#6948,#6949));
#1220=EDGE_LOOP('',(#6950,#6951,#6952,#6953));
#1221=EDGE_LOOP('',(#6954,#6955,#6956,#6957,#6958,#6959,#6960,#6961,#6962,
#6963));
#1222=EDGE_LOOP('',(#6964,#6965,#6966,#6967));
#1223=EDGE_LOOP('',(#6968,#6969,#6970,#6971));
#1224=EDGE_LOOP('',(#6972,#6973,#6974,#6975));
#1225=EDGE_LOOP('',(#6976,#6977,#6978,#6979,#6980,#6981,#6982,#6983));
#1226=EDGE_LOOP('',(#6984,#6985,#6986,#6987,#6988,#6989));
#1227=EDGE_LOOP('',(#6990,#6991,#6992,#6993));
#1228=EDGE_LOOP('',(#6994,#6995,#6996,#6997));
#1229=EDGE_LOOP('',(#6998,#6999,#7000,#7001));
#1230=EDGE_LOOP('',(#7002,#7003,#7004,#7005));
#1231=EDGE_LOOP('',(#7006,#7007,#7008,#7009));
#1232=EDGE_LOOP('',(#7010,#7011,#7012,#7013));
#1233=EDGE_LOOP('',(#7014,#7015,#7016,#7017));
#1234=EDGE_LOOP('',(#7018,#7019,#7020,#7021));
#1235=EDGE_LOOP('',(#7022,#7023,#7024,#7025));
#1236=EDGE_LOOP('',(#7026,#7027,#7028,#7029,#7030,#7031));
#1237=EDGE_LOOP('',(#7032,#7033,#7034,#7035,#7036));
#1238=EDGE_LOOP('',(#7037,#7038,#7039,#7040));
#1239=EDGE_LOOP('',(#7041,#7042,#7043,#7044,#7045,#7046));
#1240=EDGE_LOOP('',(#7047,#7048,#7049,#7050));
#1241=EDGE_LOOP('',(#7051,#7052,#7053,#7054));
#1242=EDGE_LOOP('',(#7055,#7056,#7057,#7058));
#1243=EDGE_LOOP('',(#7059,#7060,#7061,#7062));
#1244=EDGE_LOOP('',(#7063,#7064,#7065,#7066));
#1245=EDGE_LOOP('',(#7067,#7068,#7069,#7070));
#1246=EDGE_LOOP('',(#7071,#7072,#7073,#7074));
#1247=EDGE_LOOP('',(#7075,#7076,#7077,#7078));
#1248=EDGE_LOOP('',(#7079,#7080,#7081,#7082));
#1249=EDGE_LOOP('',(#7083,#7084,#7085,#7086));
#1250=EDGE_LOOP('',(#7087,#7088,#7089,#7090));
#1251=EDGE_LOOP('',(#7091,#7092,#7093,#7094));
#1252=EDGE_LOOP('',(#7095,#7096,#7097,#7098));
#1253=EDGE_LOOP('',(#7099,#7100,#7101,#7102));
#1254=EDGE_LOOP('',(#7103,#7104,#7105,#7106));
#1255=EDGE_LOOP('',(#7107,#7108,#7109,#7110));
#1256=EDGE_LOOP('',(#7111,#7112,#7113,#7114));
#1257=EDGE_LOOP('',(#7115,#7116,#7117,#7118));
#1258=EDGE_LOOP('',(#7119,#7120,#7121,#7122));
#1259=EDGE_LOOP('',(#7123,#7124,#7125,#7126));
#1260=EDGE_LOOP('',(#7127,#7128,#7129,#7130));
#1261=EDGE_LOOP('',(#7131,#7132,#7133,#7134));
#1262=EDGE_LOOP('',(#7135,#7136,#7137,#7138,#7139,#7140,#7141,#7142,#7143,
#7144,#7145,#7146));
#1263=EDGE_LOOP('',(#7147,#7148,#7149,#7150));
#1264=EDGE_LOOP('',(#7151,#7152,#7153,#7154,#7155,#7156,#7157,#7158,#7159,
#7160,#7161,#7162));
#1265=EDGE_LOOP('',(#7163,#7164,#7165,#7166));
#1266=EDGE_LOOP('',(#7167,#7168,#7169,#7170,#7171,#7172,#7173,#7174,#7175,
#7176,#7177,#7178));
#1267=EDGE_LOOP('',(#7179,#7180,#7181,#7182));
#1268=EDGE_LOOP('',(#7183,#7184,#7185,#7186,#7187,#7188,#7189,#7190,#7191,
#7192,#7193,#7194));
#1269=EDGE_LOOP('',(#7195,#7196,#7197,#7198));
#1270=EDGE_LOOP('',(#7199,#7200,#7201,#7202));
#1271=EDGE_LOOP('',(#7203,#7204,#7205,#7206));
#1272=EDGE_LOOP('',(#7207,#7208,#7209,#7210));
#1273=EDGE_LOOP('',(#7211,#7212,#7213,#7214));
#1274=EDGE_LOOP('',(#7215,#7216,#7217,#7218));
#1275=EDGE_LOOP('',(#7219,#7220,#7221,#7222,#7223,#7224));
#1276=EDGE_LOOP('',(#7225,#7226,#7227,#7228,#7229,#7230));
#1277=EDGE_LOOP('',(#7231,#7232,#7233,#7234,#7235,#7236));
#1278=EDGE_LOOP('',(#7237,#7238,#7239,#7240));
#1279=EDGE_LOOP('',(#7241,#7242,#7243,#7244));
#1280=EDGE_LOOP('',(#7245,#7246,#7247,#7248));
#1281=EDGE_LOOP('',(#7249,#7250,#7251,#7252,#7253,#7254));
#1282=EDGE_LOOP('',(#7255,#7256,#7257,#7258));
#1283=EDGE_LOOP('',(#7259,#7260,#7261,#7262));
#1284=EDGE_LOOP('',(#7263,#7264,#7265,#7266));
#1285=EDGE_LOOP('',(#7267,#7268,#7269,#7270,#7271,#7272));
#1286=EDGE_LOOP('',(#7273,#7274,#7275,#7276,#7277,#7278));
#1287=EDGE_LOOP('',(#7279,#7280,#7281,#7282,#7283,#7284));
#1288=EDGE_LOOP('',(#7285,#7286,#7287,#7288));
#1289=EDGE_LOOP('',(#7289,#7290,#7291,#7292));
#1290=EDGE_LOOP('',(#7293,#7294,#7295,#7296));
#1291=EDGE_LOOP('',(#7297,#7298,#7299,#7300,#7301,#7302));
#1292=EDGE_LOOP('',(#7303,#7304,#7305,#7306));
#1293=EDGE_LOOP('',(#7307,#7308,#7309,#7310));
#1294=EDGE_LOOP('',(#7311,#7312,#7313,#7314));
#1295=EDGE_LOOP('',(#7315,#7316,#7317,#7318));
#1296=EDGE_LOOP('',(#7319,#7320,#7321,#7322));
#1297=EDGE_LOOP('',(#7323,#7324,#7325,#7326));
#1298=EDGE_LOOP('',(#7327,#7328,#7329));
#1299=EDGE_LOOP('',(#7330,#7331,#7332,#7333));
#1300=EDGE_LOOP('',(#7334,#7335));
#1301=EDGE_LOOP('',(#7336));
#1302=EDGE_LOOP('',(#7337,#7338,#7339,#7340));
#1303=EDGE_LOOP('',(#7341,#7342,#7343,#7344));
#1304=EDGE_LOOP('',(#7345,#7346));
#1305=EDGE_LOOP('',(#7347,#7348,#7349,#7350));
#1306=EDGE_LOOP('',(#7351,#7352,#7353,#7354));
#1307=EDGE_LOOP('',(#7355,#7356,#7357,#7358));
#1308=EDGE_LOOP('',(#7359,#7360,#7361,#7362));
#1309=EDGE_LOOP('',(#7363,#7364,#7365,#7366));
#1310=EDGE_LOOP('',(#7367,#7368,#7369,#7370));
#1311=EDGE_LOOP('',(#7371,#7372,#7373,#7374));
#1312=EDGE_LOOP('',(#7375,#7376,#7377,#7378));
#1313=EDGE_LOOP('',(#7379,#7380,#7381,#7382));
#1314=EDGE_LOOP('',(#7383,#7384,#7385,#7386));
#1315=EDGE_LOOP('',(#7387,#7388,#7389,#7390));
#1316=EDGE_LOOP('',(#7391,#7392,#7393,#7394));
#1317=EDGE_LOOP('',(#7395));
#1318=EDGE_LOOP('',(#7396,#7397,#7398,#7399));
#1319=EDGE_LOOP('',(#7400,#7401,#7402,#7403,#7404,#7405,#7406,#7407));
#1320=EDGE_LOOP('',(#7408));
#1321=EDGE_LOOP('',(#7409));
#1322=EDGE_LOOP('',(#7410));
#1323=EDGE_LOOP('',(#7411));
#1324=EDGE_LOOP('',(#7412));
#1325=EDGE_LOOP('',(#7413,#7414,#7415,#7416));
#1326=EDGE_LOOP('',(#7417,#7418,#7419,#7420));
#1327=EDGE_LOOP('',(#7421,#7422,#7423,#7424));
#1328=EDGE_LOOP('',(#7425,#7426,#7427,#7428));
#1329=EDGE_LOOP('',(#7429,#7430,#7431,#7432));
#1330=EDGE_LOOP('',(#7433,#7434,#7435,#7436));
#1331=EDGE_LOOP('',(#7437,#7438,#7439,#7440));
#1332=EDGE_LOOP('',(#7441,#7442,#7443,#7444));
#1333=EDGE_LOOP('',(#7445,#7446,#7447,#7448));
#1334=EDGE_LOOP('',(#7449,#7450,#7451,#7452));
#1335=EDGE_LOOP('',(#7453,#7454,#7455,#7456));
#1336=EDGE_LOOP('',(#7457,#7458,#7459,#7460));
#1337=EDGE_LOOP('',(#7461,#7462,#7463,#7464));
#1338=EDGE_LOOP('',(#7465,#7466,#7467,#7468));
#1339=EDGE_LOOP('',(#7469,#7470,#7471,#7472));
#1340=EDGE_LOOP('',(#7473,#7474,#7475,#7476,#7477,#7478,#7479,#7480,#7481,
#7482,#7483,#7484));
#1341=EDGE_LOOP('',(#7485,#7486,#7487,#7488,#7489,#7490,#7491,#7492,#7493,
#7494,#7495,#7496));
#1342=EDGE_LOOP('',(#7497,#7498,#7499,#7500));
#1343=EDGE_LOOP('',(#7501,#7502,#7503,#7504));
#1344=EDGE_LOOP('',(#7505,#7506,#7507,#7508));
#1345=EDGE_LOOP('',(#7509));
#1346=EDGE_LOOP('',(#7510,#7511,#7512,#7513));
#1347=EDGE_LOOP('',(#7514));
#1348=EDGE_LOOP('',(#7515));
#1349=EDGE_LOOP('',(#7516,#7517,#7518,#7519,#7520,#7521,#7522,#7523,#7524,
#7525,#7526,#7527,#7528,#7529,#7530,#7531));
#1350=EDGE_LOOP('',(#7532,#7533,#7534,#7535,#7536,#7537,#7538,#7539,#7540,
#7541,#7542,#7543,#7544,#7545,#7546,#7547,#7548,#7549));
#1351=EDGE_LOOP('',(#7550,#7551,#7552,#7553));
#1352=EDGE_LOOP('',(#7554,#7555,#7556,#7557,#7558,#7559,#7560,#7561,#7562,
#7563,#7564,#7565,#7566,#7567,#7568,#7569,#7570,#7571));
#1353=EDGE_LOOP('',(#7572,#7573,#7574,#7575,#7576,#7577,#7578,#7579,#7580,
#7581,#7582,#7583,#7584,#7585,#7586,#7587,#7588,#7589));
#1354=EDGE_LOOP('',(#7590,#7591,#7592,#7593,#7594,#7595,#7596,#7597,#7598,
#7599,#7600,#7601,#7602,#7603,#7604,#7605,#7606,#7607));
#1355=EDGE_LOOP('',(#7608,#7609,#7610,#7611));
#1356=EDGE_LOOP('',(#7612,#7613,#7614,#7615,#7616,#7617,#7618,#7619,#7620,
#7621,#7622,#7623,#7624,#7625,#7626,#7627,#7628,#7629));
#1357=EDGE_LOOP('',(#7630,#7631,#7632,#7633));
#1358=EDGE_LOOP('',(#7634,#7635,#7636,#7637,#7638,#7639,#7640,#7641,#7642,
#7643,#7644,#7645,#7646,#7647,#7648,#7649,#7650,#7651));
#1359=EDGE_LOOP('',(#7652,#7653,#7654,#7655,#7656,#7657,#7658,#7659,#7660,
#7661,#7662,#7663,#7664,#7665,#7666,#7667,#7668,#7669));
#1360=EDGE_LOOP('',(#7670,#7671,#7672,#7673,#7674,#7675,#7676,#7677,#7678,
#7679,#7680,#7681,#7682,#7683,#7684,#7685,#7686,#7687));
#1361=EDGE_LOOP('',(#7688,#7689,#7690,#7691));
#1362=EDGE_LOOP('',(#7692));
#1363=EDGE_LOOP('',(#7693,#7694,#7695,#7696));
#1364=EDGE_LOOP('',(#7697,#7698,#7699,#7700));
#1365=EDGE_LOOP('',(#7701,#7702,#7703,#7704));
#1366=EDGE_LOOP('',(#7705,#7706,#7707,#7708));
#1367=EDGE_LOOP('',(#7709,#7710,#7711,#7712));
#1368=EDGE_LOOP('',(#7713,#7714,#7715,#7716));
#1369=EDGE_LOOP('',(#7717,#7718,#7719,#7720));
#1370=EDGE_LOOP('',(#7721,#7722,#7723,#7724));
#1371=EDGE_LOOP('',(#7725,#7726,#7727,#7728));
#1372=EDGE_LOOP('',(#7729,#7730,#7731,#7732));
#1373=EDGE_LOOP('',(#7733,#7734,#7735,#7736));
#1374=EDGE_LOOP('',(#7737,#7738,#7739,#7740));
#1375=EDGE_LOOP('',(#7741,#7742,#7743,#7744));
#1376=EDGE_LOOP('',(#7745,#7746,#7747,#7748));
#1377=EDGE_LOOP('',(#7749,#7750,#7751,#7752));
#1378=EDGE_LOOP('',(#7753,#7754,#7755,#7756));
#1379=EDGE_LOOP('',(#7757,#7758,#7759,#7760));
#1380=EDGE_LOOP('',(#7761,#7762,#7763,#7764));
#1381=EDGE_LOOP('',(#7765,#7766,#7767,#7768));
#1382=EDGE_LOOP('',(#7769,#7770,#7771,#7772));
#1383=EDGE_LOOP('',(#7773,#7774,#7775,#7776));
#1384=EDGE_LOOP('',(#7777,#7778,#7779,#7780));
#1385=EDGE_LOOP('',(#7781,#7782,#7783,#7784));
#1386=EDGE_LOOP('',(#7785,#7786,#7787,#7788));
#1387=EDGE_LOOP('',(#7789,#7790,#7791,#7792));
#1388=EDGE_LOOP('',(#7793,#7794,#7795,#7796));
#1389=EDGE_LOOP('',(#7797,#7798,#7799,#7800));
#1390=EDGE_LOOP('',(#7801,#7802,#7803,#7804));
#1391=EDGE_LOOP('',(#7805,#7806,#7807,#7808));
#1392=EDGE_LOOP('',(#7809,#7810,#7811,#7812));
#1393=EDGE_LOOP('',(#7813,#7814,#7815,#7816));
#1394=EDGE_LOOP('',(#7817,#7818,#7819,#7820));
#1395=EDGE_LOOP('',(#7821,#7822,#7823,#7824));
#1396=EDGE_LOOP('',(#7825,#7826,#7827,#7828));
#1397=EDGE_LOOP('',(#7829,#7830,#7831,#7832));
#1398=EDGE_LOOP('',(#7833,#7834,#7835,#7836));
#1399=EDGE_LOOP('',(#7837,#7838,#7839,#7840));
#1400=EDGE_LOOP('',(#7841,#7842,#7843,#7844));
#1401=EDGE_LOOP('',(#7845,#7846,#7847,#7848));
#1402=EDGE_LOOP('',(#7849,#7850,#7851,#7852));
#1403=EDGE_LOOP('',(#7853,#7854,#7855,#7856));
#1404=EDGE_LOOP('',(#7857,#7858,#7859,#7860));
#1405=EDGE_LOOP('',(#7861,#7862,#7863,#7864));
#1406=EDGE_LOOP('',(#7865,#7866,#7867,#7868));
#1407=EDGE_LOOP('',(#7869,#7870,#7871,#7872));
#1408=EDGE_LOOP('',(#7873,#7874,#7875,#7876));
#1409=EDGE_LOOP('',(#7877,#7878,#7879,#7880));
#1410=EDGE_LOOP('',(#7881,#7882,#7883,#7884));
#1411=EDGE_LOOP('',(#7885,#7886,#7887,#7888));
#1412=EDGE_LOOP('',(#7889,#7890,#7891,#7892));
#1413=EDGE_LOOP('',(#7893,#7894,#7895,#7896));
#1414=EDGE_LOOP('',(#7897,#7898,#7899,#7900));
#1415=EDGE_LOOP('',(#7901,#7902,#7903,#7904));
#1416=EDGE_LOOP('',(#7905,#7906,#7907,#7908));
#1417=EDGE_LOOP('',(#7909,#7910,#7911,#7912));
#1418=EDGE_LOOP('',(#7913,#7914,#7915,#7916));
#1419=EDGE_LOOP('',(#7917,#7918,#7919,#7920));
#1420=EDGE_LOOP('',(#7921,#7922,#7923,#7924));
#1421=EDGE_LOOP('',(#7925,#7926,#7927,#7928));
#1422=EDGE_LOOP('',(#7929,#7930,#7931,#7932));
#1423=EDGE_LOOP('',(#7933,#7934,#7935,#7936));
#1424=EDGE_LOOP('',(#7937,#7938,#7939,#7940));
#1425=EDGE_LOOP('',(#7941,#7942,#7943,#7944));
#1426=EDGE_LOOP('',(#7945,#7946,#7947,#7948));
#1427=EDGE_LOOP('',(#7949,#7950,#7951,#7952));
#1428=EDGE_LOOP('',(#7953,#7954,#7955,#7956,#7957,#7958,#7959,#7960,#7961,
#7962));
#1429=EDGE_LOOP('',(#7963,#7964,#7965,#7966));
#1430=EDGE_LOOP('',(#7967,#7968,#7969,#7970));
#1431=EDGE_LOOP('',(#7971,#7972,#7973,#7974,#7975,#7976,#7977,#7978,#7979,
#7980));
#1432=EDGE_LOOP('',(#7981,#7982,#7983,#7984));
#1433=EDGE_LOOP('',(#7985,#7986,#7987,#7988));
#1434=EDGE_LOOP('',(#7989,#7990,#7991,#7992,#7993,#7994,#7995,#7996));
#1435=EDGE_LOOP('',(#7997,#7998,#7999,#8000));
#1436=EDGE_LOOP('',(#8001,#8002,#8003,#8004));
#1437=EDGE_LOOP('',(#8005,#8006,#8007,#8008,#8009,#8010,#8011,#8012));
#1438=EDGE_LOOP('',(#8013,#8014,#8015,#8016));
#1439=EDGE_LOOP('',(#8017,#8018,#8019,#8020,#8021,#8022,#8023,#8024,#8025,
#8026));
#1440=EDGE_LOOP('',(#8027,#8028,#8029,#8030));
#1441=EDGE_LOOP('',(#8031,#8032,#8033,#8034));
#1442=EDGE_LOOP('',(#8035,#8036,#8037,#8038,#8039,#8040,#8041,#8042,#8043,
#8044));
#1443=EDGE_LOOP('',(#8045,#8046,#8047,#8048));
#1444=EDGE_LOOP('',(#8049,#8050,#8051,#8052));
#1445=EDGE_LOOP('',(#8053,#8054,#8055,#8056));
#1446=EDGE_LOOP('',(#8057,#8058,#8059,#8060));
#1447=EDGE_LOOP('',(#8061,#8062,#8063,#8064));
#1448=EDGE_LOOP('',(#8065,#8066,#8067,#8068));
#1449=EDGE_LOOP('',(#8069,#8070,#8071,#8072));
#1450=EDGE_LOOP('',(#8073,#8074,#8075,#8076));
#1451=EDGE_LOOP('',(#8077,#8078,#8079,#8080));
#1452=EDGE_LOOP('',(#8081,#8082,#8083,#8084));
#1453=EDGE_LOOP('',(#8085,#8086,#8087,#8088));
#1454=EDGE_LOOP('',(#8089,#8090,#8091,#8092));
#1455=EDGE_LOOP('',(#8093,#8094,#8095,#8096));
#1456=EDGE_LOOP('',(#8097,#8098,#8099,#8100));
#1457=EDGE_LOOP('',(#8101,#8102,#8103,#8104));
#1458=EDGE_LOOP('',(#8105,#8106,#8107,#8108));
#1459=EDGE_LOOP('',(#8109,#8110,#8111,#8112));
#1460=EDGE_LOOP('',(#8113,#8114,#8115,#8116));
#1461=EDGE_LOOP('',(#8117,#8118,#8119,#8120));
#1462=EDGE_LOOP('',(#8121,#8122,#8123,#8124));
#1463=EDGE_LOOP('',(#8125,#8126,#8127,#8128));
#1464=EDGE_LOOP('',(#8129,#8130,#8131,#8132));
#1465=EDGE_LOOP('',(#8133,#8134,#8135,#8136));
#1466=EDGE_LOOP('',(#8137,#8138,#8139,#8140));
#1467=EDGE_LOOP('',(#8141,#8142,#8143,#8144));
#1468=EDGE_LOOP('',(#8145,#8146,#8147,#8148));
#1469=EDGE_LOOP('',(#8149,#8150,#8151,#8152));
#1470=EDGE_LOOP('',(#8153,#8154,#8155,#8156));
#1471=EDGE_LOOP('',(#8157,#8158,#8159,#8160));
#1472=EDGE_LOOP('',(#8161,#8162,#8163,#8164,#8165,#8166,#8167,#8168,#8169,
#8170,#8171,#8172,#8173,#8174,#8175,#8176,#8177,#8178,#8179));
#1473=EDGE_LOOP('',(#8180,#8181,#8182,#8183));
#1474=EDGE_LOOP('',(#8184,#8185,#8186,#8187));
#1475=EDGE_LOOP('',(#8188,#8189,#8190,#8191));
#1476=EDGE_LOOP('',(#8192,#8193,#8194,#8195));
#1477=EDGE_LOOP('',(#8196,#8197,#8198,#8199));
#1478=EDGE_LOOP('',(#8200,#8201,#8202,#8203));
#1479=EDGE_LOOP('',(#8204,#8205,#8206,#8207));
#1480=EDGE_LOOP('',(#8208,#8209,#8210,#8211));
#1481=EDGE_LOOP('',(#8212,#8213,#8214,#8215));
#1482=EDGE_LOOP('',(#8216,#8217,#8218,#8219));
#1483=EDGE_LOOP('',(#8220,#8221,#8222,#8223));
#1484=EDGE_LOOP('',(#8224,#8225,#8226,#8227));
#1485=EDGE_LOOP('',(#8228,#8229,#8230,#8231));
#1486=EDGE_LOOP('',(#8232,#8233,#8234,#8235));
#1487=EDGE_LOOP('',(#8236,#8237,#8238,#8239));
#1488=EDGE_LOOP('',(#8240,#8241,#8242,#8243));
#1489=EDGE_LOOP('',(#8244,#8245,#8246,#8247));
#1490=EDGE_LOOP('',(#8248,#8249,#8250,#8251));
#1491=EDGE_LOOP('',(#8252,#8253,#8254,#8255));
#1492=EDGE_LOOP('',(#8256,#8257,#8258,#8259));
#1493=EDGE_LOOP('',(#8260,#8261,#8262,#8263));
#1494=EDGE_LOOP('',(#8264,#8265,#8266,#8267));
#1495=EDGE_LOOP('',(#8268,#8269,#8270,#8271));
#1496=EDGE_LOOP('',(#8272,#8273,#8274,#8275,#8276,#8277,#8278,#8279,#8280,
#8281,#8282,#8283,#8284,#8285,#8286,#8287,#8288,#8289));
#1497=EDGE_LOOP('',(#8290,#8291,#8292,#8293));
#1498=EDGE_LOOP('',(#8294,#8295,#8296,#8297));
#1499=EDGE_LOOP('',(#8298,#8299,#8300,#8301));
#1500=EDGE_LOOP('',(#8302,#8303,#8304,#8305));
#1501=EDGE_LOOP('',(#8306,#8307,#8308,#8309));
#1502=EDGE_LOOP('',(#8310,#8311,#8312,#8313));
#1503=EDGE_LOOP('',(#8314,#8315,#8316,#8317));
#1504=EDGE_LOOP('',(#8318,#8319,#8320,#8321));
#1505=EDGE_LOOP('',(#8322,#8323,#8324,#8325));
#1506=EDGE_LOOP('',(#8326,#8327,#8328,#8329));
#1507=EDGE_LOOP('',(#8330,#8331,#8332,#8333));
#1508=EDGE_LOOP('',(#8334,#8335,#8336,#8337));
#1509=EDGE_LOOP('',(#8338,#8339,#8340,#8341));
#1510=EDGE_LOOP('',(#8342,#8343,#8344,#8345));
#1511=EDGE_LOOP('',(#8346,#8347,#8348,#8349));
#1512=EDGE_LOOP('',(#8350,#8351,#8352,#8353));
#1513=EDGE_LOOP('',(#8354,#8355,#8356,#8357));
#1514=EDGE_LOOP('',(#8358,#8359,#8360,#8361));
#1515=EDGE_LOOP('',(#8362,#8363,#8364,#8365));
#1516=EDGE_LOOP('',(#8366,#8367,#8368,#8369));
#1517=EDGE_LOOP('',(#8370,#8371,#8372,#8373));
#1518=EDGE_LOOP('',(#8374,#8375,#8376,#8377));
#1519=EDGE_LOOP('',(#8378,#8379,#8380,#8381));
#1520=EDGE_LOOP('',(#8382,#8383,#8384,#8385));
#1521=EDGE_LOOP('',(#8386,#8387,#8388,#8389));
#1522=EDGE_LOOP('',(#8390,#8391,#8392,#8393));
#1523=EDGE_LOOP('',(#8394,#8395,#8396,#8397));
#1524=EDGE_LOOP('',(#8398,#8399,#8400,#8401));
#1525=EDGE_LOOP('',(#8402,#8403,#8404,#8405));
#1526=EDGE_LOOP('',(#8406,#8407,#8408,#8409));
#1527=EDGE_LOOP('',(#8410,#8411,#8412,#8413));
#1528=EDGE_LOOP('',(#8414,#8415,#8416,#8417));
#1529=EDGE_LOOP('',(#8418,#8419,#8420,#8421));
#1530=EDGE_LOOP('',(#8422,#8423,#8424,#8425));
#1531=EDGE_LOOP('',(#8426,#8427,#8428,#8429));
#1532=EDGE_LOOP('',(#8430,#8431,#8432,#8433));
#1533=EDGE_LOOP('',(#8434,#8435,#8436,#8437));
#1534=EDGE_LOOP('',(#8438,#8439,#8440,#8441,#8442,#8443,#8444,#8445,#8446,
#8447,#8448,#8449,#8450,#8451,#8452,#8453,#8454,#8455,#8456,#8457,#8458,
#8459,#8460,#8461,#8462,#8463,#8464));
#1535=EDGE_LOOP('',(#8465,#8466,#8467,#8468,#8469,#8470,#8471,#8472,#8473,
#8474));
#1536=EDGE_LOOP('',(#8475,#8476,#8477,#8478));
#1537=EDGE_LOOP('',(#8479,#8480,#8481,#8482));
#1538=EDGE_LOOP('',(#8483,#8484,#8485,#8486));
#1539=EDGE_LOOP('',(#8487,#8488,#8489,#8490));
#1540=EDGE_LOOP('',(#8491,#8492,#8493,#8494));
#1541=EDGE_LOOP('',(#8495,#8496,#8497,#8498));
#1542=EDGE_LOOP('',(#8499,#8500,#8501,#8502));
#1543=EDGE_LOOP('',(#8503,#8504,#8505,#8506));
#1544=EDGE_LOOP('',(#8507,#8508,#8509,#8510));
#1545=EDGE_LOOP('',(#8511,#8512,#8513,#8514));
#1546=EDGE_LOOP('',(#8515,#8516,#8517,#8518));
#1547=EDGE_LOOP('',(#8519,#8520,#8521,#8522));
#1548=EDGE_LOOP('',(#8523,#8524,#8525,#8526));
#1549=EDGE_LOOP('',(#8527,#8528,#8529,#8530));
#1550=EDGE_LOOP('',(#8531,#8532,#8533,#8534));
#1551=EDGE_LOOP('',(#8535,#8536,#8537,#8538));
#1552=EDGE_LOOP('',(#8539,#8540,#8541,#8542));
#1553=EDGE_LOOP('',(#8543,#8544,#8545,#8546,#8547,#8548,#8549,#8550,#8551,
#8552,#8553,#8554,#8555,#8556,#8557,#8558,#8559));
#1554=EDGE_LOOP('',(#8560,#8561,#8562,#8563));
#1555=EDGE_LOOP('',(#8564,#8565,#8566,#8567));
#1556=EDGE_LOOP('',(#8568,#8569,#8570,#8571));
#1557=EDGE_LOOP('',(#8572,#8573,#8574,#8575));
#1558=EDGE_LOOP('',(#8576,#8577,#8578,#8579));
#1559=EDGE_LOOP('',(#8580,#8581,#8582,#8583));
#1560=EDGE_LOOP('',(#8584,#8585,#8586,#8587));
#1561=EDGE_LOOP('',(#8588,#8589,#8590,#8591));
#1562=EDGE_LOOP('',(#8592,#8593,#8594,#8595));
#1563=EDGE_LOOP('',(#8596,#8597,#8598,#8599));
#1564=EDGE_LOOP('',(#8600,#8601,#8602,#8603));
#1565=EDGE_LOOP('',(#8604,#8605,#8606,#8607));
#1566=EDGE_LOOP('',(#8608,#8609,#8610,#8611));
#1567=EDGE_LOOP('',(#8612,#8613,#8614,#8615));
#1568=EDGE_LOOP('',(#8616,#8617,#8618,#8619));
#1569=EDGE_LOOP('',(#8620,#8621,#8622,#8623));
#1570=EDGE_LOOP('',(#8624,#8625,#8626,#8627));
#1571=EDGE_LOOP('',(#8628,#8629,#8630,#8631));
#1572=EDGE_LOOP('',(#8632,#8633,#8634,#8635));
#1573=EDGE_LOOP('',(#8636,#8637,#8638,#8639));
#1574=EDGE_LOOP('',(#8640,#8641,#8642,#8643,#8644,#8645,#8646,#8647,#8648,
#8649,#8650,#8651,#8652,#8653,#8654));
#1575=EDGE_LOOP('',(#8655,#8656,#8657,#8658,#8659));
#1576=EDGE_LOOP('',(#8660,#8661,#8662,#8663));
#1577=EDGE_LOOP('',(#8664,#8665,#8666,#8667));
#1578=EDGE_LOOP('',(#8668,#8669,#8670,#8671));
#1579=EDGE_LOOP('',(#8672,#8673,#8674,#8675));
#1580=EDGE_LOOP('',(#8676,#8677,#8678,#8679));
#1581=EDGE_LOOP('',(#8680,#8681,#8682,#8683));
#1582=EDGE_LOOP('',(#8684,#8685,#8686,#8687));
#1583=EDGE_LOOP('',(#8688,#8689,#8690,#8691));
#1584=EDGE_LOOP('',(#8692,#8693,#8694,#8695));
#1585=EDGE_LOOP('',(#8696,#8697,#8698,#8699));
#1586=EDGE_LOOP('',(#8700,#8701,#8702,#8703));
#1587=EDGE_LOOP('',(#8704,#8705,#8706,#8707));
#1588=EDGE_LOOP('',(#8708,#8709,#8710,#8711));
#1589=EDGE_LOOP('',(#8712,#8713,#8714,#8715));
#1590=EDGE_LOOP('',(#8716,#8717,#8718,#8719));
#1591=EDGE_LOOP('',(#8720,#8721,#8722,#8723));
#1592=EDGE_LOOP('',(#8724,#8725,#8726,#8727));
#1593=EDGE_LOOP('',(#8728,#8729,#8730,#8731));
#1594=EDGE_LOOP('',(#8732,#8733,#8734,#8735));
#1595=EDGE_LOOP('',(#8736,#8737,#8738,#8739));
#1596=EDGE_LOOP('',(#8740,#8741,#8742,#8743));
#1597=EDGE_LOOP('',(#8744,#8745,#8746,#8747));
#1598=EDGE_LOOP('',(#8748,#8749,#8750,#8751,#8752,#8753,#8754,#8755,#8756,
#8757,#8758,#8759,#8760,#8761,#8762,#8763,#8764,#8765,#8766,#8767,#8768,
#8769));
#1599=EDGE_LOOP('',(#8770,#8771,#8772,#8773));
#1600=EDGE_LOOP('',(#8774,#8775,#8776,#8777));
#1601=EDGE_LOOP('',(#8778,#8779,#8780,#8781));
#1602=EDGE_LOOP('',(#8782,#8783,#8784,#8785));
#1603=EDGE_LOOP('',(#8786,#8787,#8788,#8789));
#1604=EDGE_LOOP('',(#8790,#8791,#8792,#8793));
#1605=EDGE_LOOP('',(#8794,#8795,#8796,#8797));
#1606=EDGE_LOOP('',(#8798,#8799,#8800,#8801));
#1607=EDGE_LOOP('',(#8802,#8803,#8804,#8805));
#1608=EDGE_LOOP('',(#8806,#8807,#8808,#8809));
#1609=EDGE_LOOP('',(#8810,#8811,#8812,#8813));
#1610=EDGE_LOOP('',(#8814,#8815,#8816,#8817));
#1611=EDGE_LOOP('',(#8818,#8819,#8820,#8821));
#1612=EDGE_LOOP('',(#8822,#8823,#8824,#8825));
#1613=EDGE_LOOP('',(#8826,#8827,#8828,#8829));
#1614=EDGE_LOOP('',(#8830,#8831,#8832,#8833));
#1615=EDGE_LOOP('',(#8834,#8835,#8836,#8837));
#1616=EDGE_LOOP('',(#8838,#8839,#8840,#8841));
#1617=EDGE_LOOP('',(#8842,#8843,#8844,#8845,#8846,#8847,#8848,#8849,#8850,
#8851,#8852,#8853,#8854,#8855,#8856,#8857,#8858,#8859));
#1618=EDGE_LOOP('',(#8860,#8861,#8862,#8863));
#1619=EDGE_LOOP('',(#8864,#8865,#8866,#8867));
#1620=EDGE_LOOP('',(#8868,#8869,#8870,#8871));
#1621=EDGE_LOOP('',(#8872,#8873,#8874,#8875));
#1622=EDGE_LOOP('',(#8876,#8877,#8878,#8879));
#1623=EDGE_LOOP('',(#8880,#8881,#8882,#8883));
#1624=EDGE_LOOP('',(#8884,#8885,#8886,#8887));
#1625=EDGE_LOOP('',(#8888,#8889,#8890,#8891));
#1626=EDGE_LOOP('',(#8892,#8893,#8894,#8895));
#1627=EDGE_LOOP('',(#8896,#8897,#8898,#8899));
#1628=EDGE_LOOP('',(#8900,#8901,#8902,#8903));
#1629=EDGE_LOOP('',(#8904,#8905,#8906,#8907));
#1630=EDGE_LOOP('',(#8908,#8909,#8910,#8911));
#1631=EDGE_LOOP('',(#8912,#8913,#8914,#8915));
#1632=EDGE_LOOP('',(#8916,#8917,#8918,#8919));
#1633=EDGE_LOOP('',(#8920,#8921,#8922,#8923));
#1634=EDGE_LOOP('',(#8924,#8925,#8926,#8927));
#1635=EDGE_LOOP('',(#8928,#8929,#8930,#8931,#8932,#8933,#8934,#8935,#8936,
#8937,#8938,#8939));
#1636=EDGE_LOOP('',(#8940,#8941,#8942,#8943));
#1637=EDGE_LOOP('',(#8944,#8945,#8946,#8947));
#1638=EDGE_LOOP('',(#8948,#8949,#8950,#8951));
#1639=EDGE_LOOP('',(#8952,#8953,#8954,#8955));
#1640=EDGE_LOOP('',(#8956,#8957,#8958,#8959));
#1641=EDGE_LOOP('',(#8960,#8961,#8962,#8963));
#1642=EDGE_LOOP('',(#8964,#8965,#8966,#8967,#8968,#8969));
#1643=EDGE_LOOP('',(#8970,#8971,#8972,#8973,#8974,#8975,#8976,#8977));
#1644=EDGE_LOOP('',(#8978,#8979,#8980,#8981,#8982,#8983,#8984,#8985,#8986,
#8987,#8988,#8989,#8990,#8991,#8992,#8993,#8994,#8995,#8996));
#1645=EDGE_LOOP('',(#8997,#8998,#8999,#9000));
#1646=EDGE_LOOP('',(#9001,#9002,#9003,#9004,#9005,#9006,#9007,#9008,#9009,
#9010,#9011,#9012,#9013,#9014,#9015,#9016,#9017,#9018));
#1647=EDGE_LOOP('',(#9019,#9020,#9021,#9022,#9023,#9024,#9025,#9026,#9027,
#9028,#9029,#9030,#9031,#9032,#9033,#9034,#9035,#9036,#9037,#9038,#9039,
#9040,#9041,#9042,#9043,#9044,#9045));
#1648=EDGE_LOOP('',(#9046,#9047,#9048,#9049,#9050,#9051,#9052,#9053,#9054,
#9055,#9056,#9057,#9058,#9059,#9060,#9061,#9062));
#1649=EDGE_LOOP('',(#9063,#9064,#9065,#9066,#9067,#9068,#9069,#9070,#9071,
#9072,#9073,#9074,#9075,#9076,#9077));
#1650=EDGE_LOOP('',(#9078,#9079,#9080,#9081,#9082,#9083,#9084,#9085,#9086,
#9087,#9088,#9089,#9090,#9091,#9092,#9093,#9094,#9095,#9096,#9097,#9098,
#9099));
#1651=EDGE_LOOP('',(#9100,#9101,#9102,#9103,#9104,#9105,#9106,#9107,#9108,
#9109,#9110,#9111,#9112,#9113,#9114,#9115,#9116,#9117));
#1652=EDGE_LOOP('',(#9118,#9119,#9120,#9121));
#1653=EDGE_LOOP('',(#9122,#9123,#9124,#9125,#9126,#9127,#9128,#9129,#9130,
#9131,#9132,#9133));
#1654=EDGE_LOOP('',(#9134,#9135,#9136,#9137,#9138,#9139));
#1655=EDGE_LOOP('',(#9140));
#1656=EDGE_LOOP('',(#9141,#9142));
#1657=EDGE_LOOP('',(#9143,#9144,#9145,#9146));
#1658=EDGE_LOOP('',(#9147));
#1659=EDGE_LOOP('',(#9148));
#1660=EDGE_LOOP('',(#9149));
#1661=EDGE_LOOP('',(#9150));
#1662=EDGE_LOOP('',(#9151,#9152,#9153,#9154,#9155));
#1663=EDGE_LOOP('',(#9156,#9157,#9158,#9159));
#1664=EDGE_LOOP('',(#9160,#9161,#9162,#9163));
#1665=EDGE_LOOP('',(#9164,#9165,#9166,#9167));
#1666=EDGE_LOOP('',(#9168,#9169,#9170,#9171));
#1667=EDGE_LOOP('',(#9172));
#1668=EDGE_LOOP('',(#9173,#9174,#9175,#9176));
#1669=EDGE_LOOP('',(#9177,#9178,#9179,#9180));
#1670=EDGE_LOOP('',(#9181,#9182,#9183,#9184));
#1671=EDGE_LOOP('',(#9185,#9186,#9187,#9188));
#1672=EDGE_LOOP('',(#9189,#9190,#9191,#9192));
#1673=EDGE_LOOP('',(#9193,#9194,#9195,#9196));
#1674=EDGE_LOOP('',(#9197,#9198,#9199,#9200));
#1675=EDGE_LOOP('',(#9201,#9202,#9203,#9204));
#1676=EDGE_LOOP('',(#9205,#9206,#9207,#9208));
#1677=EDGE_LOOP('',(#9209,#9210,#9211,#9212));
#1678=EDGE_LOOP('',(#9213,#9214,#9215,#9216));
#1679=EDGE_LOOP('',(#9217,#9218,#9219,#9220));
#1680=EDGE_LOOP('',(#9221,#9222,#9223,#9224));
#1681=EDGE_LOOP('',(#9225,#9226,#9227,#9228));
#1682=EDGE_LOOP('',(#9229,#9230,#9231,#9232));
#1683=EDGE_LOOP('',(#9233,#9234,#9235,#9236));
#1684=EDGE_LOOP('',(#9237,#9238,#9239,#9240,#9241,#9242,#9243,#9244,#9245,
#9246));
#1685=EDGE_LOOP('',(#9247,#9248,#9249,#9250,#9251,#9252,#9253,#9254));
#1686=EDGE_LOOP('',(#9255));
#1687=EDGE_LOOP('',(#9256,#9257));
#1688=EDGE_LOOP('',(#9258));
#1689=EDGE_LOOP('',(#9259,#9260,#9261,#9262));
#1690=EDGE_LOOP('',(#9263));
#1691=EDGE_LOOP('',(#9264));
#1692=EDGE_LOOP('',(#9265));
#1693=EDGE_LOOP('',(#9266));
#1694=EDGE_LOOP('',(#9267,#9268,#9269,#9270));
#1695=EDGE_LOOP('',(#9271,#9272,#9273,#9274));
#1696=EDGE_LOOP('',(#9275,#9276,#9277,#9278));
#1697=EDGE_LOOP('',(#9279,#9280,#9281,#9282));
#1698=EDGE_LOOP('',(#9283,#9284,#9285,#9286));
#1699=EDGE_LOOP('',(#9287));
#1700=EDGE_LOOP('',(#9288,#9289,#9290,#9291));
#1701=EDGE_LOOP('',(#9292));
#1702=EDGE_LOOP('',(#9293,#9294,#9295,#9296));
#1703=EDGE_LOOP('',(#9297));
#1704=EDGE_LOOP('',(#9298,#9299,#9300,#9301));
#1705=EDGE_LOOP('',(#9302));
#1706=EDGE_LOOP('',(#9303,#9304,#9305,#9306));
#1707=EDGE_LOOP('',(#9307));
#1708=EDGE_LOOP('',(#9308));
#1709=EDGE_LOOP('',(#9309,#9310,#9311,#9312));
#1710=EDGE_LOOP('',(#9313));
#1711=EDGE_LOOP('',(#9314));
#1712=EDGE_LOOP('',(#9315,#9316,#9317,#9318));
#1713=EDGE_LOOP('',(#9319));
#1714=EDGE_LOOP('',(#9320));
#1715=EDGE_LOOP('',(#9321,#9322,#9323,#9324));
#1716=EDGE_LOOP('',(#9325));
#1717=EDGE_LOOP('',(#9326));
#1718=EDGE_LOOP('',(#9327,#9328,#9329,#9330));
#1719=EDGE_LOOP('',(#9331,#9332,#9333,#9334));
#1720=EDGE_LOOP('',(#9335,#9336,#9337,#9338));
#1721=EDGE_LOOP('',(#9339,#9340,#9341,#9342));
#1722=EDGE_LOOP('',(#9343,#9344,#9345,#9346));
#1723=EDGE_LOOP('',(#9347,#9348,#9349,#9350));
#1724=EDGE_LOOP('',(#9351,#9352,#9353,#9354));
#1725=EDGE_LOOP('',(#9355,#9356,#9357,#9358));
#1726=EDGE_LOOP('',(#9359,#9360,#9361,#9362));
#1727=EDGE_LOOP('',(#9363,#9364,#9365,#9366,#9367,#9368,#9369,#9370));
#1728=EDGE_LOOP('',(#9371,#9372,#9373,#9374,#9375,#9376,#9377,#9378));
#1729=EDGE_LOOP('',(#9379,#9380,#9381,#9382));
#1730=EDGE_LOOP('',(#9383,#9384,#9385,#9386));
#1731=EDGE_LOOP('',(#9387,#9388,#9389,#9390));
#1732=EDGE_LOOP('',(#9391,#9392,#9393,#9394));
#1733=EDGE_LOOP('',(#9395,#9396,#9397,#9398));
#1734=EDGE_LOOP('',(#9399,#9400,#9401,#9402));
#1735=EDGE_LOOP('',(#9403,#9404,#9405,#9406));
#1736=EDGE_LOOP('',(#9407,#9408,#9409,#9410));
#1737=EDGE_LOOP('',(#9411,#9412,#9413,#9414));
#1738=EDGE_LOOP('',(#9415,#9416,#9417,#9418));
#1739=EDGE_LOOP('',(#9419,#9420,#9421,#9422));
#1740=EDGE_LOOP('',(#9423,#9424,#9425,#9426));
#1741=EDGE_LOOP('',(#9427,#9428,#9429,#9430));
#1742=EDGE_LOOP('',(#9431,#9432,#9433,#9434));
#1743=EDGE_LOOP('',(#9435,#9436,#9437,#9438));
#1744=EDGE_LOOP('',(#9439,#9440,#9441,#9442));
#1745=EDGE_LOOP('',(#9443,#9444,#9445,#9446));
#1746=EDGE_LOOP('',(#9447,#9448,#9449,#9450));
#1747=EDGE_LOOP('',(#9451,#9452,#9453,#9454));
#1748=EDGE_LOOP('',(#9455,#9456,#9457,#9458));
#1749=EDGE_LOOP('',(#9459,#9460,#9461,#9462));
#1750=EDGE_LOOP('',(#9463,#9464,#9465,#9466));
#1751=EDGE_LOOP('',(#9467,#9468,#9469,#9470));
#1752=EDGE_LOOP('',(#9471,#9472,#9473,#9474));
#1753=EDGE_LOOP('',(#9475,#9476,#9477,#9478));
#1754=EDGE_LOOP('',(#9479,#9480,#9481,#9482,#9483,#9484,#9485,#9486));
#1755=EDGE_LOOP('',(#9487));
#1756=EDGE_LOOP('',(#9488));
#1757=EDGE_LOOP('',(#9489));
#1758=EDGE_LOOP('',(#9490));
#1759=EDGE_LOOP('',(#9491));
#1760=EDGE_LOOP('',(#9492));
#1761=EDGE_LOOP('',(#9493));
#1762=EDGE_LOOP('',(#9494));
#1763=EDGE_LOOP('',(#9495));
#1764=EDGE_LOOP('',(#9496));
#1765=EDGE_LOOP('',(#9497));
#1766=EDGE_LOOP('',(#9498));
#1767=EDGE_LOOP('',(#9499));
#1768=EDGE_LOOP('',(#9500));
#1769=EDGE_LOOP('',(#9501));
#1770=EDGE_LOOP('',(#9502));
#1771=EDGE_LOOP('',(#9503,#9504,#9505,#9506,#9507,#9508,#9509,#9510));
#1772=EDGE_LOOP('',(#9511));
#1773=EDGE_LOOP('',(#9512));
#1774=EDGE_LOOP('',(#9513));
#1775=EDGE_LOOP('',(#9514));
#1776=EDGE_LOOP('',(#9515));
#1777=EDGE_LOOP('',(#9516));
#1778=EDGE_LOOP('',(#9517));
#1779=EDGE_LOOP('',(#9518));
#1780=EDGE_LOOP('',(#9519));
#1781=EDGE_LOOP('',(#9520));
#1782=EDGE_LOOP('',(#9521));
#1783=EDGE_LOOP('',(#9522));
#1784=EDGE_LOOP('',(#9523));
#1785=EDGE_LOOP('',(#9524));
#1786=EDGE_LOOP('',(#9525));
#1787=EDGE_LOOP('',(#9526));
#1788=EDGE_LOOP('',(#9527));
#1789=EDGE_LOOP('',(#9528));
#1790=EDGE_LOOP('',(#9529));
#1791=EDGE_LOOP('',(#9530));
#1792=CIRCLE('',#10779,0.04);
#1793=CIRCLE('',#10780,0.04);
#1794=CIRCLE('',#10781,0.04);
#1795=CIRCLE('',#10782,0.04);
#1796=CIRCLE('',#10785,0.04);
#1797=CIRCLE('',#10787,0.04);
#1798=CIRCLE('',#10791,0.04);
#1799=CIRCLE('',#10793,0.04);
#1800=CIRCLE('',#10796,0.04);
#1801=CIRCLE('',#10797,0.04);
#1802=CIRCLE('',#10798,0.04);
#1803=CIRCLE('',#10799,0.04);
#1804=CIRCLE('',#10801,0.04);
#1805=CIRCLE('',#10804,0.04);
#1806=CIRCLE('',#10807,0.04);
#1807=CIRCLE('',#10810,0.04);
#1808=CIRCLE('',#10813,0.04);
#1809=CIRCLE('',#10814,0.04);
#1810=CIRCLE('',#10815,0.04);
#1811=CIRCLE('',#10816,0.04);
#1812=CIRCLE('',#10819,0.04);
#1813=CIRCLE('',#10821,0.04);
#1814=CIRCLE('',#10825,0.04);
#1815=CIRCLE('',#10827,0.04);
#1816=CIRCLE('',#10833,0.4);
#1817=CIRCLE('',#10836,0.4);
#1818=CIRCLE('',#10849,0.4);
#1819=CIRCLE('',#10852,0.4);
#1820=CIRCLE('',#10910,0.05);
#1821=CIRCLE('',#10911,0.55);
#1822=CIRCLE('',#10914,0.55);
#1823=CIRCLE('',#10915,0.05);
#1824=CIRCLE('',#10918,0.05);
#1825=CIRCLE('',#10919,0.55);
#1826=CIRCLE('',#10922,0.55);
#1827=CIRCLE('',#10923,0.05);
#1828=CIRCLE('',#10955,2.45);
#1829=CIRCLE('',#10956,2.45);
#1830=CIRCLE('',#10958,2.45);
#1831=CIRCLE('',#10960,2.9);
#1832=CIRCLE('',#10962,2.9);
#1833=CIRCLE('',#10977,0.5);
#1834=CIRCLE('',#10979,0.5);
#1835=CIRCLE('',#10981,0.3);
#1836=CIRCLE('',#10982,0.3);
#1837=CIRCLE('',#10983,0.3);
#1838=CIRCLE('',#10984,0.3);
#1839=CIRCLE('',#10985,0.5);
#1840=CIRCLE('',#10986,1.75);
#1841=CIRCLE('',#10987,0.5);
#1842=CIRCLE('',#10988,0.5);
#1843=CIRCLE('',#10991,0.3);
#1844=CIRCLE('',#10993,0.3);
#1845=CIRCLE('',#10997,0.3);
#1846=CIRCLE('',#10999,0.3);
#1847=CIRCLE('',#11002,0.5);
#1848=CIRCLE('',#11004,1.75);
#1849=CIRCLE('',#11006,0.5);
#1850=CIRCLE('',#11008,0.5);
#1851=CIRCLE('',#11011,0.3);
#1852=CIRCLE('',#11013,0.3);
#1853=CIRCLE('',#11017,0.3);
#1854=CIRCLE('',#11019,0.3);
#1855=CIRCLE('',#11023,0.1);
#1856=CIRCLE('',#11024,1.65);
#1857=CIRCLE('',#11029,0.29);
#1858=CIRCLE('',#11030,0.29);
#1859=CIRCLE('',#11031,0.29);
#1860=CIRCLE('',#11032,0.29);
#1861=CIRCLE('',#11033,0.29);
#1862=CIRCLE('',#11034,0.29);
#1863=CIRCLE('',#11035,0.29);
#1864=CIRCLE('',#11038,0.29);
#1865=CIRCLE('',#11039,0.29);
#1866=CIRCLE('',#11040,0.29);
#1867=CIRCLE('',#11041,0.29);
#1868=CIRCLE('',#11042,0.29);
#1869=CIRCLE('',#11043,0.29);
#1870=CIRCLE('',#11044,0.29);
#1871=CIRCLE('',#11046,0.29);
#1872=CIRCLE('',#11047,0.29);
#1873=CIRCLE('',#11048,0.29);
#1874=CIRCLE('',#11049,0.29);
#1875=CIRCLE('',#11050,0.29);
#1876=CIRCLE('',#11051,0.29);
#1877=CIRCLE('',#11052,0.29);
#1878=CIRCLE('',#11054,0.29);
#1879=CIRCLE('',#11055,0.29);
#1880=CIRCLE('',#11056,0.29);
#1881=CIRCLE('',#11057,0.29);
#1882=CIRCLE('',#11058,0.29);
#1883=CIRCLE('',#11059,0.29);
#1884=CIRCLE('',#11060,0.29);
#1885=CIRCLE('',#11063,0.29);
#1886=CIRCLE('',#11064,0.29);
#1887=CIRCLE('',#11065,0.29);
#1888=CIRCLE('',#11066,0.29);
#1889=CIRCLE('',#11067,0.29);
#1890=CIRCLE('',#11068,0.29);
#1891=CIRCLE('',#11069,0.29);
#1892=CIRCLE('',#11072,0.29);
#1893=CIRCLE('',#11073,0.29);
#1894=CIRCLE('',#11074,0.29);
#1895=CIRCLE('',#11075,0.29);
#1896=CIRCLE('',#11076,0.29);
#1897=CIRCLE('',#11077,0.29);
#1898=CIRCLE('',#11078,0.29);
#1899=CIRCLE('',#11080,0.29);
#1900=CIRCLE('',#11081,0.29);
#1901=CIRCLE('',#11082,0.29);
#1902=CIRCLE('',#11083,0.29);
#1903=CIRCLE('',#11084,0.29);
#1904=CIRCLE('',#11085,0.29);
#1905=CIRCLE('',#11086,0.29);
#1906=CIRCLE('',#11088,0.29);
#1907=CIRCLE('',#11089,0.29);
#1908=CIRCLE('',#11090,0.29);
#1909=CIRCLE('',#11091,0.29);
#1910=CIRCLE('',#11092,0.29);
#1911=CIRCLE('',#11093,0.29);
#1912=CIRCLE('',#11094,0.29);
#1913=CIRCLE('',#11164,0.045);
#1914=CIRCLE('',#11165,0.045);
#1915=CIRCLE('',#11166,0.045);
#1916=CIRCLE('',#11167,0.045);
#1917=CIRCLE('',#11169,0.045);
#1918=CIRCLE('',#11171,0.045);
#1919=CIRCLE('',#11173,0.045);
#1920=CIRCLE('',#11174,0.045);
#1921=CIRCLE('',#11183,0.045);
#1922=CIRCLE('',#11184,0.045);
#1923=CIRCLE('',#11185,0.045);
#1924=CIRCLE('',#11186,0.045);
#1925=CIRCLE('',#11190,0.045);
#1926=CIRCLE('',#11191,0.045);
#1927=CIRCLE('',#11192,0.045);
#1928=CIRCLE('',#11193,0.045);
#1929=CIRCLE('',#11291,13.9999996788352);
#1930=CIRCLE('',#11292,13.9999996788355);
#1931=CIRCLE('',#11293,13.999999678835);
#1932=CIRCLE('',#11294,13.9999996788347);
#1933=CIRCLE('',#11295,15.1846080414022);
#1934=CIRCLE('',#11296,2.9);
#1935=CIRCLE('',#11297,5.3122304662222);
#1936=CIRCLE('',#11298,0.5);
#1937=CIRCLE('',#11299,4.31223046622218);
#1938=CIRCLE('',#11300,0.500000000000007);
#1939=CIRCLE('',#11301,1.75000000000001);
#1940=CIRCLE('',#11302,1.75000000000001);
#1941=CIRCLE('',#11303,1.75000000000001);
#1942=CIRCLE('',#11304,1.75000000000001);
#1943=CIRCLE('',#11307,15.1846080414022);
#1944=CIRCLE('',#11310,2.9);
#1945=CIRCLE('',#11312,0.999999999999996);
#1946=CIRCLE('',#11313,0.999999999999996);
#1947=CIRCLE('',#11316,5.3122304662222);
#1948=CIRCLE('',#11318,0.500000000000007);
#1949=CIRCLE('',#11320,4.31223046622218);
#1950=CIRCLE('',#11322,0.5);
#1951=CIRCLE('',#11324,1.75000000000001);
#1952=CIRCLE('',#11326,1.75000000000001);
#1953=CIRCLE('',#11328,1.75000000000001);
#1954=CIRCLE('',#11330,1.75000000000001);
#1955=CIRCLE('',#11333,13.9999996788347);
#1956=CIRCLE('',#11336,13.999999678835);
#1957=CIRCLE('',#11339,13.9999996788355);
#1958=CIRCLE('',#11342,13.9999996788352);
#1959=CIRCLE('',#11350,1.49999999999999);
#1960=CIRCLE('',#11351,1.49999999999999);
#1961=CIRCLE('',#11354,1.49999999999999);
#1962=CIRCLE('',#11355,1.49999999999999);
#1963=CIRCLE('',#11358,1.5);
#1964=CIRCLE('',#11359,1.5);
#1965=CIRCLE('',#11362,1.50000000000002);
#1966=CIRCLE('',#11363,1.50000000000002);
#1967=CIRCLE('',#11366,2.99999999999999);
#1968=CIRCLE('',#11367,2.99999999999999);
#1969=CIRCLE('',#11370,2.99999999999999);
#1970=CIRCLE('',#11371,2.99999999999999);
#1971=CIRCLE('',#11374,2.99999999999999);
#1972=CIRCLE('',#11375,2.99999999999999);
#1973=CIRCLE('',#11378,2.99999999999999);
#1974=CIRCLE('',#11379,2.99999999999999);
#1975=CIRCLE('',#11383,11.999999678832);
#1976=CIRCLE('',#11384,11.999999678832);
#1977=CIRCLE('',#11387,11.999999678837);
#1978=CIRCLE('',#11388,11.999999678837);
#1979=CIRCLE('',#11391,11.9999996788339);
#1980=CIRCLE('',#11392,11.9999996788339);
#1981=CIRCLE('',#11395,11.999999678832);
#1982=CIRCLE('',#11396,11.999999678832);
#1983=CIRCLE('',#11398,13.999999678839);
#1984=CIRCLE('',#11399,13.9999996788539);
#1985=CIRCLE('',#11400,13.9999996788574);
#1986=CIRCLE('',#11401,13.9999996788383);
#1987=CIRCLE('',#11403,0.374999999999996);
#1988=CIRCLE('',#11404,0.374999999999996);
#1989=CIRCLE('',#11406,0.425000000000004);
#1990=CIRCLE('',#11407,0.425000000000004);
#1991=CIRCLE('',#11409,0.449999999999999);
#1992=CIRCLE('',#11410,0.449999999999999);
#1993=CIRCLE('',#11412,0.950000000000006);
#1994=CIRCLE('',#11413,0.950000000000006);
#1995=CIRCLE('',#11415,1.30000000000001);
#1996=CIRCLE('',#11416,1.30000000000001);
#1997=CIRCLE('',#11418,0.425000000000004);
#1998=CIRCLE('',#11419,0.425000000000004);
#1999=CIRCLE('',#11421,0.549999999999997);
#2000=CIRCLE('',#11422,0.549999999999997);
#2001=CIRCLE('',#11424,0.425000000000004);
#2002=CIRCLE('',#11425,0.425000000000004);
#2003=CIRCLE('',#11427,0.549999999999997);
#2004=CIRCLE('',#11428,0.549999999999997);
#2005=CIRCLE('',#11430,0.449999999999999);
#2006=CIRCLE('',#11431,0.449999999999999);
#2007=CIRCLE('',#11433,0.549999999999997);
#2008=CIRCLE('',#11434,0.549999999999997);
#2009=CIRCLE('',#11436,0.374999999999996);
#2010=CIRCLE('',#11437,0.374999999999996);
#2011=CIRCLE('',#11439,0.549999999999997);
#2012=CIRCLE('',#11440,0.549999999999997);
#2013=CIRCLE('',#11442,1.95);
#2014=CIRCLE('',#11443,1.95);
#2015=CIRCLE('',#11445,0.950000000000006);
#2016=CIRCLE('',#11446,0.950000000000006);
#2017=CIRCLE('',#11448,0.425000000000004);
#2018=CIRCLE('',#11449,0.425000000000004);
#2019=CIRCLE('',#11452,13.9999996788539);
#2020=CIRCLE('',#11455,13.9999996788574);
#2021=CIRCLE('',#11458,13.9999996788383);
#2022=CIRCLE('',#11461,13.999999678839);
#2023=LINE('',#13892,#3058);
#2024=LINE('',#13896,#3059);
#2025=LINE('',#13900,#3060);
#2026=LINE('',#13904,#3061);
#2027=LINE('',#13909,#3062);
#2028=LINE('',#13910,#3063);
#2029=LINE('',#13911,#3064);
#2030=LINE('',#13914,#3065);
#2031=LINE('',#13919,#3066);
#2032=LINE('',#13922,#3067);
#2033=LINE('',#13923,#3068);
#2034=LINE('',#13926,#3069);
#2035=LINE('',#13927,#3070);
#2036=LINE('',#13930,#3071);
#2037=LINE('',#13935,#3072);
#2038=LINE('',#13937,#3073);
#2039=LINE('',#13943,#3074);
#2040=LINE('',#13947,#3075);
#2041=LINE('',#13951,#3076);
#2042=LINE('',#13954,#3077);
#2043=LINE('',#13957,#3078);
#2044=LINE('',#13960,#3079);
#2045=LINE('',#13963,#3080);
#2046=LINE('',#13964,#3081);
#2047=LINE('',#13967,#3082);
#2048=LINE('',#13971,#3083);
#2049=LINE('',#13972,#3084);
#2050=LINE('',#13975,#3085);
#2051=LINE('',#13979,#3086);
#2052=LINE('',#13980,#3087);
#2053=LINE('',#13983,#3088);
#2054=LINE('',#13986,#3089);
#2055=LINE('',#13990,#3090);
#2056=LINE('',#13994,#3091);
#2057=LINE('',#13998,#3092);
#2058=LINE('',#14002,#3093);
#2059=LINE('',#14007,#3094);
#2060=LINE('',#14008,#3095);
#2061=LINE('',#14009,#3096);
#2062=LINE('',#14012,#3097);
#2063=LINE('',#14017,#3098);
#2064=LINE('',#14020,#3099);
#2065=LINE('',#14021,#3100);
#2066=LINE('',#14024,#3101);
#2067=LINE('',#14025,#3102);
#2068=LINE('',#14028,#3103);
#2069=LINE('',#14033,#3104);
#2070=LINE('',#14035,#3105);
#2071=LINE('',#14041,#3106);
#2072=LINE('',#14043,#3107);
#2073=LINE('',#14045,#3108);
#2074=LINE('',#14046,#3109);
#2075=LINE('',#14049,#3110);
#2076=LINE('',#14051,#3111);
#2077=LINE('',#14053,#3112);
#2078=LINE('',#14055,#3113);
#2079=LINE('',#14057,#3114);
#2080=LINE('',#14059,#3115);
#2081=LINE('',#14061,#3116);
#2082=LINE('',#14063,#3117);
#2083=LINE('',#14068,#3118);
#2084=LINE('',#14070,#3119);
#2085=LINE('',#14071,#3120);
#2086=LINE('',#14073,#3121);
#2087=LINE('',#14075,#3122);
#2088=LINE('',#14077,#3123);
#2089=LINE('',#14079,#3124);
#2090=LINE('',#14081,#3125);
#2091=LINE('',#14083,#3126);
#2092=LINE('',#14084,#3127);
#2093=LINE('',#14089,#3128);
#2094=LINE('',#14091,#3129);
#2095=LINE('',#14093,#3130);
#2096=LINE('',#14095,#3131);
#2097=LINE('',#14096,#3132);
#2098=LINE('',#14098,#3133);
#2099=LINE('',#14101,#3134);
#2100=LINE('',#14102,#3135);
#2101=LINE('',#14105,#3136);
#2102=LINE('',#14106,#3137);
#2103=LINE('',#14109,#3138);
#2104=LINE('',#14110,#3139);
#2105=LINE('',#14114,#3140);
#2106=LINE('',#14116,#3141);
#2107=LINE('',#14118,#3142);
#2108=LINE('',#14119,#3143);
#2109=LINE('',#14121,#3144);
#2110=LINE('',#14122,#3145);
#2111=LINE('',#14125,#3146);
#2112=LINE('',#14127,#3147);
#2113=LINE('',#14129,#3148);
#2114=LINE('',#14131,#3149);
#2115=LINE('',#14133,#3150);
#2116=LINE('',#14135,#3151);
#2117=LINE('',#14137,#3152);
#2118=LINE('',#14139,#3153);
#2119=LINE('',#14141,#3154);
#2120=LINE('',#14143,#3155);
#2121=LINE('',#14145,#3156);
#2122=LINE('',#14147,#3157);
#2123=LINE('',#14149,#3158);
#2124=LINE('',#14151,#3159);
#2125=LINE('',#14153,#3160);
#2126=LINE('',#14154,#3161);
#2127=LINE('',#14156,#3162);
#2128=LINE('',#14158,#3163);
#2129=LINE('',#14159,#3164);
#2130=LINE('',#14164,#3165);
#2131=LINE('',#14166,#3166);
#2132=LINE('',#14168,#3167);
#2133=LINE('',#14170,#3168);
#2134=LINE('',#14172,#3169);
#2135=LINE('',#14174,#3170);
#2136=LINE('',#14176,#3171);
#2137=LINE('',#14177,#3172);
#2138=LINE('',#14178,#3173);
#2139=LINE('',#14179,#3174);
#2140=LINE('',#14183,#3175);
#2141=LINE('',#14185,#3176);
#2142=LINE('',#14187,#3177);
#2143=LINE('',#14189,#3178);
#2144=LINE('',#14191,#3179);
#2145=LINE('',#14192,#3180);
#2146=LINE('',#14196,#3181);
#2147=LINE('',#14198,#3182);
#2148=LINE('',#14201,#3183);
#2149=LINE('',#14203,#3184);
#2150=LINE('',#14204,#3185);
#2151=LINE('',#14207,#3186);
#2152=LINE('',#14208,#3187);
#2153=LINE('',#14212,#3188);
#2154=LINE('',#14214,#3189);
#2155=LINE('',#14216,#3190);
#2156=LINE('',#14217,#3191);
#2157=LINE('',#14221,#3192);
#2158=LINE('',#14223,#3193);
#2159=LINE('',#14224,#3194);
#2160=LINE('',#14227,#3195);
#2161=LINE('',#14228,#3196);
#2162=LINE('',#14231,#3197);
#2163=LINE('',#14233,#3198);
#2164=LINE('',#14234,#3199);
#2165=LINE('',#14237,#3200);
#2166=LINE('',#14239,#3201);
#2167=LINE('',#14241,#3202);
#2168=LINE('',#14242,#3203);
#2169=LINE('',#14244,#3204);
#2170=LINE('',#14246,#3205);
#2171=LINE('',#14248,#3206);
#2172=LINE('',#14250,#3207);
#2173=LINE('',#14252,#3208);
#2174=LINE('',#14254,#3209);
#2175=LINE('',#14256,#3210);
#2176=LINE('',#14258,#3211);
#2177=LINE('',#14259,#3212);
#2178=LINE('',#14261,#3213);
#2179=LINE('',#14262,#3214);
#2180=LINE('',#14264,#3215);
#2181=LINE('',#14266,#3216);
#2182=LINE('',#14267,#3217);
#2183=LINE('',#14270,#3218);
#2184=LINE('',#14272,#3219);
#2185=LINE('',#14274,#3220);
#2186=LINE('',#14275,#3221);
#2187=LINE('',#14278,#3222);
#2188=LINE('',#14280,#3223);
#2189=LINE('',#14282,#3224);
#2190=LINE('',#14283,#3225);
#2191=LINE('',#14286,#3226);
#2192=LINE('',#14288,#3227);
#2193=LINE('',#14290,#3228);
#2194=LINE('',#14291,#3229);
#2195=LINE('',#14293,#3230);
#2196=LINE('',#14295,#3231);
#2197=LINE('',#14296,#3232);
#2198=LINE('',#14298,#3233);
#2199=LINE('',#14300,#3234);
#2200=LINE('',#14302,#3235);
#2201=LINE('',#14305,#3236);
#2202=LINE('',#14306,#3237);
#2203=LINE('',#14309,#3238);
#2204=LINE('',#14310,#3239);
#2205=LINE('',#14311,#3240);
#2206=LINE('',#14313,#3241);
#2207=LINE('',#14316,#3242);
#2208=LINE('',#14318,#3243);
#2209=LINE('',#14319,#3244);
#2210=LINE('',#14322,#3245);
#2211=LINE('',#14324,#3246);
#2212=LINE('',#14326,#3247);
#2213=LINE('',#14327,#3248);
#2214=LINE('',#14329,#3249);
#2215=LINE('',#14330,#3250);
#2216=LINE('',#14333,#3251);
#2217=LINE('',#14335,#3252);
#2218=LINE('',#14337,#3253);
#2219=LINE('',#14339,#3254);
#2220=LINE('',#14340,#3255);
#2221=LINE('',#14343,#3256);
#2222=LINE('',#14344,#3257);
#2223=LINE('',#14346,#3258);
#2224=LINE('',#14348,#3259);
#2225=LINE('',#14350,#3260);
#2226=LINE('',#14351,#3261);
#2227=LINE('',#14352,#3262);
#2228=LINE('',#14354,#3263);
#2229=LINE('',#14356,#3264);
#2230=LINE('',#14360,#3265);
#2231=LINE('',#14362,#3266);
#2232=LINE('',#14364,#3267);
#2233=LINE('',#14365,#3268);
#2234=LINE('',#14366,#3269);
#2235=LINE('',#14368,#3270);
#2236=LINE('',#14370,#3271);
#2237=LINE('',#14371,#3272);
#2238=LINE('',#14373,#3273);
#2239=LINE('',#14375,#3274);
#2240=LINE('',#14378,#3275);
#2241=LINE('',#14379,#3276);
#2242=LINE('',#14382,#3277);
#2243=LINE('',#14383,#3278);
#2244=LINE('',#14385,#3279);
#2245=LINE('',#14387,#3280);
#2246=LINE('',#14390,#3281);
#2247=LINE('',#14393,#3282);
#2248=LINE('',#14394,#3283);
#2249=LINE('',#14396,#3284);
#2250=LINE('',#14402,#3285);
#2251=LINE('',#14403,#3286);
#2252=LINE('',#14404,#3287);
#2253=LINE('',#14407,#3288);
#2254=LINE('',#14408,#3289);
#2255=LINE('',#14411,#3290);
#2256=LINE('',#14412,#3291);
#2257=LINE('',#14414,#3292);
#2258=LINE('',#14418,#3293);
#2259=LINE('',#14419,#3294);
#2260=LINE('',#14420,#3295);
#2261=LINE('',#14423,#3296);
#2262=LINE('',#14424,#3297);
#2263=LINE('',#14427,#3298);
#2264=LINE('',#14428,#3299);
#2265=LINE('',#14430,#3300);
#2266=LINE('',#14434,#3301);
#2267=LINE('',#14436,#3302);
#2268=LINE('',#14438,#3303);
#2269=LINE('',#14439,#3304);
#2270=LINE('',#14443,#3305);
#2271=LINE('',#14445,#3306);
#2272=LINE('',#14447,#3307);
#2273=LINE('',#14448,#3308);
#2274=LINE('',#14450,#3309);
#2275=LINE('',#14454,#3310);
#2276=LINE('',#14456,#3311);
#2277=LINE('',#14457,#3312);
#2278=LINE('',#14460,#3313);
#2279=LINE('',#14461,#3314);
#2280=LINE('',#14464,#3315);
#2281=LINE('',#14465,#3316);
#2282=LINE('',#14467,#3317);
#2283=LINE('',#14470,#3318);
#2284=LINE('',#14472,#3319);
#2285=LINE('',#14473,#3320);
#2286=LINE('',#14476,#3321);
#2287=LINE('',#14477,#3322);
#2288=LINE('',#14480,#3323);
#2289=LINE('',#14481,#3324);
#2290=LINE('',#14483,#3325);
#2291=LINE('',#14486,#3326);
#2292=LINE('',#14490,#3327);
#2293=LINE('',#14492,#3328);
#2294=LINE('',#14494,#3329);
#2295=LINE('',#14496,#3330);
#2296=LINE('',#14498,#3331);
#2297=LINE('',#14500,#3332);
#2298=LINE('',#14502,#3333);
#2299=LINE('',#14505,#3334);
#2300=LINE('',#14508,#3335);
#2301=LINE('',#14509,#3336);
#2302=LINE('',#14514,#3337);
#2303=LINE('',#14516,#3338);
#2304=LINE('',#14518,#3339);
#2305=LINE('',#14520,#3340);
#2306=LINE('',#14522,#3341);
#2307=LINE('',#14524,#3342);
#2308=LINE('',#14526,#3343);
#2309=LINE('',#14529,#3344);
#2310=LINE('',#14531,#3345);
#2311=LINE('',#14534,#3346);
#2312=LINE('',#14538,#3347);
#2313=LINE('',#14540,#3348);
#2314=LINE('',#14542,#3349);
#2315=LINE('',#14544,#3350);
#2316=LINE('',#14546,#3351);
#2317=LINE('',#14548,#3352);
#2318=LINE('',#14550,#3353);
#2319=LINE('',#14553,#3354);
#2320=LINE('',#14556,#3355);
#2321=LINE('',#14557,#3356);
#2322=LINE('',#14562,#3357);
#2323=LINE('',#14564,#3358);
#2324=LINE('',#14566,#3359);
#2325=LINE('',#14568,#3360);
#2326=LINE('',#14570,#3361);
#2327=LINE('',#14572,#3362);
#2328=LINE('',#14574,#3363);
#2329=LINE('',#14577,#3364);
#2330=LINE('',#14579,#3365);
#2331=LINE('',#14583,#3366);
#2332=LINE('',#14585,#3367);
#2333=LINE('',#14587,#3368);
#2334=LINE('',#14590,#3369);
#2335=LINE('',#14592,#3370);
#2336=LINE('',#14593,#3371);
#2337=LINE('',#14596,#3372);
#2338=LINE('',#14598,#3373);
#2339=LINE('',#14600,#3374);
#2340=LINE('',#14601,#3375);
#2341=LINE('',#14604,#3376);
#2342=LINE('',#14605,#3377);
#2343=LINE('',#14606,#3378);
#2344=LINE('',#14608,#3379);
#2345=LINE('',#14610,#3380);
#2346=LINE('',#14614,#3381);
#2347=LINE('',#14616,#3382);
#2348=LINE('',#14617,#3383);
#2349=LINE('',#14619,#3384);
#2350=LINE('',#14621,#3385);
#2351=LINE('',#14623,#3386);
#2352=LINE('',#14626,#3387);
#2353=LINE('',#14628,#3388);
#2354=LINE('',#14629,#3389);
#2355=LINE('',#14632,#3390);
#2356=LINE('',#14634,#3391);
#2357=LINE('',#14636,#3392);
#2358=LINE('',#14637,#3393);
#2359=LINE('',#14640,#3394);
#2360=LINE('',#14641,#3395);
#2361=LINE('',#14642,#3396);
#2362=LINE('',#14644,#3397);
#2363=LINE('',#14646,#3398);
#2364=LINE('',#14650,#3399);
#2365=LINE('',#14652,#3400);
#2366=LINE('',#14653,#3401);
#2367=LINE('',#14655,#3402);
#2368=LINE('',#14657,#3403);
#2369=LINE('',#14660,#3404);
#2370=LINE('',#14662,#3405);
#2371=LINE('',#14673,#3406);
#2372=LINE('',#14678,#3407);
#2373=LINE('',#14683,#3408);
#2374=LINE('',#14684,#3409);
#2375=LINE('',#14686,#3410);
#2376=LINE('',#14690,#3411);
#2377=LINE('',#14692,#3412);
#2378=LINE('',#14694,#3413);
#2379=LINE('',#14695,#3414);
#2380=LINE('',#14698,#3415);
#2381=LINE('',#14700,#3416);
#2382=LINE('',#14702,#3417);
#2383=LINE('',#14703,#3418);
#2384=LINE('',#14706,#3419);
#2385=LINE('',#14708,#3420);
#2386=LINE('',#14709,#3421);
#2387=LINE('',#14712,#3422);
#2388=LINE('',#14713,#3423);
#2389=LINE('',#14716,#3424);
#2390=LINE('',#14717,#3425);
#2391=LINE('',#14719,#3426);
#2392=LINE('',#14722,#3427);
#2393=LINE('',#14724,#3428);
#2394=LINE('',#14725,#3429);
#2395=LINE('',#14728,#3430);
#2396=LINE('',#14729,#3431);
#2397=LINE('',#14732,#3432);
#2398=LINE('',#14733,#3433);
#2399=LINE('',#14735,#3434);
#2400=LINE('',#14745,#3435);
#2401=LINE('',#14749,#3436);
#2402=LINE('',#14753,#3437);
#2403=LINE('',#14757,#3438);
#2404=LINE('',#14761,#3439);
#2405=LINE('',#14774,#3440);
#2406=LINE('',#14775,#3441);
#2407=LINE('',#14776,#3442);
#2408=LINE('',#14779,#3443);
#2409=LINE('',#14784,#3444);
#2410=LINE('',#14787,#3445);
#2411=LINE('',#14788,#3446);
#2412=LINE('',#14791,#3447);
#2413=LINE('',#14792,#3448);
#2414=LINE('',#14796,#3449);
#2415=LINE('',#14800,#3450);
#2416=LINE('',#14802,#3451);
#2417=LINE('',#14805,#3452);
#2418=LINE('',#14809,#3453);
#2419=LINE('',#14813,#3454);
#2420=LINE('',#14817,#3455);
#2421=LINE('',#14822,#3456);
#2422=LINE('',#14823,#3457);
#2423=LINE('',#14824,#3458);
#2424=LINE('',#14827,#3459);
#2425=LINE('',#14832,#3460);
#2426=LINE('',#14836,#3461);
#2427=LINE('',#14838,#3462);
#2428=LINE('',#14840,#3463);
#2429=LINE('',#14842,#3464);
#2430=LINE('',#14844,#3465);
#2431=LINE('',#14846,#3466);
#2432=LINE('',#14848,#3467);
#2433=LINE('',#14850,#3468);
#2434=LINE('',#14851,#3469);
#2435=LINE('',#14852,#3470);
#2436=LINE('',#14855,#3471);
#2437=LINE('',#14857,#3472);
#2438=LINE('',#14859,#3473);
#2439=LINE('',#14861,#3474);
#2440=LINE('',#14863,#3475);
#2441=LINE('',#14865,#3476);
#2442=LINE('',#14867,#3477);
#2443=LINE('',#14869,#3478);
#2444=LINE('',#14871,#3479);
#2445=LINE('',#14872,#3480);
#2446=LINE('',#14876,#3481);
#2447=LINE('',#14880,#3482);
#2448=LINE('',#14882,#3483);
#2449=LINE('',#14891,#3484);
#2450=LINE('',#14892,#3485);
#2451=LINE('',#14893,#3486);
#2452=LINE('',#14894,#3487);
#2453=LINE('',#14898,#3488);
#2454=LINE('',#14902,#3489);
#2455=LINE('',#14905,#3490);
#2456=LINE('',#14907,#3491);
#2457=LINE('',#14911,#3492);
#2458=LINE('',#14915,#3493);
#2459=LINE('',#14919,#3494);
#2460=LINE('',#14921,#3495);
#2461=LINE('',#14923,#3496);
#2462=LINE('',#14927,#3497);
#2463=LINE('',#14931,#3498);
#2464=LINE('',#14932,#3499);
#2465=LINE('',#14936,#3500);
#2466=LINE('',#14940,#3501);
#2467=LINE('',#14944,#3502);
#2468=LINE('',#14946,#3503);
#2469=LINE('',#14948,#3504);
#2470=LINE('',#14952,#3505);
#2471=LINE('',#14956,#3506);
#2472=LINE('',#14959,#3507);
#2473=LINE('',#14963,#3508);
#2474=LINE('',#14968,#3509);
#2475=LINE('',#14972,#3510);
#2476=LINE('',#14976,#3511);
#2477=LINE('',#14978,#3512);
#2478=LINE('',#14980,#3513);
#2479=LINE('',#14984,#3514);
#2480=LINE('',#14988,#3515);
#2481=LINE('',#14991,#3516);
#2482=LINE('',#14993,#3517);
#2483=LINE('',#14997,#3518);
#2484=LINE('',#15002,#3519);
#2485=LINE('',#15006,#3520);
#2486=LINE('',#15009,#3521);
#2487=LINE('',#15011,#3522);
#2488=LINE('',#15015,#3523);
#2489=LINE('',#15019,#3524);
#2490=LINE('',#15023,#3525);
#2491=LINE('',#15025,#3526);
#2492=LINE('',#15027,#3527);
#2493=LINE('',#15031,#3528);
#2494=LINE('',#15034,#3529);
#2495=LINE('',#15038,#3530);
#2496=LINE('',#15042,#3531);
#2497=LINE('',#15045,#3532);
#2498=LINE('',#15047,#3533);
#2499=LINE('',#15051,#3534);
#2500=LINE('',#15055,#3535);
#2501=LINE('',#15059,#3536);
#2502=LINE('',#15061,#3537);
#2503=LINE('',#15063,#3538);
#2504=LINE('',#15067,#3539);
#2505=LINE('',#15071,#3540);
#2506=LINE('',#15072,#3541);
#2507=LINE('',#15076,#3542);
#2508=LINE('',#15080,#3543);
#2509=LINE('',#15084,#3544);
#2510=LINE('',#15086,#3545);
#2511=LINE('',#15088,#3546);
#2512=LINE('',#15092,#3547);
#2513=LINE('',#15096,#3548);
#2514=LINE('',#15099,#3549);
#2515=LINE('',#15103,#3550);
#2516=LINE('',#15108,#3551);
#2517=LINE('',#15112,#3552);
#2518=LINE('',#15116,#3553);
#2519=LINE('',#15118,#3554);
#2520=LINE('',#15120,#3555);
#2521=LINE('',#15124,#3556);
#2522=LINE('',#15128,#3557);
#2523=LINE('',#15131,#3558);
#2524=LINE('',#15133,#3559);
#2525=LINE('',#15137,#3560);
#2526=LINE('',#15142,#3561);
#2527=LINE('',#15146,#3562);
#2528=LINE('',#15149,#3563);
#2529=LINE('',#15151,#3564);
#2530=LINE('',#15155,#3565);
#2531=LINE('',#15159,#3566);
#2532=LINE('',#15163,#3567);
#2533=LINE('',#15165,#3568);
#2534=LINE('',#15167,#3569);
#2535=LINE('',#15171,#3570);
#2536=LINE('',#15174,#3571);
#2537=LINE('',#15177,#3572);
#2538=LINE('',#15179,#3573);
#2539=LINE('',#15181,#3574);
#2540=LINE('',#15183,#3575);
#2541=LINE('',#15185,#3576);
#2542=LINE('',#15186,#3577);
#2543=LINE('',#15188,#3578);
#2544=LINE('',#15190,#3579);
#2545=LINE('',#15192,#3580);
#2546=LINE('',#15194,#3581);
#2547=LINE('',#15197,#3582);
#2548=LINE('',#15199,#3583);
#2549=LINE('',#15201,#3584);
#2550=LINE('',#15203,#3585);
#2551=LINE('',#15205,#3586);
#2552=LINE('',#15207,#3587);
#2553=LINE('',#15209,#3588);
#2554=LINE('',#15211,#3589);
#2555=LINE('',#15214,#3590);
#2556=LINE('',#15215,#3591);
#2557=LINE('',#15217,#3592);
#2558=LINE('',#15219,#3593);
#2559=LINE('',#15221,#3594);
#2560=LINE('',#15223,#3595);
#2561=LINE('',#15226,#3596);
#2562=LINE('',#15228,#3597);
#2563=LINE('',#15230,#3598);
#2564=LINE('',#15232,#3599);
#2565=LINE('',#15234,#3600);
#2566=LINE('',#15236,#3601);
#2567=LINE('',#15238,#3602);
#2568=LINE('',#15240,#3603);
#2569=LINE('',#15243,#3604);
#2570=LINE('',#15244,#3605);
#2571=LINE('',#15246,#3606);
#2572=LINE('',#15248,#3607);
#2573=LINE('',#15250,#3608);
#2574=LINE('',#15252,#3609);
#2575=LINE('',#15255,#3610);
#2576=LINE('',#15257,#3611);
#2577=LINE('',#15259,#3612);
#2578=LINE('',#15261,#3613);
#2579=LINE('',#15263,#3614);
#2580=LINE('',#15265,#3615);
#2581=LINE('',#15267,#3616);
#2582=LINE('',#15269,#3617);
#2583=LINE('',#15272,#3618);
#2584=LINE('',#15273,#3619);
#2585=LINE('',#15275,#3620);
#2586=LINE('',#15277,#3621);
#2587=LINE('',#15279,#3622);
#2588=LINE('',#15281,#3623);
#2589=LINE('',#15284,#3624);
#2590=LINE('',#15286,#3625);
#2591=LINE('',#15288,#3626);
#2592=LINE('',#15290,#3627);
#2593=LINE('',#15292,#3628);
#2594=LINE('',#15294,#3629);
#2595=LINE('',#15296,#3630);
#2596=LINE('',#15298,#3631);
#2597=LINE('',#15304,#3632);
#2598=LINE('',#15306,#3633);
#2599=LINE('',#15308,#3634);
#2600=LINE('',#15309,#3635);
#2601=LINE('',#15313,#3636);
#2602=LINE('',#15317,#3637);
#2603=LINE('',#15319,#3638);
#2604=LINE('',#15321,#3639);
#2605=LINE('',#15325,#3640);
#2606=LINE('',#15331,#3641);
#2607=LINE('',#15334,#3642);
#2608=LINE('',#15338,#3643);
#2609=LINE('',#15340,#3644);
#2610=LINE('',#15344,#3645);
#2611=LINE('',#15346,#3646);
#2612=LINE('',#15348,#3647);
#2613=LINE('',#15351,#3648);
#2614=LINE('',#15353,#3649);
#2615=LINE('',#15356,#3650);
#2616=LINE('',#15358,#3651);
#2617=LINE('',#15360,#3652);
#2618=LINE('',#15362,#3653);
#2619=LINE('',#15363,#3654);
#2620=LINE('',#15365,#3655);
#2621=LINE('',#15367,#3656);
#2622=LINE('',#15370,#3657);
#2623=LINE('',#15372,#3658);
#2624=LINE('',#15374,#3659);
#2625=LINE('',#15376,#3660);
#2626=LINE('',#15377,#3661);
#2627=LINE('',#15379,#3662);
#2628=LINE('',#15383,#3663);
#2629=LINE('',#15387,#3664);
#2630=LINE('',#15391,#3665);
#2631=LINE('',#15396,#3666);
#2632=LINE('',#15398,#3667);
#2633=LINE('',#15399,#3668);
#2634=LINE('',#15402,#3669);
#2635=LINE('',#15403,#3670);
#2636=LINE('',#15407,#3671);
#2637=LINE('',#15412,#3672);
#2638=LINE('',#15416,#3673);
#2639=LINE('',#15420,#3674);
#2640=LINE('',#15421,#3675);
#2641=LINE('',#15423,#3676);
#2642=LINE('',#15425,#3677);
#2643=LINE('',#15427,#3678);
#2644=LINE('',#15429,#3679);
#2645=LINE('',#15431,#3680);
#2646=LINE('',#15433,#3681);
#2647=LINE('',#15435,#3682);
#2648=LINE('',#15437,#3683);
#2649=LINE('',#15450,#3684);
#2650=LINE('',#15452,#3685);
#2651=LINE('',#15454,#3686);
#2652=LINE('',#15455,#3687);
#2653=LINE('',#15458,#3688);
#2654=LINE('',#15460,#3689);
#2655=LINE('',#15461,#3690);
#2656=LINE('',#15464,#3691);
#2657=LINE('',#15466,#3692);
#2658=LINE('',#15467,#3693);
#2659=LINE('',#15485,#3694);
#2660=LINE('',#15508,#3695);
#2661=LINE('',#15531,#3696);
#2662=LINE('',#15554,#3697);
#2663=LINE('',#15577,#3698);
#2664=LINE('',#15600,#3699);
#2665=LINE('',#15608,#3700);
#2666=LINE('',#15610,#3701);
#2667=LINE('',#15611,#3702);
#2668=LINE('',#15614,#3703);
#2669=LINE('',#15616,#3704);
#2670=LINE('',#15617,#3705);
#2671=LINE('',#15620,#3706);
#2672=LINE('',#15622,#3707);
#2673=LINE('',#15623,#3708);
#2674=LINE('',#15641,#3709);
#2675=LINE('',#15664,#3710);
#2676=LINE('',#15687,#3711);
#2677=LINE('',#15710,#3712);
#2678=LINE('',#15733,#3713);
#2679=LINE('',#15741,#3714);
#2680=LINE('',#15743,#3715);
#2681=LINE('',#15744,#3716);
#2682=LINE('',#15746,#3717);
#2683=LINE('',#15747,#3718);
#2684=LINE('',#15752,#3719);
#2685=LINE('',#15754,#3720);
#2686=LINE('',#15756,#3721);
#2687=LINE('',#15757,#3722);
#2688=LINE('',#15760,#3723);
#2689=LINE('',#15762,#3724);
#2690=LINE('',#15763,#3725);
#2691=LINE('',#15766,#3726);
#2692=LINE('',#15768,#3727);
#2693=LINE('',#15769,#3728);
#2694=LINE('',#15771,#3729);
#2695=LINE('',#15772,#3730);
#2696=LINE('',#15777,#3731);
#2697=LINE('',#15779,#3732);
#2698=LINE('',#15781,#3733);
#2699=LINE('',#15782,#3734);
#2700=LINE('',#15800,#3735);
#2701=LINE('',#15823,#3736);
#2702=LINE('',#15846,#3737);
#2703=LINE('',#15869,#3738);
#2704=LINE('',#15892,#3739);
#2705=LINE('',#15900,#3740);
#2706=LINE('',#15902,#3741);
#2707=LINE('',#15903,#3742);
#2708=LINE('',#15906,#3743);
#2709=LINE('',#15908,#3744);
#2710=LINE('',#15909,#3745);
#2711=LINE('',#15912,#3746);
#2712=LINE('',#15914,#3747);
#2713=LINE('',#15915,#3748);
#2714=LINE('',#15933,#3749);
#2715=LINE('',#15956,#3750);
#2716=LINE('',#15979,#3751);
#2717=LINE('',#16002,#3752);
#2718=LINE('',#16025,#3753);
#2719=LINE('',#16033,#3754);
#2720=LINE('',#16035,#3755);
#2721=LINE('',#16036,#3756);
#2722=LINE('',#16039,#3757);
#2723=LINE('',#16041,#3758);
#2724=LINE('',#16042,#3759);
#2725=LINE('',#16045,#3760);
#2726=LINE('',#16047,#3761);
#2727=LINE('',#16048,#3762);
#2728=LINE('',#16050,#3763);
#2729=LINE('',#16051,#3764);
#2730=LINE('',#16071,#3765);
#2731=LINE('',#16078,#3766);
#2732=LINE('',#16096,#3767);
#2733=LINE('',#16119,#3768);
#2734=LINE('',#16142,#3769);
#2735=LINE('',#16165,#3770);
#2736=LINE('',#16188,#3771);
#2737=LINE('',#16211,#3772);
#2738=LINE('',#16234,#3773);
#2739=LINE('',#16257,#3774);
#2740=LINE('',#16264,#3775);
#2741=LINE('',#16265,#3776);
#2742=LINE('',#16269,#3777);
#2743=LINE('',#16271,#3778);
#2744=LINE('',#16273,#3779);
#2745=LINE('',#16274,#3780);
#2746=LINE('',#16292,#3781);
#2747=LINE('',#16315,#3782);
#2748=LINE('',#16323,#3783);
#2749=LINE('',#16325,#3784);
#2750=LINE('',#16326,#3785);
#2751=LINE('',#16344,#3786);
#2752=LINE('',#16367,#3787);
#2753=LINE('',#16390,#3788);
#2754=LINE('',#16413,#3789);
#2755=LINE('',#16436,#3790);
#2756=LINE('',#16459,#3791);
#2757=LINE('',#16482,#3792);
#2758=LINE('',#16490,#3793);
#2759=LINE('',#16492,#3794);
#2760=LINE('',#16493,#3795);
#2761=LINE('',#16511,#3796);
#2762=LINE('',#16534,#3797);
#2763=LINE('',#16557,#3798);
#2764=LINE('',#16580,#3799);
#2765=LINE('',#16603,#3800);
#2766=LINE('',#16626,#3801);
#2767=LINE('',#16649,#3802);
#2768=LINE('',#16672,#3803);
#2769=LINE('',#16695,#3804);
#2770=LINE('',#16718,#3805);
#2771=LINE('',#16741,#3806);
#2772=LINE('',#16764,#3807);
#2773=LINE('',#16787,#3808);
#2774=LINE('',#16810,#3809);
#2775=LINE('',#16840,#3810);
#2776=LINE('',#16842,#3811);
#2777=LINE('',#16844,#3812);
#2778=LINE('',#16845,#3813);
#2779=LINE('',#16863,#3814);
#2780=LINE('',#16886,#3815);
#2781=LINE('',#16909,#3816);
#2782=LINE('',#16932,#3817);
#2783=LINE('',#16955,#3818);
#2784=LINE('',#16963,#3819);
#2785=LINE('',#16965,#3820);
#2786=LINE('',#16966,#3821);
#2787=LINE('',#16969,#3822);
#2788=LINE('',#16971,#3823);
#2789=LINE('',#16972,#3824);
#2790=LINE('',#16975,#3825);
#2791=LINE('',#16977,#3826);
#2792=LINE('',#16978,#3827);
#2793=LINE('',#16996,#3828);
#2794=LINE('',#17019,#3829);
#2795=LINE('',#17042,#3830);
#2796=LINE('',#17065,#3831);
#2797=LINE('',#17073,#3832);
#2798=LINE('',#17075,#3833);
#2799=LINE('',#17076,#3834);
#2800=LINE('',#17079,#3835);
#2801=LINE('',#17081,#3836);
#2802=LINE('',#17082,#3837);
#2803=LINE('',#17085,#3838);
#2804=LINE('',#17087,#3839);
#2805=LINE('',#17088,#3840);
#2806=LINE('',#17090,#3841);
#2807=LINE('',#17091,#3842);
#2808=LINE('',#17111,#3843);
#2809=LINE('',#17118,#3844);
#2810=LINE('',#17136,#3845);
#2811=LINE('',#17159,#3846);
#2812=LINE('',#17167,#3847);
#2813=LINE('',#17169,#3848);
#2814=LINE('',#17170,#3849);
#2815=LINE('',#17209,#3850);
#2816=LINE('',#17216,#3851);
#2817=LINE('',#17234,#3852);
#2818=LINE('',#17257,#3853);
#2819=LINE('',#17265,#3854);
#2820=LINE('',#17267,#3855);
#2821=LINE('',#17268,#3856);
#2822=LINE('',#17286,#3857);
#2823=LINE('',#17309,#3858);
#2824=LINE('',#17332,#3859);
#2825=LINE('',#17355,#3860);
#2826=LINE('',#17378,#3861);
#2827=LINE('',#17401,#3862);
#2828=LINE('',#17424,#3863);
#2829=LINE('',#17447,#3864);
#2830=LINE('',#17470,#3865);
#2831=LINE('',#17478,#3866);
#2832=LINE('',#17480,#3867);
#2833=LINE('',#17481,#3868);
#2834=LINE('',#17521,#3869);
#2835=LINE('',#17528,#3870);
#2836=LINE('',#17546,#3871);
#2837=LINE('',#17569,#3872);
#2838=LINE('',#17592,#3873);
#2839=LINE('',#17615,#3874);
#2840=LINE('',#17638,#3875);
#2841=LINE('',#17661,#3876);
#2842=LINE('',#17684,#3877);
#2843=LINE('',#17707,#3878);
#2844=LINE('',#17715,#3879);
#2845=LINE('',#17717,#3880);
#2846=LINE('',#17718,#3881);
#2847=LINE('',#17736,#3882);
#2848=LINE('',#17759,#3883);
#2849=LINE('',#17782,#3884);
#2850=LINE('',#17805,#3885);
#2851=LINE('',#17828,#3886);
#2852=LINE('',#17851,#3887);
#2853=LINE('',#17874,#3888);
#2854=LINE('',#17897,#3889);
#2855=LINE('',#17920,#3890);
#2856=LINE('',#17943,#3891);
#2857=LINE('',#17951,#3892);
#2858=LINE('',#17953,#3893);
#2859=LINE('',#17954,#3894);
#2860=LINE('',#17979,#3895);
#2861=LINE('',#17981,#3896);
#2862=LINE('',#17983,#3897);
#2863=LINE('',#17984,#3898);
#2864=LINE('',#18002,#3899);
#2865=LINE('',#18025,#3900);
#2866=LINE('',#18048,#3901);
#2867=LINE('',#18071,#3902);
#2868=LINE('',#18094,#3903);
#2869=LINE('',#18102,#3904);
#2870=LINE('',#18104,#3905);
#2871=LINE('',#18105,#3906);
#2872=LINE('',#18108,#3907);
#2873=LINE('',#18110,#3908);
#2874=LINE('',#18111,#3909);
#2875=LINE('',#18114,#3910);
#2876=LINE('',#18116,#3911);
#2877=LINE('',#18117,#3912);
#2878=LINE('',#18135,#3913);
#2879=LINE('',#18158,#3914);
#2880=LINE('',#18181,#3915);
#2881=LINE('',#18204,#3916);
#2882=LINE('',#18227,#3917);
#2883=LINE('',#18235,#3918);
#2884=LINE('',#18237,#3919);
#2885=LINE('',#18238,#3920);
#2886=LINE('',#18241,#3921);
#2887=LINE('',#18243,#3922);
#2888=LINE('',#18244,#3923);
#2889=LINE('',#18247,#3924);
#2890=LINE('',#18249,#3925);
#2891=LINE('',#18250,#3926);
#2892=LINE('',#18252,#3927);
#2893=LINE('',#18253,#3928);
#2894=LINE('',#18258,#3929);
#2895=LINE('',#18260,#3930);
#2896=LINE('',#18262,#3931);
#2897=LINE('',#18263,#3932);
#2898=LINE('',#18266,#3933);
#2899=LINE('',#18268,#3934);
#2900=LINE('',#18269,#3935);
#2901=LINE('',#18272,#3936);
#2902=LINE('',#18274,#3937);
#2903=LINE('',#18275,#3938);
#2904=LINE('',#18277,#3939);
#2905=LINE('',#18278,#3940);
#2906=LINE('',#18283,#3941);
#2907=LINE('',#18285,#3942);
#2908=LINE('',#18287,#3943);
#2909=LINE('',#18288,#3944);
#2910=LINE('',#18291,#3945);
#2911=LINE('',#18293,#3946);
#2912=LINE('',#18294,#3947);
#2913=LINE('',#18297,#3948);
#2914=LINE('',#18299,#3949);
#2915=LINE('',#18300,#3950);
#2916=LINE('',#18303,#3951);
#2917=LINE('',#18305,#3952);
#2918=LINE('',#18306,#3953);
#2919=LINE('',#18309,#3954);
#2920=LINE('',#18311,#3955);
#2921=LINE('',#18312,#3956);
#2922=LINE('',#18315,#3957);
#2923=LINE('',#18317,#3958);
#2924=LINE('',#18318,#3959);
#2925=LINE('',#18321,#3960);
#2926=LINE('',#18323,#3961);
#2927=LINE('',#18324,#3962);
#2928=LINE('',#18327,#3963);
#2929=LINE('',#18329,#3964);
#2930=LINE('',#18330,#3965);
#2931=LINE('',#18333,#3966);
#2932=LINE('',#18335,#3967);
#2933=LINE('',#18336,#3968);
#2934=LINE('',#18339,#3969);
#2935=LINE('',#18341,#3970);
#2936=LINE('',#18342,#3971);
#2937=LINE('',#18345,#3972);
#2938=LINE('',#18347,#3973);
#2939=LINE('',#18348,#3974);
#2940=LINE('',#18350,#3975);
#2941=LINE('',#18351,#3976);
#2942=LINE('',#18356,#3977);
#2943=LINE('',#18358,#3978);
#2944=LINE('',#18360,#3979);
#2945=LINE('',#18361,#3980);
#2946=LINE('',#18364,#3981);
#2947=LINE('',#18366,#3982);
#2948=LINE('',#18367,#3983);
#2949=LINE('',#18370,#3984);
#2950=LINE('',#18372,#3985);
#2951=LINE('',#18373,#3986);
#2952=LINE('',#18376,#3987);
#2953=LINE('',#18378,#3988);
#2954=LINE('',#18379,#3989);
#2955=LINE('',#18382,#3990);
#2956=LINE('',#18384,#3991);
#2957=LINE('',#18385,#3992);
#2958=LINE('',#18387,#3993);
#2959=LINE('',#18388,#3994);
#2960=LINE('',#18395,#3995);
#2961=LINE('',#18399,#3996);
#2962=LINE('',#18403,#3997);
#2963=LINE('',#18406,#3998);
#2964=LINE('',#18411,#3999);
#2965=LINE('',#18432,#4000);
#2966=LINE('',#18436,#4001);
#2967=LINE('',#18438,#4002);
#2968=LINE('',#18439,#4003);
#2969=LINE('',#18446,#4004);
#2970=LINE('',#18451,#4005);
#2971=LINE('',#18454,#4006);
#2972=LINE('',#18457,#4007);
#2973=LINE('',#18461,#4008);
#2974=LINE('',#18467,#4009);
#2975=LINE('',#18471,#4010);
#2976=LINE('',#18475,#4011);
#2977=LINE('',#18479,#4012);
#2978=LINE('',#18484,#4013);
#2979=LINE('',#18485,#4014);
#2980=LINE('',#18486,#4015);
#2981=LINE('',#18490,#4016);
#2982=LINE('',#18493,#4017);
#2983=LINE('',#18494,#4018);
#2984=LINE('',#18498,#4019);
#2985=LINE('',#18501,#4020);
#2986=LINE('',#18502,#4021);
#2987=LINE('',#18506,#4022);
#2988=LINE('',#18509,#4023);
#2989=LINE('',#18510,#4024);
#2990=LINE('',#18518,#4025);
#2991=LINE('',#18520,#4026);
#2992=LINE('',#18522,#4027);
#2993=LINE('',#18523,#4028);
#2994=LINE('',#18526,#4029);
#2995=LINE('',#18528,#4030);
#2996=LINE('',#18529,#4031);
#2997=LINE('',#18532,#4032);
#2998=LINE('',#18534,#4033);
#2999=LINE('',#18535,#4034);
#3000=LINE('',#18537,#4035);
#3001=LINE('',#18538,#4036);
#3002=LINE('',#18543,#4037);
#3003=LINE('',#18550,#4038);
#3004=LINE('',#18557,#4039);
#3005=LINE('',#18564,#4040);
#3006=LINE('',#18571,#4041);
#3007=LINE('',#18578,#4042);
#3008=LINE('',#18585,#4043);
#3009=LINE('',#18592,#4044);
#3010=LINE('',#18598,#4045);
#3011=LINE('',#18600,#4046);
#3012=LINE('',#18602,#4047);
#3013=LINE('',#18603,#4048);
#3014=LINE('',#18609,#4049);
#3015=LINE('',#18612,#4050);
#3016=LINE('',#18614,#4051);
#3017=LINE('',#18615,#4052);
#3018=LINE('',#18621,#4053);
#3019=LINE('',#18624,#4054);
#3020=LINE('',#18626,#4055);
#3021=LINE('',#18627,#4056);
#3022=LINE('',#18633,#4057);
#3023=LINE('',#18636,#4058);
#3024=LINE('',#18638,#4059);
#3025=LINE('',#18639,#4060);
#3026=LINE('',#18648,#4061);
#3027=LINE('',#18652,#4062);
#3028=LINE('',#18656,#4063);
#3029=LINE('',#18659,#4064);
#3030=LINE('',#18664,#4065);
#3031=LINE('',#18670,#4066);
#3032=LINE('',#18676,#4067);
#3033=LINE('',#18682,#4068);
#3034=LINE('',#18688,#4069);
#3035=LINE('',#18694,#4070);
#3036=LINE('',#18700,#4071);
#3037=LINE('',#18706,#4072);
#3038=LINE('',#18712,#4073);
#3039=LINE('',#18718,#4074);
#3040=LINE('',#18724,#4075);
#3041=LINE('',#18730,#4076);
#3042=LINE('',#18736,#4077);
#3043=LINE('',#18742,#4078);
#3044=LINE('',#18748,#4079);
#3045=LINE('',#18754,#4080);
#3046=LINE('',#18758,#4081);
#3047=LINE('',#18760,#4082);
#3048=LINE('',#18761,#4083);
#3049=LINE('',#18765,#4084);
#3050=LINE('',#18768,#4085);
#3051=LINE('',#18769,#4086);
#3052=LINE('',#18773,#4087);
#3053=LINE('',#18776,#4088);
#3054=LINE('',#18777,#4089);
#3055=LINE('',#18781,#4090);
#3056=LINE('',#18784,#4091);
#3057=LINE('',#18785,#4092);
#3058=VECTOR('',#11475,1.);
#3059=VECTOR('',#11478,1.);
#3060=VECTOR('',#11481,1.);
#3061=VECTOR('',#11484,1.);
#3062=VECTOR('',#11489,1.);
#3063=VECTOR('',#11490,1.);
#3064=VECTOR('',#11491,1.);
#3065=VECTOR('',#11494,1.);
#3066=VECTOR('',#11501,1.);
#3067=VECTOR('',#11504,1.);
#3068=VECTOR('',#11505,1.);
#3069=VECTOR('',#11508,1.);
#3070=VECTOR('',#11509,1.);
#3071=VECTOR('',#11512,1.);
#3072=VECTOR('',#11519,1.);
#3073=VECTOR('',#11522,1.);
#3074=VECTOR('',#11527,1.);
#3075=VECTOR('',#11530,1.);
#3076=VECTOR('',#11533,1.);
#3077=VECTOR('',#11536,1.);
#3078=VECTOR('',#11539,1.);
#3079=VECTOR('',#11542,1.);
#3080=VECTOR('',#11545,1.);
#3081=VECTOR('',#11546,1.);
#3082=VECTOR('',#11549,1.);
#3083=VECTOR('',#11554,1.);
#3084=VECTOR('',#11555,1.);
#3085=VECTOR('',#11558,1.);
#3086=VECTOR('',#11563,1.);
#3087=VECTOR('',#11564,1.);
#3088=VECTOR('',#11567,1.);
#3089=VECTOR('',#11572,1.);
#3090=VECTOR('',#11575,1.);
#3091=VECTOR('',#11578,1.);
#3092=VECTOR('',#11581,1.);
#3093=VECTOR('',#11584,1.);
#3094=VECTOR('',#11589,1.);
#3095=VECTOR('',#11590,1.);
#3096=VECTOR('',#11591,1.);
#3097=VECTOR('',#11594,1.);
#3098=VECTOR('',#11601,1.);
#3099=VECTOR('',#11604,1.);
#3100=VECTOR('',#11605,1.);
#3101=VECTOR('',#11608,1.);
#3102=VECTOR('',#11609,1.);
#3103=VECTOR('',#11612,1.);
#3104=VECTOR('',#11619,1.);
#3105=VECTOR('',#11622,1.);
#3106=VECTOR('',#11629,1.);
#3107=VECTOR('',#11630,1.);
#3108=VECTOR('',#11631,1.);
#3109=VECTOR('',#11632,1.);
#3110=VECTOR('',#11635,1.);
#3111=VECTOR('',#11636,1.);
#3112=VECTOR('',#11637,1.);
#3113=VECTOR('',#11638,0.999999999999738);
#3114=VECTOR('',#11639,1.);
#3115=VECTOR('',#11640,1.);
#3116=VECTOR('',#11641,1.);
#3117=VECTOR('',#11642,1.);
#3118=VECTOR('',#11647,1.);
#3119=VECTOR('',#11648,1.);
#3120=VECTOR('',#11649,1.);
#3121=VECTOR('',#11650,1.);
#3122=VECTOR('',#11651,1.);
#3123=VECTOR('',#11652,1.);
#3124=VECTOR('',#11653,1.);
#3125=VECTOR('',#11654,1.);
#3126=VECTOR('',#11655,1.);
#3127=VECTOR('',#11656,1.);
#3128=VECTOR('',#11661,1.);
#3129=VECTOR('',#11662,1.);
#3130=VECTOR('',#11663,1.);
#3131=VECTOR('',#11664,1.);
#3132=VECTOR('',#11665,1.);
#3133=VECTOR('',#11668,1.);
#3134=VECTOR('',#11671,1.);
#3135=VECTOR('',#11672,1.);
#3136=VECTOR('',#11675,1.);
#3137=VECTOR('',#11676,1.);
#3138=VECTOR('',#11679,1.);
#3139=VECTOR('',#11680,0.999999999999738);
#3140=VECTOR('',#11683,1.);
#3141=VECTOR('',#11684,1.);
#3142=VECTOR('',#11685,1.);
#3143=VECTOR('',#11686,1.);
#3144=VECTOR('',#11687,1.);
#3145=VECTOR('',#11688,1.);
#3146=VECTOR('',#11691,1.);
#3147=VECTOR('',#11692,1.);
#3148=VECTOR('',#11693,1.);
#3149=VECTOR('',#11694,1.);
#3150=VECTOR('',#11695,1.);
#3151=VECTOR('',#11696,1.);
#3152=VECTOR('',#11697,1.);
#3153=VECTOR('',#11698,1.);
#3154=VECTOR('',#11699,1.);
#3155=VECTOR('',#11700,1.);
#3156=VECTOR('',#11701,1.);
#3157=VECTOR('',#11702,1.);
#3158=VECTOR('',#11703,1.);
#3159=VECTOR('',#11704,1.);
#3160=VECTOR('',#11705,1.);
#3161=VECTOR('',#11706,1.);
#3162=VECTOR('',#11709,1.);
#3163=VECTOR('',#11710,1.);
#3164=VECTOR('',#11711,1.);
#3165=VECTOR('',#11716,1.);
#3166=VECTOR('',#11717,1.);
#3167=VECTOR('',#11718,1.);
#3168=VECTOR('',#11719,1.);
#3169=VECTOR('',#11720,1.);
#3170=VECTOR('',#11721,1.);
#3171=VECTOR('',#11722,1.);
#3172=VECTOR('',#11723,1.);
#3173=VECTOR('',#11724,1.);
#3174=VECTOR('',#11725,1.);
#3175=VECTOR('',#11730,1.);
#3176=VECTOR('',#11731,1.);
#3177=VECTOR('',#11732,1.);
#3178=VECTOR('',#11733,1.);
#3179=VECTOR('',#11734,1.);
#3180=VECTOR('',#11735,1.);
#3181=VECTOR('',#11738,1.);
#3182=VECTOR('',#11739,1.);
#3183=VECTOR('',#11742,1.);
#3184=VECTOR('',#11743,1.);
#3185=VECTOR('',#11744,1.);
#3186=VECTOR('',#11747,1.);
#3187=VECTOR('',#11748,1.);
#3188=VECTOR('',#11751,1.);
#3189=VECTOR('',#11752,0.999999999999738);
#3190=VECTOR('',#11753,1.);
#3191=VECTOR('',#11754,1.);
#3192=VECTOR('',#11757,1.);
#3193=VECTOR('',#11758,1.);
#3194=VECTOR('',#11759,1.);
#3195=VECTOR('',#11762,1.);
#3196=VECTOR('',#11763,1.);
#3197=VECTOR('',#11766,1.);
#3198=VECTOR('',#11767,1.);
#3199=VECTOR('',#11768,0.999999999999738);
#3200=VECTOR('',#11771,1.);
#3201=VECTOR('',#11772,1.);
#3202=VECTOR('',#11773,1.);
#3203=VECTOR('',#11774,1.);
#3204=VECTOR('',#11775,1.);
#3205=VECTOR('',#11776,1.);
#3206=VECTOR('',#11777,1.);
#3207=VECTOR('',#11778,1.);
#3208=VECTOR('',#11779,1.);
#3209=VECTOR('',#11780,1.);
#3210=VECTOR('',#11781,1.);
#3211=VECTOR('',#11782,1.);
#3212=VECTOR('',#11783,1.);
#3213=VECTOR('',#11786,1.);
#3214=VECTOR('',#11787,1.);
#3215=VECTOR('',#11788,1.);
#3216=VECTOR('',#11789,1.);
#3217=VECTOR('',#11790,1.);
#3218=VECTOR('',#11791,1.);
#3219=VECTOR('',#11792,1.);
#3220=VECTOR('',#11793,1.);
#3221=VECTOR('',#11794,1.);
#3222=VECTOR('',#11795,1.);
#3223=VECTOR('',#11796,1.);
#3224=VECTOR('',#11797,1.);
#3225=VECTOR('',#11798,1.);
#3226=VECTOR('',#11801,0.999999999999941);
#3227=VECTOR('',#11802,1.);
#3228=VECTOR('',#11803,1.00000000000012);
#3229=VECTOR('',#11804,1.);
#3230=VECTOR('',#11807,1.);
#3231=VECTOR('',#11808,1.);
#3232=VECTOR('',#11809,1.);
#3233=VECTOR('',#11812,1.);
#3234=VECTOR('',#11815,1.);
#3235=VECTOR('',#11818,1.00000000000012);
#3236=VECTOR('',#11821,1.);
#3237=VECTOR('',#11822,1.00000000000012);
#3238=VECTOR('',#11825,1.);
#3239=VECTOR('',#11826,0.999999999999941);
#3240=VECTOR('',#11827,1.);
#3241=VECTOR('',#11830,1.);
#3242=VECTOR('',#11833,0.999999999999941);
#3243=VECTOR('',#11834,1.);
#3244=VECTOR('',#11835,1.00000000000012);
#3245=VECTOR('',#11838,1.);
#3246=VECTOR('',#11839,1.00000000000012);
#3247=VECTOR('',#11840,1.);
#3248=VECTOR('',#11841,1.00000000000012);
#3249=VECTOR('',#11844,1.);
#3250=VECTOR('',#11845,1.);
#3251=VECTOR('',#11848,1.);
#3252=VECTOR('',#11849,1.);
#3253=VECTOR('',#11850,1.);
#3254=VECTOR('',#11851,1.);
#3255=VECTOR('',#11852,1.);
#3256=VECTOR('',#11855,1.);
#3257=VECTOR('',#11856,1.);
#3258=VECTOR('',#11859,1.);
#3259=VECTOR('',#11860,1.);
#3260=VECTOR('',#11861,1.);
#3261=VECTOR('',#11862,1.);
#3262=VECTOR('',#11863,1.);
#3263=VECTOR('',#11866,1.);
#3264=VECTOR('',#11869,1.);
#3265=VECTOR('',#11874,1.);
#3266=VECTOR('',#11875,1.);
#3267=VECTOR('',#11876,1.);
#3268=VECTOR('',#11877,1.);
#3269=VECTOR('',#11878,1.);
#3270=VECTOR('',#11881,1.);
#3271=VECTOR('',#11882,1.);
#3272=VECTOR('',#11883,0.999999999999941);
#3273=VECTOR('',#11886,1.);
#3274=VECTOR('',#11889,1.);
#3275=VECTOR('',#11892,1.);
#3276=VECTOR('',#11893,1.);
#3277=VECTOR('',#11896,1.);
#3278=VECTOR('',#11897,1.);
#3279=VECTOR('',#11900,1.);
#3280=VECTOR('',#11903,1.);
#3281=VECTOR('',#11908,1.);
#3282=VECTOR('',#11913,1.);
#3283=VECTOR('',#11914,1.);
#3284=VECTOR('',#11917,1.);
#3285=VECTOR('',#11924,1.);
#3286=VECTOR('',#11925,1.);
#3287=VECTOR('',#11926,1.);
#3288=VECTOR('',#11929,1.);
#3289=VECTOR('',#11930,1.);
#3290=VECTOR('',#11933,1.);
#3291=VECTOR('',#11934,1.);
#3292=VECTOR('',#11937,1.);
#3293=VECTOR('',#11940,1.);
#3294=VECTOR('',#11941,1.);
#3295=VECTOR('',#11942,1.);
#3296=VECTOR('',#11945,1.);
#3297=VECTOR('',#11946,1.);
#3298=VECTOR('',#11949,1.);
#3299=VECTOR('',#11950,1.);
#3300=VECTOR('',#11953,1.);
#3301=VECTOR('',#11956,1.);
#3302=VECTOR('',#11957,1.);
#3303=VECTOR('',#11958,1.);
#3304=VECTOR('',#11959,1.);
#3305=VECTOR('',#11962,1.);
#3306=VECTOR('',#11963,1.);
#3307=VECTOR('',#11964,1.);
#3308=VECTOR('',#11965,1.);
#3309=VECTOR('',#11968,1.);
#3310=VECTOR('',#11973,1.00000000000065);
#3311=VECTOR('',#11974,1.00000000000065);
#3312=VECTOR('',#11975,1.);
#3313=VECTOR('',#11978,1.00000000000065);
#3314=VECTOR('',#11979,1.);
#3315=VECTOR('',#11982,1.00000000000065);
#3316=VECTOR('',#11983,1.);
#3317=VECTOR('',#11986,1.);
#3318=VECTOR('',#11989,1.00000000000065);
#3319=VECTOR('',#11990,1.00000000000065);
#3320=VECTOR('',#11991,1.);
#3321=VECTOR('',#11994,1.00000000000065);
#3322=VECTOR('',#11995,1.);
#3323=VECTOR('',#11998,1.00000000000065);
#3324=VECTOR('',#11999,1.);
#3325=VECTOR('',#12002,1.);
#3326=VECTOR('',#12005,1.);
#3327=VECTOR('',#12008,1.);
#3328=VECTOR('',#12009,1.00000000000009);
#3329=VECTOR('',#12010,0.99999999999993);
#3330=VECTOR('',#12011,1.);
#3331=VECTOR('',#12012,0.99999999999993);
#3332=VECTOR('',#12013,1.00000000000009);
#3333=VECTOR('',#12014,1.);
#3334=VECTOR('',#12017,1.);
#3335=VECTOR('',#12020,1.);
#3336=VECTOR('',#12021,1.);
#3337=VECTOR('',#12026,1.);
#3338=VECTOR('',#12027,1.00000000000009);
#3339=VECTOR('',#12028,0.99999999999993);
#3340=VECTOR('',#12029,1.);
#3341=VECTOR('',#12030,0.99999999999993);
#3342=VECTOR('',#12031,1.00000000000009);
#3343=VECTOR('',#12032,1.);
#3344=VECTOR('',#12035,1.);
#3345=VECTOR('',#12038,1.);
#3346=VECTOR('',#12041,1.);
#3347=VECTOR('',#12044,1.);
#3348=VECTOR('',#12045,1.00000000000009);
#3349=VECTOR('',#12046,0.99999999999993);
#3350=VECTOR('',#12047,1.);
#3351=VECTOR('',#12048,0.99999999999993);
#3352=VECTOR('',#12049,1.00000000000009);
#3353=VECTOR('',#12050,1.);
#3354=VECTOR('',#12053,1.);
#3355=VECTOR('',#12056,1.);
#3356=VECTOR('',#12057,1.);
#3357=VECTOR('',#12062,1.);
#3358=VECTOR('',#12063,1.00000000000009);
#3359=VECTOR('',#12064,0.99999999999993);
#3360=VECTOR('',#12065,1.);
#3361=VECTOR('',#12066,0.99999999999993);
#3362=VECTOR('',#12067,1.00000000000009);
#3363=VECTOR('',#12068,1.);
#3364=VECTOR('',#12071,1.);
#3365=VECTOR('',#12074,1.);
#3366=VECTOR('',#12081,1.);
#3367=VECTOR('',#12084,1.);
#3368=VECTOR('',#12087,1.);
#3369=VECTOR('',#12090,1.00000000000061);
#3370=VECTOR('',#12091,1.);
#3371=VECTOR('',#12092,1.00000000000061);
#3372=VECTOR('',#12095,1.00000000000055);
#3373=VECTOR('',#12096,1.);
#3374=VECTOR('',#12097,1.00000000000058);
#3375=VECTOR('',#12098,1.00000000000061);
#3376=VECTOR('',#12101,1.);
#3377=VECTOR('',#12102,1.00000000000061);
#3378=VECTOR('',#12103,1.);
#3379=VECTOR('',#12106,1.);
#3380=VECTOR('',#12109,1.);
#3381=VECTOR('',#12114,1.00000000000055);
#3382=VECTOR('',#12115,1.00000000000058);
#3383=VECTOR('',#12116,1.);
#3384=VECTOR('',#12119,1.);
#3385=VECTOR('',#12122,1.);
#3386=VECTOR('',#12125,1.);
#3387=VECTOR('',#12128,1.00000000000061);
#3388=VECTOR('',#12129,1.);
#3389=VECTOR('',#12130,1.00000000000061);
#3390=VECTOR('',#12133,1.00000000000055);
#3391=VECTOR('',#12134,1.);
#3392=VECTOR('',#12135,1.00000000000058);
#3393=VECTOR('',#12136,1.00000000000061);
#3394=VECTOR('',#12139,1.);
#3395=VECTOR('',#12140,1.00000000000061);
#3396=VECTOR('',#12141,1.);
#3397=VECTOR('',#12144,1.);
#3398=VECTOR('',#12147,1.);
#3399=VECTOR('',#12152,1.00000000000055);
#3400=VECTOR('',#12153,1.00000000000058);
#3401=VECTOR('',#12154,1.);
#3402=VECTOR('',#12157,1.);
#3403=VECTOR('',#12160,1.);
#3404=VECTOR('',#12165,1.);
#3405=VECTOR('',#12168,1.);
#3406=VECTOR('',#12183,2.45);
#3407=VECTOR('',#12188,1.);
#3408=VECTOR('',#12193,1.);
#3409=VECTOR('',#12194,1.);
#3410=VECTOR('',#12197,1.);
#3411=VECTOR('',#12200,1.);
#3412=VECTOR('',#12201,1.);
#3413=VECTOR('',#12202,1.);
#3414=VECTOR('',#12203,1.);
#3415=VECTOR('',#12204,1.);
#3416=VECTOR('',#12205,1.);
#3417=VECTOR('',#12206,1.);
#3418=VECTOR('',#12207,1.);
#3419=VECTOR('',#12210,1.);
#3420=VECTOR('',#12211,1.);
#3421=VECTOR('',#12212,1.);
#3422=VECTOR('',#12215,1.);
#3423=VECTOR('',#12216,1.);
#3424=VECTOR('',#12219,1.);
#3425=VECTOR('',#12220,1.);
#3426=VECTOR('',#12223,1.);
#3427=VECTOR('',#12226,1.);
#3428=VECTOR('',#12227,1.);
#3429=VECTOR('',#12228,1.);
#3430=VECTOR('',#12231,1.);
#3431=VECTOR('',#12232,1.);
#3432=VECTOR('',#12235,1.);
#3433=VECTOR('',#12236,1.);
#3434=VECTOR('',#12239,1.);
#3435=VECTOR('',#12254,0.5);
#3436=VECTOR('',#12257,1.);
#3437=VECTOR('',#12260,1.);
#3438=VECTOR('',#12263,1.);
#3439=VECTOR('',#12266,1.);
#3440=VECTOR('',#12279,1.);
#3441=VECTOR('',#12280,1.);
#3442=VECTOR('',#12281,1.);
#3443=VECTOR('',#12284,1.);
#3444=VECTOR('',#12291,1.);
#3445=VECTOR('',#12294,1.);
#3446=VECTOR('',#12295,1.);
#3447=VECTOR('',#12298,1.);
#3448=VECTOR('',#12299,1.);
#3449=VECTOR('',#12304,1.);
#3450=VECTOR('',#12309,1.);
#3451=VECTOR('',#12312,1.);
#3452=VECTOR('',#12315,0.5);
#3453=VECTOR('',#12320,1.75);
#3454=VECTOR('',#12325,0.5);
#3455=VECTOR('',#12330,0.5);
#3456=VECTOR('',#12335,1.);
#3457=VECTOR('',#12336,1.);
#3458=VECTOR('',#12337,1.);
#3459=VECTOR('',#12340,1.);
#3460=VECTOR('',#12347,1.);
#3461=VECTOR('',#12350,1.);
#3462=VECTOR('',#12351,1.);
#3463=VECTOR('',#12352,1.);
#3464=VECTOR('',#12353,1.);
#3465=VECTOR('',#12354,1.);
#3466=VECTOR('',#12355,1.);
#3467=VECTOR('',#12356,1.);
#3468=VECTOR('',#12357,1.);
#3469=VECTOR('',#12358,1.);
#3470=VECTOR('',#12359,1.);
#3471=VECTOR('',#12362,1.);
#3472=VECTOR('',#12363,1.);
#3473=VECTOR('',#12364,1.);
#3474=VECTOR('',#12365,1.);
#3475=VECTOR('',#12366,1.);
#3476=VECTOR('',#12367,1.);
#3477=VECTOR('',#12368,1.);
#3478=VECTOR('',#12369,1.);
#3479=VECTOR('',#12370,1.);
#3480=VECTOR('',#12371,1.);
#3481=VECTOR('',#12376,1.);
#3482=VECTOR('',#12381,1.);
#3483=VECTOR('',#12384,1.);
#3484=VECTOR('',#12399,1.);
#3485=VECTOR('',#12400,1.);
#3486=VECTOR('',#12401,1.);
#3487=VECTOR('',#12402,1.);
#3488=VECTOR('',#12405,0.999999999999756);
#3489=VECTOR('',#12408,1.);
#3490=VECTOR('',#12411,1.);
#3491=VECTOR('',#12412,1.);
#3492=VECTOR('',#12415,0.999999999999756);
#3493=VECTOR('',#12418,0.999999999999756);
#3494=VECTOR('',#12421,1.);
#3495=VECTOR('',#12422,1.);
#3496=VECTOR('',#12423,1.);
#3497=VECTOR('',#12426,0.999999999999756);
#3498=VECTOR('',#12431,1.);
#3499=VECTOR('',#12432,1.);
#3500=VECTOR('',#12435,0.999999999999756);
#3501=VECTOR('',#12438,0.999999999999756);
#3502=VECTOR('',#12441,1.);
#3503=VECTOR('',#12442,1.);
#3504=VECTOR('',#12443,1.);
#3505=VECTOR('',#12446,0.999999999999756);
#3506=VECTOR('',#12449,0.999999999999756);
#3507=VECTOR('',#12452,1.);
#3508=VECTOR('',#12455,1.);
#3509=VECTOR('',#12460,0.999999999999756);
#3510=VECTOR('',#12463,0.999999999999756);
#3511=VECTOR('',#12466,1.);
#3512=VECTOR('',#12467,1.);
#3513=VECTOR('',#12468,1.);
#3514=VECTOR('',#12471,0.999999999999756);
#3515=VECTOR('',#12474,0.999999999999756);
#3516=VECTOR('',#12477,1.);
#3517=VECTOR('',#12478,1.);
#3518=VECTOR('',#12481,1.);
#3519=VECTOR('',#12486,0.999999999999756);
#3520=VECTOR('',#12489,1.);
#3521=VECTOR('',#12492,1.);
#3522=VECTOR('',#12493,1.);
#3523=VECTOR('',#12496,0.999999999999756);
#3524=VECTOR('',#12499,0.999999999999756);
#3525=VECTOR('',#12502,1.);
#3526=VECTOR('',#12503,1.);
#3527=VECTOR('',#12504,1.);
#3528=VECTOR('',#12507,0.999999999999756);
#3529=VECTOR('',#12512,1.);
#3530=VECTOR('',#12515,0.999999999999756);
#3531=VECTOR('',#12518,1.);
#3532=VECTOR('',#12521,1.);
#3533=VECTOR('',#12522,1.);
#3534=VECTOR('',#12525,0.999999999999756);
#3535=VECTOR('',#12528,0.999999999999756);
#3536=VECTOR('',#12531,1.);
#3537=VECTOR('',#12532,1.);
#3538=VECTOR('',#12533,1.);
#3539=VECTOR('',#12536,0.999999999999756);
#3540=VECTOR('',#12541,1.);
#3541=VECTOR('',#12542,1.);
#3542=VECTOR('',#12545,0.999999999999756);
#3543=VECTOR('',#12548,0.999999999999756);
#3544=VECTOR('',#12551,1.);
#3545=VECTOR('',#12552,1.);
#3546=VECTOR('',#12553,1.);
#3547=VECTOR('',#12556,0.999999999999756);
#3548=VECTOR('',#12559,0.999999999999756);
#3549=VECTOR('',#12562,1.);
#3550=VECTOR('',#12565,1.);
#3551=VECTOR('',#12570,0.999999999999756);
#3552=VECTOR('',#12573,0.999999999999756);
#3553=VECTOR('',#12576,1.);
#3554=VECTOR('',#12577,1.);
#3555=VECTOR('',#12578,1.);
#3556=VECTOR('',#12581,0.999999999999756);
#3557=VECTOR('',#12584,0.999999999999756);
#3558=VECTOR('',#12587,1.);
#3559=VECTOR('',#12588,1.);
#3560=VECTOR('',#12591,1.);
#3561=VECTOR('',#12596,0.999999999999756);
#3562=VECTOR('',#12599,1.);
#3563=VECTOR('',#12602,1.);
#3564=VECTOR('',#12603,1.);
#3565=VECTOR('',#12606,0.999999999999756);
#3566=VECTOR('',#12609,0.999999999999756);
#3567=VECTOR('',#12612,1.);
#3568=VECTOR('',#12613,1.);
#3569=VECTOR('',#12614,1.);
#3570=VECTOR('',#12617,0.999999999999756);
#3571=VECTOR('',#12622,1.);
#3572=VECTOR('',#12627,1.);
#3573=VECTOR('',#12630,1.);
#3574=VECTOR('',#12633,1.);
#3575=VECTOR('',#12636,1.);
#3576=VECTOR('',#12639,1.);
#3577=VECTOR('',#12640,1.);
#3578=VECTOR('',#12643,1.);
#3579=VECTOR('',#12646,1.);
#3580=VECTOR('',#12649,1.);
#3581=VECTOR('',#12652,1.);
#3582=VECTOR('',#12657,1.);
#3583=VECTOR('',#12660,1.);
#3584=VECTOR('',#12663,1.);
#3585=VECTOR('',#12666,1.);
#3586=VECTOR('',#12669,1.);
#3587=VECTOR('',#12672,1.);
#3588=VECTOR('',#12675,1.);
#3589=VECTOR('',#12678,1.);
#3590=VECTOR('',#12683,1.);
#3591=VECTOR('',#12684,1.);
#3592=VECTOR('',#12687,1.);
#3593=VECTOR('',#12690,1.);
#3594=VECTOR('',#12693,1.);
#3595=VECTOR('',#12696,1.);
#3596=VECTOR('',#12701,1.);
#3597=VECTOR('',#12704,1.);
#3598=VECTOR('',#12707,1.);
#3599=VECTOR('',#12710,1.);
#3600=VECTOR('',#12713,1.);
#3601=VECTOR('',#12716,1.);
#3602=VECTOR('',#12719,1.);
#3603=VECTOR('',#12722,1.);
#3604=VECTOR('',#12727,1.);
#3605=VECTOR('',#12728,1.);
#3606=VECTOR('',#12731,1.);
#3607=VECTOR('',#12734,1.);
#3608=VECTOR('',#12737,1.);
#3609=VECTOR('',#12740,1.);
#3610=VECTOR('',#12745,1.);
#3611=VECTOR('',#12748,1.);
#3612=VECTOR('',#12751,1.);
#3613=VECTOR('',#12754,1.);
#3614=VECTOR('',#12757,1.);
#3615=VECTOR('',#12760,1.);
#3616=VECTOR('',#12763,1.);
#3617=VECTOR('',#12766,1.);
#3618=VECTOR('',#12771,1.);
#3619=VECTOR('',#12772,1.);
#3620=VECTOR('',#12775,1.);
#3621=VECTOR('',#12778,1.);
#3622=VECTOR('',#12781,1.);
#3623=VECTOR('',#12784,1.);
#3624=VECTOR('',#12789,1.);
#3625=VECTOR('',#12792,1.);
#3626=VECTOR('',#12795,1.);
#3627=VECTOR('',#12798,1.);
#3628=VECTOR('',#12801,1.);
#3629=VECTOR('',#12804,1.);
#3630=VECTOR('',#12807,1.);
#3631=VECTOR('',#12810,1.);
#3632=VECTOR('',#12817,1.);
#3633=VECTOR('',#12818,1.);
#3634=VECTOR('',#12819,1.);
#3635=VECTOR('',#12820,1.);
#3636=VECTOR('',#12823,1.);
#3637=VECTOR('',#12826,1.);
#3638=VECTOR('',#12827,1.);
#3639=VECTOR('',#12828,1.);
#3640=VECTOR('',#12831,1.);
#3641=VECTOR('',#12840,1.);
#3642=VECTOR('',#12843,1.);
#3643=VECTOR('',#12848,1.);
#3644=VECTOR('',#12849,1.);
#3645=VECTOR('',#12852,1.);
#3646=VECTOR('',#12853,1.);
#3647=VECTOR('',#12854,1.);
#3648=VECTOR('',#12859,1.);
#3649=VECTOR('',#12862,1.);
#3650=VECTOR('',#12865,1.);
#3651=VECTOR('',#12866,1.);
#3652=VECTOR('',#12867,1.);
#3653=VECTOR('',#12868,1.);
#3654=VECTOR('',#12869,1.);
#3655=VECTOR('',#12872,1.);
#3656=VECTOR('',#12875,1.);
#3657=VECTOR('',#12878,1.);
#3658=VECTOR('',#12879,1.);
#3659=VECTOR('',#12880,1.);
#3660=VECTOR('',#12881,1.);
#3661=VECTOR('',#12882,1.);
#3662=VECTOR('',#12885,1.);
#3663=VECTOR('',#12888,1.);
#3664=VECTOR('',#12891,1.);
#3665=VECTOR('',#12894,1.);
#3666=VECTOR('',#12901,1.);
#3667=VECTOR('',#12902,1.);
#3668=VECTOR('',#12903,1.);
#3669=VECTOR('',#12906,1.);
#3670=VECTOR('',#12907,1.);
#3671=VECTOR('',#12910,1.);
#3672=VECTOR('',#12915,1.);
#3673=VECTOR('',#12918,1.);
#3674=VECTOR('',#12923,1.);
#3675=VECTOR('',#12924,1.);
#3676=VECTOR('',#12927,1.);
#3677=VECTOR('',#12930,1.);
#3678=VECTOR('',#12933,1.);
#3679=VECTOR('',#12936,1.);
#3680=VECTOR('',#12939,1.);
#3681=VECTOR('',#12942,1.);
#3682=VECTOR('',#12945,1.);
#3683=VECTOR('',#12948,1.);
#3684=VECTOR('',#12969,10.);
#3685=VECTOR('',#12970,10.);
#3686=VECTOR('',#12971,10.);
#3687=VECTOR('',#12972,10.);
#3688=VECTOR('',#12975,10.);
#3689=VECTOR('',#12976,10.);
#3690=VECTOR('',#12977,10.);
#3691=VECTOR('',#12980,10.);
#3692=VECTOR('',#12981,10.);
#3693=VECTOR('',#12982,10.);
#3694=VECTOR('',#12983,10.);
#3695=VECTOR('',#12984,10.);
#3696=VECTOR('',#12985,10.);
#3697=VECTOR('',#12986,10.);
#3698=VECTOR('',#12987,10.);
#3699=VECTOR('',#12988,10.);
#3700=VECTOR('',#12991,10.);
#3701=VECTOR('',#12992,10.);
#3702=VECTOR('',#12993,10.);
#3703=VECTOR('',#12996,10.);
#3704=VECTOR('',#12997,10.);
#3705=VECTOR('',#12998,10.);
#3706=VECTOR('',#13001,10.);
#3707=VECTOR('',#13002,10.);
#3708=VECTOR('',#13003,10.);
#3709=VECTOR('',#13004,10.);
#3710=VECTOR('',#13005,10.);
#3711=VECTOR('',#13006,10.);
#3712=VECTOR('',#13007,10.);
#3713=VECTOR('',#13008,10.);
#3714=VECTOR('',#13011,10.);
#3715=VECTOR('',#13012,10.);
#3716=VECTOR('',#13013,10.);
#3717=VECTOR('',#13016,10.);
#3718=VECTOR('',#13017,10.);
#3719=VECTOR('',#13022,10.);
#3720=VECTOR('',#13023,10.);
#3721=VECTOR('',#13024,10.);
#3722=VECTOR('',#13025,10.);
#3723=VECTOR('',#13028,10.);
#3724=VECTOR('',#13029,10.);
#3725=VECTOR('',#13030,10.);
#3726=VECTOR('',#13033,10.);
#3727=VECTOR('',#13034,10.);
#3728=VECTOR('',#13035,10.);
#3729=VECTOR('',#13038,10.);
#3730=VECTOR('',#13039,10.);
#3731=VECTOR('',#13044,10.);
#3732=VECTOR('',#13045,10.);
#3733=VECTOR('',#13046,10.);
#3734=VECTOR('',#13047,10.);
#3735=VECTOR('',#13048,10.);
#3736=VECTOR('',#13049,10.);
#3737=VECTOR('',#13050,10.);
#3738=VECTOR('',#13051,10.);
#3739=VECTOR('',#13052,10.);
#3740=VECTOR('',#13055,10.);
#3741=VECTOR('',#13056,10.);
#3742=VECTOR('',#13057,10.);
#3743=VECTOR('',#13060,10.);
#3744=VECTOR('',#13061,10.);
#3745=VECTOR('',#13062,10.);
#3746=VECTOR('',#13065,10.);
#3747=VECTOR('',#13066,10.);
#3748=VECTOR('',#13067,10.);
#3749=VECTOR('',#13068,10.);
#3750=VECTOR('',#13069,10.);
#3751=VECTOR('',#13070,10.);
#3752=VECTOR('',#13071,10.);
#3753=VECTOR('',#13072,10.);
#3754=VECTOR('',#13075,10.);
#3755=VECTOR('',#13076,10.);
#3756=VECTOR('',#13077,10.);
#3757=VECTOR('',#13080,10.);
#3758=VECTOR('',#13081,10.);
#3759=VECTOR('',#13082,10.);
#3760=VECTOR('',#13085,10.);
#3761=VECTOR('',#13086,10.);
#3762=VECTOR('',#13087,10.);
#3763=VECTOR('',#13090,10.);
#3764=VECTOR('',#13091,10.);
#3765=VECTOR('',#13094,10.);
#3766=VECTOR('',#13095,10.);
#3767=VECTOR('',#13096,10.);
#3768=VECTOR('',#13097,10.);
#3769=VECTOR('',#13098,10.);
#3770=VECTOR('',#13099,10.);
#3771=VECTOR('',#13100,10.);
#3772=VECTOR('',#13101,10.);
#3773=VECTOR('',#13102,10.);
#3774=VECTOR('',#13103,10.);
#3775=VECTOR('',#13106,10.);
#3776=VECTOR('',#13107,10.);
#3777=VECTOR('',#13110,10.);
#3778=VECTOR('',#13111,10.);
#3779=VECTOR('',#13112,10.);
#3780=VECTOR('',#13113,10.);
#3781=VECTOR('',#13114,10.);
#3782=VECTOR('',#13115,10.);
#3783=VECTOR('',#13118,10.);
#3784=VECTOR('',#13119,10.);
#3785=VECTOR('',#13120,10.);
#3786=VECTOR('',#13121,10.);
#3787=VECTOR('',#13122,10.);
#3788=VECTOR('',#13123,10.);
#3789=VECTOR('',#13124,10.);
#3790=VECTOR('',#13125,10.);
#3791=VECTOR('',#13126,10.);
#3792=VECTOR('',#13127,10.);
#3793=VECTOR('',#13130,10.);
#3794=VECTOR('',#13131,10.);
#3795=VECTOR('',#13132,10.);
#3796=VECTOR('',#13133,10.);
#3797=VECTOR('',#13134,10.);
#3798=VECTOR('',#13135,10.);
#3799=VECTOR('',#13136,10.);
#3800=VECTOR('',#13137,10.);
#3801=VECTOR('',#13138,10.);
#3802=VECTOR('',#13139,10.);
#3803=VECTOR('',#13140,10.);
#3804=VECTOR('',#13141,10.);
#3805=VECTOR('',#13142,10.);
#3806=VECTOR('',#13143,10.);
#3807=VECTOR('',#13144,10.);
#3808=VECTOR('',#13145,10.);
#3809=VECTOR('',#13146,10.);
#3810=VECTOR('',#13151,10.);
#3811=VECTOR('',#13152,10.);
#3812=VECTOR('',#13153,10.);
#3813=VECTOR('',#13154,10.);
#3814=VECTOR('',#13155,10.);
#3815=VECTOR('',#13156,10.);
#3816=VECTOR('',#13157,10.);
#3817=VECTOR('',#13158,10.);
#3818=VECTOR('',#13159,10.);
#3819=VECTOR('',#13162,10.);
#3820=VECTOR('',#13163,10.);
#3821=VECTOR('',#13164,10.);
#3822=VECTOR('',#13167,10.);
#3823=VECTOR('',#13168,10.);
#3824=VECTOR('',#13169,10.);
#3825=VECTOR('',#13172,10.);
#3826=VECTOR('',#13173,10.);
#3827=VECTOR('',#13174,10.);
#3828=VECTOR('',#13175,10.);
#3829=VECTOR('',#13176,10.);
#3830=VECTOR('',#13177,10.);
#3831=VECTOR('',#13178,10.);
#3832=VECTOR('',#13181,10.);
#3833=VECTOR('',#13182,10.);
#3834=VECTOR('',#13183,10.);
#3835=VECTOR('',#13186,10.);
#3836=VECTOR('',#13187,10.);
#3837=VECTOR('',#13188,10.);
#3838=VECTOR('',#13191,10.);
#3839=VECTOR('',#13192,10.);
#3840=VECTOR('',#13193,10.);
#3841=VECTOR('',#13196,10.);
#3842=VECTOR('',#13197,10.);
#3843=VECTOR('',#13200,10.);
#3844=VECTOR('',#13201,10.);
#3845=VECTOR('',#13202,10.);
#3846=VECTOR('',#13203,10.);
#3847=VECTOR('',#13206,10.);
#3848=VECTOR('',#13207,10.);
#3849=VECTOR('',#13208,10.);
#3850=VECTOR('',#13209,10.);
#3851=VECTOR('',#13210,10.);
#3852=VECTOR('',#13211,10.);
#3853=VECTOR('',#13212,10.);
#3854=VECTOR('',#13215,10.);
#3855=VECTOR('',#13216,10.);
#3856=VECTOR('',#13217,10.);
#3857=VECTOR('',#13218,10.);
#3858=VECTOR('',#13219,10.);
#3859=VECTOR('',#13220,10.);
#3860=VECTOR('',#13221,10.);
#3861=VECTOR('',#13222,10.);
#3862=VECTOR('',#13223,10.);
#3863=VECTOR('',#13224,10.);
#3864=VECTOR('',#13225,10.);
#3865=VECTOR('',#13226,10.);
#3866=VECTOR('',#13229,10.);
#3867=VECTOR('',#13230,10.);
#3868=VECTOR('',#13231,10.);
#3869=VECTOR('',#13234,10.);
#3870=VECTOR('',#13235,10.);
#3871=VECTOR('',#13236,10.);
#3872=VECTOR('',#13237,10.);
#3873=VECTOR('',#13238,10.);
#3874=VECTOR('',#13239,10.);
#3875=VECTOR('',#13240,10.);
#3876=VECTOR('',#13241,10.);
#3877=VECTOR('',#13242,10.);
#3878=VECTOR('',#13243,10.);
#3879=VECTOR('',#13246,10.);
#3880=VECTOR('',#13247,10.);
#3881=VECTOR('',#13248,10.);
#3882=VECTOR('',#13249,10.);
#3883=VECTOR('',#13250,10.);
#3884=VECTOR('',#13251,10.);
#3885=VECTOR('',#13252,10.);
#3886=VECTOR('',#13253,10.);
#3887=VECTOR('',#13254,10.);
#3888=VECTOR('',#13255,10.);
#3889=VECTOR('',#13256,10.);
#3890=VECTOR('',#13257,10.);
#3891=VECTOR('',#13258,10.);
#3892=VECTOR('',#13261,10.);
#3893=VECTOR('',#13262,10.);
#3894=VECTOR('',#13263,10.);
#3895=VECTOR('',#13268,10.);
#3896=VECTOR('',#13269,10.);
#3897=VECTOR('',#13270,10.);
#3898=VECTOR('',#13271,10.);
#3899=VECTOR('',#13272,10.);
#3900=VECTOR('',#13273,10.);
#3901=VECTOR('',#13274,10.);
#3902=VECTOR('',#13275,10.);
#3903=VECTOR('',#13276,10.);
#3904=VECTOR('',#13279,10.);
#3905=VECTOR('',#13280,10.);
#3906=VECTOR('',#13281,10.);
#3907=VECTOR('',#13284,10.);
#3908=VECTOR('',#13285,10.);
#3909=VECTOR('',#13286,10.);
#3910=VECTOR('',#13289,10.);
#3911=VECTOR('',#13290,10.);
#3912=VECTOR('',#13291,10.);
#3913=VECTOR('',#13292,10.);
#3914=VECTOR('',#13293,10.);
#3915=VECTOR('',#13294,10.);
#3916=VECTOR('',#13295,10.);
#3917=VECTOR('',#13296,10.);
#3918=VECTOR('',#13299,10.);
#3919=VECTOR('',#13300,10.);
#3920=VECTOR('',#13301,10.);
#3921=VECTOR('',#13304,10.);
#3922=VECTOR('',#13305,10.);
#3923=VECTOR('',#13306,10.);
#3924=VECTOR('',#13309,10.);
#3925=VECTOR('',#13310,10.);
#3926=VECTOR('',#13311,10.);
#3927=VECTOR('',#13314,10.);
#3928=VECTOR('',#13315,10.);
#3929=VECTOR('',#13320,10.);
#3930=VECTOR('',#13321,10.);
#3931=VECTOR('',#13322,10.);
#3932=VECTOR('',#13323,10.);
#3933=VECTOR('',#13326,10.);
#3934=VECTOR('',#13327,10.);
#3935=VECTOR('',#13328,10.);
#3936=VECTOR('',#13331,10.);
#3937=VECTOR('',#13332,10.);
#3938=VECTOR('',#13333,10.);
#3939=VECTOR('',#13336,10.);
#3940=VECTOR('',#13337,10.);
#3941=VECTOR('',#13342,10.);
#3942=VECTOR('',#13343,10.);
#3943=VECTOR('',#13344,10.);
#3944=VECTOR('',#13345,10.);
#3945=VECTOR('',#13348,10.);
#3946=VECTOR('',#13349,10.);
#3947=VECTOR('',#13350,10.);
#3948=VECTOR('',#13353,10.);
#3949=VECTOR('',#13354,10.);
#3950=VECTOR('',#13355,10.);
#3951=VECTOR('',#13358,10.);
#3952=VECTOR('',#13359,10.);
#3953=VECTOR('',#13360,10.);
#3954=VECTOR('',#13363,10.);
#3955=VECTOR('',#13364,10.);
#3956=VECTOR('',#13365,10.);
#3957=VECTOR('',#13368,10.);
#3958=VECTOR('',#13369,10.);
#3959=VECTOR('',#13370,10.);
#3960=VECTOR('',#13373,10.);
#3961=VECTOR('',#13374,10.);
#3962=VECTOR('',#13375,10.);
#3963=VECTOR('',#13378,10.);
#3964=VECTOR('',#13379,10.);
#3965=VECTOR('',#13380,10.);
#3966=VECTOR('',#13383,10.);
#3967=VECTOR('',#13384,10.);
#3968=VECTOR('',#13385,10.);
#3969=VECTOR('',#13388,10.);
#3970=VECTOR('',#13389,10.);
#3971=VECTOR('',#13390,10.);
#3972=VECTOR('',#13393,10.);
#3973=VECTOR('',#13394,10.);
#3974=VECTOR('',#13395,10.);
#3975=VECTOR('',#13398,10.);
#3976=VECTOR('',#13399,10.);
#3977=VECTOR('',#13404,10.);
#3978=VECTOR('',#13405,10.);
#3979=VECTOR('',#13406,10.);
#3980=VECTOR('',#13407,10.);
#3981=VECTOR('',#13410,10.);
#3982=VECTOR('',#13411,10.);
#3983=VECTOR('',#13412,10.);
#3984=VECTOR('',#13415,10.);
#3985=VECTOR('',#13416,10.);
#3986=VECTOR('',#13417,10.);
#3987=VECTOR('',#13420,10.);
#3988=VECTOR('',#13421,10.);
#3989=VECTOR('',#13422,10.);
#3990=VECTOR('',#13425,10.);
#3991=VECTOR('',#13426,10.);
#3992=VECTOR('',#13427,10.);
#3993=VECTOR('',#13430,10.);
#3994=VECTOR('',#13431,10.);
#3995=VECTOR('',#13438,10.);
#3996=VECTOR('',#13441,10.);
#3997=VECTOR('',#13444,10.);
#3998=VECTOR('',#13447,10.);
#3999=VECTOR('',#13450,10.);
#4000=VECTOR('',#13473,15.1846080414022);
#4001=VECTOR('',#13478,10.);
#4002=VECTOR('',#13479,10.);
#4003=VECTOR('',#13480,10.);
#4004=VECTOR('',#13489,0.999999999999996);
#4005=VECTOR('',#13496,10.);
#4006=VECTOR('',#13499,10.);
#4007=VECTOR('',#13502,10.);
#4008=VECTOR('',#13507,10.);
#4009=VECTOR('',#13516,1.75000000000001);
#4010=VECTOR('',#13521,1.75000000000001);
#4011=VECTOR('',#13526,1.75000000000001);
#4012=VECTOR('',#13531,1.75000000000001);
#4013=VECTOR('',#13536,10.);
#4014=VECTOR('',#13537,10.);
#4015=VECTOR('',#13538,10.);
#4016=VECTOR('',#13543,10.);
#4017=VECTOR('',#13546,10.);
#4018=VECTOR('',#13547,10.);
#4019=VECTOR('',#13552,10.);
#4020=VECTOR('',#13555,10.);
#4021=VECTOR('',#13556,10.);
#4022=VECTOR('',#13561,10.);
#4023=VECTOR('',#13564,10.);
#4024=VECTOR('',#13565,10.);
#4025=VECTOR('',#13576,10.);
#4026=VECTOR('',#13577,10.);
#4027=VECTOR('',#13578,10.);
#4028=VECTOR('',#13579,10.);
#4029=VECTOR('',#13582,10.);
#4030=VECTOR('',#13583,10.);
#4031=VECTOR('',#13584,10.);
#4032=VECTOR('',#13587,10.);
#4033=VECTOR('',#13588,10.);
#4034=VECTOR('',#13589,10.);
#4035=VECTOR('',#13592,10.);
#4036=VECTOR('',#13593,10.);
#4037=VECTOR('',#13598,1.49999999999999);
#4038=VECTOR('',#13607,1.49999999999999);
#4039=VECTOR('',#13616,1.5);
#4040=VECTOR('',#13625,1.50000000000002);
#4041=VECTOR('',#13634,2.99999999999999);
#4042=VECTOR('',#13643,2.99999999999999);
#4043=VECTOR('',#13652,2.99999999999999);
#4044=VECTOR('',#13661,2.99999999999999);
#4045=VECTOR('',#13668,10.);
#4046=VECTOR('',#13669,10.);
#4047=VECTOR('',#13670,10.);
#4048=VECTOR('',#13671,10.);
#4049=VECTOR('',#13678,10.);
#4050=VECTOR('',#13681,10.);
#4051=VECTOR('',#13682,10.);
#4052=VECTOR('',#13683,10.);
#4053=VECTOR('',#13690,10.);
#4054=VECTOR('',#13693,10.);
#4055=VECTOR('',#13694,10.);
#4056=VECTOR('',#13695,10.);
#4057=VECTOR('',#13702,10.);
#4058=VECTOR('',#13705,10.);
#4059=VECTOR('',#13706,10.);
#4060=VECTOR('',#13707,10.);
#4061=VECTOR('',#13718,10.);
#4062=VECTOR('',#13721,10.);
#4063=VECTOR('',#13724,10.);
#4064=VECTOR('',#13727,10.);
#4065=VECTOR('',#13732,0.374999999999997);
#4066=VECTOR('',#13739,0.425000000000004);
#4067=VECTOR('',#13746,0.449999999999999);
#4068=VECTOR('',#13753,0.950000000000007);
#4069=VECTOR('',#13760,1.30000000000001);
#4070=VECTOR('',#13767,0.425000000000004);
#4071=VECTOR('',#13774,0.549999999999997);
#4072=VECTOR('',#13781,0.425000000000004);
#4073=VECTOR('',#13788,0.549999999999997);
#4074=VECTOR('',#13795,0.449999999999999);
#4075=VECTOR('',#13802,0.549999999999997);
#4076=VECTOR('',#13809,0.374999999999997);
#4077=VECTOR('',#13816,0.549999999999997);
#4078=VECTOR('',#13823,1.95);
#4079=VECTOR('',#13830,0.950000000000007);
#4080=VECTOR('',#13837,0.425000000000004);
#4081=VECTOR('',#13842,10.);
#4082=VECTOR('',#13843,10.);
#4083=VECTOR('',#13844,10.);
#4084=VECTOR('',#13849,10.);
#4085=VECTOR('',#13852,10.);
#4086=VECTOR('',#13853,10.);
#4087=VECTOR('',#13858,10.);
#4088=VECTOR('',#13861,10.);
#4089=VECTOR('',#13862,10.);
#4090=VECTOR('',#13867,10.);
#4091=VECTOR('',#13870,10.);
#4092=VECTOR('',#13871,10.);
#4093=VERTEX_POINT('',#13890);
#4094=VERTEX_POINT('',#13891);
#4095=VERTEX_POINT('',#13893);
#4096=VERTEX_POINT('',#13895);
#4097=VERTEX_POINT('',#13897);
#4098=VERTEX_POINT('',#13899);
#4099=VERTEX_POINT('',#13901);
#4100=VERTEX_POINT('',#13903);
#4101=VERTEX_POINT('',#13907);
#4102=VERTEX_POINT('',#13908);
#4103=VERTEX_POINT('',#13913);
#4104=VERTEX_POINT('',#13917);
#4105=VERTEX_POINT('',#13921);
#4106=VERTEX_POINT('',#13925);
#4107=VERTEX_POINT('',#13929);
#4108=VERTEX_POINT('',#13933);
#4109=VERTEX_POINT('',#13939);
#4110=VERTEX_POINT('',#13940);
#4111=VERTEX_POINT('',#13942);
#4112=VERTEX_POINT('',#13944);
#4113=VERTEX_POINT('',#13946);
#4114=VERTEX_POINT('',#13948);
#4115=VERTEX_POINT('',#13950);
#4116=VERTEX_POINT('',#13952);
#4117=VERTEX_POINT('',#13956);
#4118=VERTEX_POINT('',#13958);
#4119=VERTEX_POINT('',#13962);
#4120=VERTEX_POINT('',#13966);
#4121=VERTEX_POINT('',#13970);
#4122=VERTEX_POINT('',#13974);
#4123=VERTEX_POINT('',#13978);
#4124=VERTEX_POINT('',#13982);
#4125=VERTEX_POINT('',#13988);
#4126=VERTEX_POINT('',#13989);
#4127=VERTEX_POINT('',#13991);
#4128=VERTEX_POINT('',#13993);
#4129=VERTEX_POINT('',#13995);
#4130=VERTEX_POINT('',#13997);
#4131=VERTEX_POINT('',#13999);
#4132=VERTEX_POINT('',#14001);
#4133=VERTEX_POINT('',#14005);
#4134=VERTEX_POINT('',#14006);
#4135=VERTEX_POINT('',#14011);
#4136=VERTEX_POINT('',#14015);
#4137=VERTEX_POINT('',#14019);
#4138=VERTEX_POINT('',#14023);
#4139=VERTEX_POINT('',#14027);
#4140=VERTEX_POINT('',#14031);
#4141=VERTEX_POINT('',#14039);
#4142=VERTEX_POINT('',#14040);
#4143=VERTEX_POINT('',#14042);
#4144=VERTEX_POINT('',#14044);
#4145=VERTEX_POINT('',#14048);
#4146=VERTEX_POINT('',#14050);
#4147=VERTEX_POINT('',#14052);
#4148=VERTEX_POINT('',#14054);
#4149=VERTEX_POINT('',#14056);
#4150=VERTEX_POINT('',#14058);
#4151=VERTEX_POINT('',#14060);
#4152=VERTEX_POINT('',#14062);
#4153=VERTEX_POINT('',#14066);
#4154=VERTEX_POINT('',#14067);
#4155=VERTEX_POINT('',#14069);
#4156=VERTEX_POINT('',#14072);
#4157=VERTEX_POINT('',#14074);
#4158=VERTEX_POINT('',#14076);
#4159=VERTEX_POINT('',#14078);
#4160=VERTEX_POINT('',#14080);
#4161=VERTEX_POINT('',#14082);
#4162=VERTEX_POINT('',#14086);
#4163=VERTEX_POINT('',#14088);
#4164=VERTEX_POINT('',#14090);
#4165=VERTEX_POINT('',#14092);
#4166=VERTEX_POINT('',#14094);
#4167=VERTEX_POINT('',#14100);
#4168=VERTEX_POINT('',#14104);
#4169=VERTEX_POINT('',#14108);
#4170=VERTEX_POINT('',#14112);
#4171=VERTEX_POINT('',#14113);
#4172=VERTEX_POINT('',#14115);
#4173=VERTEX_POINT('',#14117);
#4174=VERTEX_POINT('',#14120);
#4175=VERTEX_POINT('',#14124);
#4176=VERTEX_POINT('',#14126);
#4177=VERTEX_POINT('',#14128);
#4178=VERTEX_POINT('',#14130);
#4179=VERTEX_POINT('',#14132);
#4180=VERTEX_POINT('',#14134);
#4181=VERTEX_POINT('',#14136);
#4182=VERTEX_POINT('',#14138);
#4183=VERTEX_POINT('',#14140);
#4184=VERTEX_POINT('',#14142);
#4185=VERTEX_POINT('',#14144);
#4186=VERTEX_POINT('',#14146);
#4187=VERTEX_POINT('',#14148);
#4188=VERTEX_POINT('',#14150);
#4189=VERTEX_POINT('',#14152);
#4190=VERTEX_POINT('',#14157);
#4191=VERTEX_POINT('',#14162);
#4192=VERTEX_POINT('',#14163);
#4193=VERTEX_POINT('',#14165);
#4194=VERTEX_POINT('',#14167);
#4195=VERTEX_POINT('',#14169);
#4196=VERTEX_POINT('',#14171);
#4197=VERTEX_POINT('',#14173);
#4198=VERTEX_POINT('',#14175);
#4199=VERTEX_POINT('',#14182);
#4200=VERTEX_POINT('',#14184);
#4201=VERTEX_POINT('',#14186);
#4202=VERTEX_POINT('',#14188);
#4203=VERTEX_POINT('',#14190);
#4204=VERTEX_POINT('',#14194);
#4205=VERTEX_POINT('',#14195);
#4206=VERTEX_POINT('',#14197);
#4207=VERTEX_POINT('',#14199);
#4208=VERTEX_POINT('',#14202);
#4209=VERTEX_POINT('',#14206);
#4210=VERTEX_POINT('',#14210);
#4211=VERTEX_POINT('',#14211);
#4212=VERTEX_POINT('',#14213);
#4213=VERTEX_POINT('',#14215);
#4214=VERTEX_POINT('',#14218);
#4215=VERTEX_POINT('',#14220);
#4216=VERTEX_POINT('',#14222);
#4217=VERTEX_POINT('',#14226);
#4218=VERTEX_POINT('',#14230);
#4219=VERTEX_POINT('',#14232);
#4220=VERTEX_POINT('',#14236);
#4221=VERTEX_POINT('',#14238);
#4222=VERTEX_POINT('',#14240);
#4223=VERTEX_POINT('',#14243);
#4224=VERTEX_POINT('',#14245);
#4225=VERTEX_POINT('',#14247);
#4226=VERTEX_POINT('',#14249);
#4227=VERTEX_POINT('',#14251);
#4228=VERTEX_POINT('',#14253);
#4229=VERTEX_POINT('',#14255);
#4230=VERTEX_POINT('',#14257);
#4231=VERTEX_POINT('',#14263);
#4232=VERTEX_POINT('',#14265);
#4233=VERTEX_POINT('',#14268);
#4234=VERTEX_POINT('',#14269);
#4235=VERTEX_POINT('',#14271);
#4236=VERTEX_POINT('',#14273);
#4237=VERTEX_POINT('',#14276);
#4238=VERTEX_POINT('',#14277);
#4239=VERTEX_POINT('',#14279);
#4240=VERTEX_POINT('',#14281);
#4241=VERTEX_POINT('',#14285);
#4242=VERTEX_POINT('',#14287);
#4243=VERTEX_POINT('',#14289);
#4244=VERTEX_POINT('',#14294);
#4245=VERTEX_POINT('',#14304);
#4246=VERTEX_POINT('',#14308);
#4247=VERTEX_POINT('',#14315);
#4248=VERTEX_POINT('',#14317);
#4249=VERTEX_POINT('',#14321);
#4250=VERTEX_POINT('',#14323);
#4251=VERTEX_POINT('',#14325);
#4252=VERTEX_POINT('',#14332);
#4253=VERTEX_POINT('',#14334);
#4254=VERTEX_POINT('',#14336);
#4255=VERTEX_POINT('',#14338);
#4256=VERTEX_POINT('',#14342);
#4257=VERTEX_POINT('',#14347);
#4258=VERTEX_POINT('',#14349);
#4259=VERTEX_POINT('',#14359);
#4260=VERTEX_POINT('',#14361);
#4261=VERTEX_POINT('',#14363);
#4262=VERTEX_POINT('',#14369);
#4263=VERTEX_POINT('',#14377);
#4264=VERTEX_POINT('',#14381);
#4265=VERTEX_POINT('',#14400);
#4266=VERTEX_POINT('',#14401);
#4267=VERTEX_POINT('',#14406);
#4268=VERTEX_POINT('',#14410);
#4269=VERTEX_POINT('',#14416);
#4270=VERTEX_POINT('',#14417);
#4271=VERTEX_POINT('',#14422);
#4272=VERTEX_POINT('',#14426);
#4273=VERTEX_POINT('',#14432);
#4274=VERTEX_POINT('',#14433);
#4275=VERTEX_POINT('',#14435);
#4276=VERTEX_POINT('',#14437);
#4277=VERTEX_POINT('',#14441);
#4278=VERTEX_POINT('',#14442);
#4279=VERTEX_POINT('',#14444);
#4280=VERTEX_POINT('',#14446);
#4281=VERTEX_POINT('',#14453);
#4282=VERTEX_POINT('',#14455);
#4283=VERTEX_POINT('',#14459);
#4284=VERTEX_POINT('',#14463);
#4285=VERTEX_POINT('',#14469);
#4286=VERTEX_POINT('',#14471);
#4287=VERTEX_POINT('',#14475);
#4288=VERTEX_POINT('',#14479);
#4289=VERTEX_POINT('',#14485);
#4290=VERTEX_POINT('',#14487);
#4291=VERTEX_POINT('',#14489);
#4292=VERTEX_POINT('',#14491);
#4293=VERTEX_POINT('',#14493);
#4294=VERTEX_POINT('',#14495);
#4295=VERTEX_POINT('',#14497);
#4296=VERTEX_POINT('',#14499);
#4297=VERTEX_POINT('',#14501);
#4298=VERTEX_POINT('',#14503);
#4299=VERTEX_POINT('',#14507);
#4300=VERTEX_POINT('',#14511);
#4301=VERTEX_POINT('',#14513);
#4302=VERTEX_POINT('',#14515);
#4303=VERTEX_POINT('',#14517);
#4304=VERTEX_POINT('',#14519);
#4305=VERTEX_POINT('',#14521);
#4306=VERTEX_POINT('',#14523);
#4307=VERTEX_POINT('',#14525);
#4308=VERTEX_POINT('',#14527);
#4309=VERTEX_POINT('',#14533);
#4310=VERTEX_POINT('',#14535);
#4311=VERTEX_POINT('',#14537);
#4312=VERTEX_POINT('',#14539);
#4313=VERTEX_POINT('',#14541);
#4314=VERTEX_POINT('',#14543);
#4315=VERTEX_POINT('',#14545);
#4316=VERTEX_POINT('',#14547);
#4317=VERTEX_POINT('',#14549);
#4318=VERTEX_POINT('',#14551);
#4319=VERTEX_POINT('',#14555);
#4320=VERTEX_POINT('',#14559);
#4321=VERTEX_POINT('',#14561);
#4322=VERTEX_POINT('',#14563);
#4323=VERTEX_POINT('',#14565);
#4324=VERTEX_POINT('',#14567);
#4325=VERTEX_POINT('',#14569);
#4326=VERTEX_POINT('',#14571);
#4327=VERTEX_POINT('',#14573);
#4328=VERTEX_POINT('',#14575);
#4329=VERTEX_POINT('',#14589);
#4330=VERTEX_POINT('',#14591);
#4331=VERTEX_POINT('',#14595);
#4332=VERTEX_POINT('',#14597);
#4333=VERTEX_POINT('',#14599);
#4334=VERTEX_POINT('',#14603);
#4335=VERTEX_POINT('',#14613);
#4336=VERTEX_POINT('',#14615);
#4337=VERTEX_POINT('',#14625);
#4338=VERTEX_POINT('',#14627);
#4339=VERTEX_POINT('',#14631);
#4340=VERTEX_POINT('',#14633);
#4341=VERTEX_POINT('',#14635);
#4342=VERTEX_POINT('',#14639);
#4343=VERTEX_POINT('',#14649);
#4344=VERTEX_POINT('',#14651);
#4345=VERTEX_POINT('',#14666);
#4346=VERTEX_POINT('',#14668);
#4347=VERTEX_POINT('',#14671);
#4348=VERTEX_POINT('',#14675);
#4349=VERTEX_POINT('',#14676);
#4350=VERTEX_POINT('',#14680);
#4351=VERTEX_POINT('',#14681);
#4352=VERTEX_POINT('',#14688);
#4353=VERTEX_POINT('',#14689);
#4354=VERTEX_POINT('',#14691);
#4355=VERTEX_POINT('',#14693);
#4356=VERTEX_POINT('',#14696);
#4357=VERTEX_POINT('',#14697);
#4358=VERTEX_POINT('',#14699);
#4359=VERTEX_POINT('',#14701);
#4360=VERTEX_POINT('',#14705);
#4361=VERTEX_POINT('',#14707);
#4362=VERTEX_POINT('',#14711);
#4363=VERTEX_POINT('',#14715);
#4364=VERTEX_POINT('',#14721);
#4365=VERTEX_POINT('',#14723);
#4366=VERTEX_POINT('',#14727);
#4367=VERTEX_POINT('',#14731);
#4368=VERTEX_POINT('',#14740);
#4369=VERTEX_POINT('',#14743);
#4370=VERTEX_POINT('',#14747);
#4371=VERTEX_POINT('',#14748);
#4372=VERTEX_POINT('',#14750);
#4373=VERTEX_POINT('',#14752);
#4374=VERTEX_POINT('',#14754);
#4375=VERTEX_POINT('',#14756);
#4376=VERTEX_POINT('',#14758);
#4377=VERTEX_POINT('',#14760);
#4378=VERTEX_POINT('',#14763);
#4379=VERTEX_POINT('',#14765);
#4380=VERTEX_POINT('',#14767);
#4381=VERTEX_POINT('',#14769);
#4382=VERTEX_POINT('',#14772);
#4383=VERTEX_POINT('',#14773);
#4384=VERTEX_POINT('',#14778);
#4385=VERTEX_POINT('',#14782);
#4386=VERTEX_POINT('',#14786);
#4387=VERTEX_POINT('',#14790);
#4388=VERTEX_POINT('',#14794);
#4389=VERTEX_POINT('',#14798);
#4390=VERTEX_POINT('',#14804);
#4391=VERTEX_POINT('',#14808);
#4392=VERTEX_POINT('',#14812);
#4393=VERTEX_POINT('',#14816);
#4394=VERTEX_POINT('',#14820);
#4395=VERTEX_POINT('',#14821);
#4396=VERTEX_POINT('',#14826);
#4397=VERTEX_POINT('',#14830);
#4398=VERTEX_POINT('',#14834);
#4399=VERTEX_POINT('',#14835);
#4400=VERTEX_POINT('',#14837);
#4401=VERTEX_POINT('',#14839);
#4402=VERTEX_POINT('',#14841);
#4403=VERTEX_POINT('',#14843);
#4404=VERTEX_POINT('',#14845);
#4405=VERTEX_POINT('',#14847);
#4406=VERTEX_POINT('',#14849);
#4407=VERTEX_POINT('',#14854);
#4408=VERTEX_POINT('',#14856);
#4409=VERTEX_POINT('',#14858);
#4410=VERTEX_POINT('',#14860);
#4411=VERTEX_POINT('',#14862);
#4412=VERTEX_POINT('',#14864);
#4413=VERTEX_POINT('',#14866);
#4414=VERTEX_POINT('',#14868);
#4415=VERTEX_POINT('',#14870);
#4416=VERTEX_POINT('',#14874);
#4417=VERTEX_POINT('',#14878);
#4418=VERTEX_POINT('',#14885);
#4419=VERTEX_POINT('',#14896);
#4420=VERTEX_POINT('',#14897);
#4421=VERTEX_POINT('',#14899);
#4422=VERTEX_POINT('',#14901);
#4423=VERTEX_POINT('',#14903);
#4424=VERTEX_POINT('',#14906);
#4425=VERTEX_POINT('',#14908);
#4426=VERTEX_POINT('',#14910);
#4427=VERTEX_POINT('',#14912);
#4428=VERTEX_POINT('',#14914);
#4429=VERTEX_POINT('',#14916);
#4430=VERTEX_POINT('',#14918);
#4431=VERTEX_POINT('',#14920);
#4432=VERTEX_POINT('',#14922);
#4433=VERTEX_POINT('',#14924);
#4434=VERTEX_POINT('',#14926);
#4435=VERTEX_POINT('',#14930);
#4436=VERTEX_POINT('',#14934);
#4437=VERTEX_POINT('',#14935);
#4438=VERTEX_POINT('',#14937);
#4439=VERTEX_POINT('',#14939);
#4440=VERTEX_POINT('',#14941);
#4441=VERTEX_POINT('',#14943);
#4442=VERTEX_POINT('',#14945);
#4443=VERTEX_POINT('',#14947);
#4444=VERTEX_POINT('',#14949);
#4445=VERTEX_POINT('',#14951);
#4446=VERTEX_POINT('',#14953);
#4447=VERTEX_POINT('',#14955);
#4448=VERTEX_POINT('',#14957);
#4449=VERTEX_POINT('',#14960);
#4450=VERTEX_POINT('',#14962);
#4451=VERTEX_POINT('',#14966);
#4452=VERTEX_POINT('',#14967);
#4453=VERTEX_POINT('',#14969);
#4454=VERTEX_POINT('',#14971);
#4455=VERTEX_POINT('',#14973);
#4456=VERTEX_POINT('',#14975);
#4457=VERTEX_POINT('',#14977);
#4458=VERTEX_POINT('',#14979);
#4459=VERTEX_POINT('',#14981);
#4460=VERTEX_POINT('',#14983);
#4461=VERTEX_POINT('',#14985);
#4462=VERTEX_POINT('',#14987);
#4463=VERTEX_POINT('',#14989);
#4464=VERTEX_POINT('',#14992);
#4465=VERTEX_POINT('',#14994);
#4466=VERTEX_POINT('',#14996);
#4467=VERTEX_POINT('',#15000);
#4468=VERTEX_POINT('',#15001);
#4469=VERTEX_POINT('',#15003);
#4470=VERTEX_POINT('',#15005);
#4471=VERTEX_POINT('',#15007);
#4472=VERTEX_POINT('',#15010);
#4473=VERTEX_POINT('',#15012);
#4474=VERTEX_POINT('',#15014);
#4475=VERTEX_POINT('',#15016);
#4476=VERTEX_POINT('',#15018);
#4477=VERTEX_POINT('',#15020);
#4478=VERTEX_POINT('',#15022);
#4479=VERTEX_POINT('',#15024);
#4480=VERTEX_POINT('',#15026);
#4481=VERTEX_POINT('',#15028);
#4482=VERTEX_POINT('',#15030);
#4483=VERTEX_POINT('',#15036);
#4484=VERTEX_POINT('',#15037);
#4485=VERTEX_POINT('',#15039);
#4486=VERTEX_POINT('',#15041);
#4487=VERTEX_POINT('',#15043);
#4488=VERTEX_POINT('',#15046);
#4489=VERTEX_POINT('',#15048);
#4490=VERTEX_POINT('',#15050);
#4491=VERTEX_POINT('',#15052);
#4492=VERTEX_POINT('',#15054);
#4493=VERTEX_POINT('',#15056);
#4494=VERTEX_POINT('',#15058);
#4495=VERTEX_POINT('',#15060);
#4496=VERTEX_POINT('',#15062);
#4497=VERTEX_POINT('',#15064);
#4498=VERTEX_POINT('',#15066);
#4499=VERTEX_POINT('',#15070);
#4500=VERTEX_POINT('',#15074);
#4501=VERTEX_POINT('',#15075);
#4502=VERTEX_POINT('',#15077);
#4503=VERTEX_POINT('',#15079);
#4504=VERTEX_POINT('',#15081);
#4505=VERTEX_POINT('',#15083);
#4506=VERTEX_POINT('',#15085);
#4507=VERTEX_POINT('',#15087);
#4508=VERTEX_POINT('',#15089);
#4509=VERTEX_POINT('',#15091);
#4510=VERTEX_POINT('',#15093);
#4511=VERTEX_POINT('',#15095);
#4512=VERTEX_POINT('',#15097);
#4513=VERTEX_POINT('',#15100);
#4514=VERTEX_POINT('',#15102);
#4515=VERTEX_POINT('',#15106);
#4516=VERTEX_POINT('',#15107);
#4517=VERTEX_POINT('',#15109);
#4518=VERTEX_POINT('',#15111);
#4519=VERTEX_POINT('',#15113);
#4520=VERTEX_POINT('',#15115);
#4521=VERTEX_POINT('',#15117);
#4522=VERTEX_POINT('',#15119);
#4523=VERTEX_POINT('',#15121);
#4524=VERTEX_POINT('',#15123);
#4525=VERTEX_POINT('',#15125);
#4526=VERTEX_POINT('',#15127);
#4527=VERTEX_POINT('',#15129);
#4528=VERTEX_POINT('',#15132);
#4529=VERTEX_POINT('',#15134);
#4530=VERTEX_POINT('',#15136);
#4531=VERTEX_POINT('',#15140);
#4532=VERTEX_POINT('',#15141);
#4533=VERTEX_POINT('',#15143);
#4534=VERTEX_POINT('',#15145);
#4535=VERTEX_POINT('',#15147);
#4536=VERTEX_POINT('',#15150);
#4537=VERTEX_POINT('',#15152);
#4538=VERTEX_POINT('',#15154);
#4539=VERTEX_POINT('',#15156);
#4540=VERTEX_POINT('',#15158);
#4541=VERTEX_POINT('',#15160);
#4542=VERTEX_POINT('',#15162);
#4543=VERTEX_POINT('',#15164);
#4544=VERTEX_POINT('',#15166);
#4545=VERTEX_POINT('',#15168);
#4546=VERTEX_POINT('',#15170);
#4547=VERTEX_POINT('',#15302);
#4548=VERTEX_POINT('',#15303);
#4549=VERTEX_POINT('',#15305);
#4550=VERTEX_POINT('',#15307);
#4551=VERTEX_POINT('',#15311);
#4552=VERTEX_POINT('',#15312);
#4553=VERTEX_POINT('',#15314);
#4554=VERTEX_POINT('',#15316);
#4555=VERTEX_POINT('',#15318);
#4556=VERTEX_POINT('',#15320);
#4557=VERTEX_POINT('',#15322);
#4558=VERTEX_POINT('',#15324);
#4559=VERTEX_POINT('',#15329);
#4560=VERTEX_POINT('',#15333);
#4561=VERTEX_POINT('',#15337);
#4562=VERTEX_POINT('',#15339);
#4563=VERTEX_POINT('',#15341);
#4564=VERTEX_POINT('',#15343);
#4565=VERTEX_POINT('',#15345);
#4566=VERTEX_POINT('',#15347);
#4567=VERTEX_POINT('',#15355);
#4568=VERTEX_POINT('',#15357);
#4569=VERTEX_POINT('',#15359);
#4570=VERTEX_POINT('',#15361);
#4571=VERTEX_POINT('',#15369);
#4572=VERTEX_POINT('',#15371);
#4573=VERTEX_POINT('',#15373);
#4574=VERTEX_POINT('',#15375);
#4575=VERTEX_POINT('',#15381);
#4576=VERTEX_POINT('',#15382);
#4577=VERTEX_POINT('',#15384);
#4578=VERTEX_POINT('',#15386);
#4579=VERTEX_POINT('',#15388);
#4580=VERTEX_POINT('',#15390);
#4581=VERTEX_POINT('',#15395);
#4582=VERTEX_POINT('',#15397);
#4583=VERTEX_POINT('',#15401);
#4584=VERTEX_POINT('',#15405);
#4585=VERTEX_POINT('',#15406);
#4586=VERTEX_POINT('',#15409);
#4587=VERTEX_POINT('',#15411);
#4588=VERTEX_POINT('',#15413);
#4589=VERTEX_POINT('',#15415);
#4590=VERTEX_POINT('',#15419);
#4591=VERTEX_POINT('',#15448);
#4592=VERTEX_POINT('',#15449);
#4593=VERTEX_POINT('',#15451);
#4594=VERTEX_POINT('',#15453);
#4595=VERTEX_POINT('',#15457);
#4596=VERTEX_POINT('',#15459);
#4597=VERTEX_POINT('',#15463);
#4598=VERTEX_POINT('',#15465);
#4599=VERTEX_POINT('',#15478);
#4600=VERTEX_POINT('',#15484);
#4601=VERTEX_POINT('',#15501);
#4602=VERTEX_POINT('',#15507);
#4603=VERTEX_POINT('',#15524);
#4604=VERTEX_POINT('',#15530);
#4605=VERTEX_POINT('',#15547);
#4606=VERTEX_POINT('',#15553);
#4607=VERTEX_POINT('',#15570);
#4608=VERTEX_POINT('',#15576);
#4609=VERTEX_POINT('',#15593);
#4610=VERTEX_POINT('',#15599);
#4611=VERTEX_POINT('',#15607);
#4612=VERTEX_POINT('',#15609);
#4613=VERTEX_POINT('',#15613);
#4614=VERTEX_POINT('',#15615);
#4615=VERTEX_POINT('',#15619);
#4616=VERTEX_POINT('',#15621);
#4617=VERTEX_POINT('',#15634);
#4618=VERTEX_POINT('',#15640);
#4619=VERTEX_POINT('',#15657);
#4620=VERTEX_POINT('',#15663);
#4621=VERTEX_POINT('',#15680);
#4622=VERTEX_POINT('',#15686);
#4623=VERTEX_POINT('',#15703);
#4624=VERTEX_POINT('',#15709);
#4625=VERTEX_POINT('',#15726);
#4626=VERTEX_POINT('',#15732);
#4627=VERTEX_POINT('',#15740);
#4628=VERTEX_POINT('',#15742);
#4629=VERTEX_POINT('',#15750);
#4630=VERTEX_POINT('',#15751);
#4631=VERTEX_POINT('',#15753);
#4632=VERTEX_POINT('',#15755);
#4633=VERTEX_POINT('',#15759);
#4634=VERTEX_POINT('',#15761);
#4635=VERTEX_POINT('',#15765);
#4636=VERTEX_POINT('',#15767);
#4637=VERTEX_POINT('',#15775);
#4638=VERTEX_POINT('',#15776);
#4639=VERTEX_POINT('',#15778);
#4640=VERTEX_POINT('',#15780);
#4641=VERTEX_POINT('',#15793);
#4642=VERTEX_POINT('',#15799);
#4643=VERTEX_POINT('',#15816);
#4644=VERTEX_POINT('',#15822);
#4645=VERTEX_POINT('',#15839);
#4646=VERTEX_POINT('',#15845);
#4647=VERTEX_POINT('',#15862);
#4648=VERTEX_POINT('',#15868);
#4649=VERTEX_POINT('',#15885);
#4650=VERTEX_POINT('',#15891);
#4651=VERTEX_POINT('',#15899);
#4652=VERTEX_POINT('',#15901);
#4653=VERTEX_POINT('',#15905);
#4654=VERTEX_POINT('',#15907);
#4655=VERTEX_POINT('',#15911);
#4656=VERTEX_POINT('',#15913);
#4657=VERTEX_POINT('',#15926);
#4658=VERTEX_POINT('',#15932);
#4659=VERTEX_POINT('',#15949);
#4660=VERTEX_POINT('',#15955);
#4661=VERTEX_POINT('',#15972);
#4662=VERTEX_POINT('',#15978);
#4663=VERTEX_POINT('',#15995);
#4664=VERTEX_POINT('',#16001);
#4665=VERTEX_POINT('',#16018);
#4666=VERTEX_POINT('',#16024);
#4667=VERTEX_POINT('',#16032);
#4668=VERTEX_POINT('',#16034);
#4669=VERTEX_POINT('',#16038);
#4670=VERTEX_POINT('',#16040);
#4671=VERTEX_POINT('',#16044);
#4672=VERTEX_POINT('',#16046);
#4673=VERTEX_POINT('',#16063);
#4674=VERTEX_POINT('',#16064);
#4675=VERTEX_POINT('',#16070);
#4676=VERTEX_POINT('',#16072);
#4677=VERTEX_POINT('',#16089);
#4678=VERTEX_POINT('',#16095);
#4679=VERTEX_POINT('',#16112);
#4680=VERTEX_POINT('',#16118);
#4681=VERTEX_POINT('',#16135);
#4682=VERTEX_POINT('',#16141);
#4683=VERTEX_POINT('',#16158);
#4684=VERTEX_POINT('',#16164);
#4685=VERTEX_POINT('',#16181);
#4686=VERTEX_POINT('',#16187);
#4687=VERTEX_POINT('',#16204);
#4688=VERTEX_POINT('',#16210);
#4689=VERTEX_POINT('',#16227);
#4690=VERTEX_POINT('',#16233);
#4691=VERTEX_POINT('',#16250);
#4692=VERTEX_POINT('',#16256);
#4693=VERTEX_POINT('',#16267);
#4694=VERTEX_POINT('',#16268);
#4695=VERTEX_POINT('',#16270);
#4696=VERTEX_POINT('',#16272);
#4697=VERTEX_POINT('',#16285);
#4698=VERTEX_POINT('',#16291);
#4699=VERTEX_POINT('',#16308);
#4700=VERTEX_POINT('',#16314);
#4701=VERTEX_POINT('',#16322);
#4702=VERTEX_POINT('',#16324);
#4703=VERTEX_POINT('',#16337);
#4704=VERTEX_POINT('',#16343);
#4705=VERTEX_POINT('',#16360);
#4706=VERTEX_POINT('',#16366);
#4707=VERTEX_POINT('',#16383);
#4708=VERTEX_POINT('',#16389);
#4709=VERTEX_POINT('',#16406);
#4710=VERTEX_POINT('',#16412);
#4711=VERTEX_POINT('',#16429);
#4712=VERTEX_POINT('',#16435);
#4713=VERTEX_POINT('',#16452);
#4714=VERTEX_POINT('',#16458);
#4715=VERTEX_POINT('',#16475);
#4716=VERTEX_POINT('',#16481);
#4717=VERTEX_POINT('',#16489);
#4718=VERTEX_POINT('',#16491);
#4719=VERTEX_POINT('',#16504);
#4720=VERTEX_POINT('',#16510);
#4721=VERTEX_POINT('',#16527);
#4722=VERTEX_POINT('',#16533);
#4723=VERTEX_POINT('',#16550);
#4724=VERTEX_POINT('',#16556);
#4725=VERTEX_POINT('',#16573);
#4726=VERTEX_POINT('',#16579);
#4727=VERTEX_POINT('',#16596);
#4728=VERTEX_POINT('',#16602);
#4729=VERTEX_POINT('',#16619);
#4730=VERTEX_POINT('',#16625);
#4731=VERTEX_POINT('',#16642);
#4732=VERTEX_POINT('',#16648);
#4733=VERTEX_POINT('',#16665);
#4734=VERTEX_POINT('',#16671);
#4735=VERTEX_POINT('',#16688);
#4736=VERTEX_POINT('',#16694);
#4737=VERTEX_POINT('',#16711);
#4738=VERTEX_POINT('',#16717);
#4739=VERTEX_POINT('',#16734);
#4740=VERTEX_POINT('',#16740);
#4741=VERTEX_POINT('',#16757);
#4742=VERTEX_POINT('',#16763);
#4743=VERTEX_POINT('',#16780);
#4744=VERTEX_POINT('',#16786);
#4745=VERTEX_POINT('',#16803);
#4746=VERTEX_POINT('',#16809);
#4747=VERTEX_POINT('',#16838);
#4748=VERTEX_POINT('',#16839);
#4749=VERTEX_POINT('',#16841);
#4750=VERTEX_POINT('',#16843);
#4751=VERTEX_POINT('',#16856);
#4752=VERTEX_POINT('',#16862);
#4753=VERTEX_POINT('',#16879);
#4754=VERTEX_POINT('',#16885);
#4755=VERTEX_POINT('',#16902);
#4756=VERTEX_POINT('',#16908);
#4757=VERTEX_POINT('',#16925);
#4758=VERTEX_POINT('',#16931);
#4759=VERTEX_POINT('',#16948);
#4760=VERTEX_POINT('',#16954);
#4761=VERTEX_POINT('',#16962);
#4762=VERTEX_POINT('',#16964);
#4763=VERTEX_POINT('',#16968);
#4764=VERTEX_POINT('',#16970);
#4765=VERTEX_POINT('',#16974);
#4766=VERTEX_POINT('',#16976);
#4767=VERTEX_POINT('',#16989);
#4768=VERTEX_POINT('',#16995);
#4769=VERTEX_POINT('',#17012);
#4770=VERTEX_POINT('',#17018);
#4771=VERTEX_POINT('',#17035);
#4772=VERTEX_POINT('',#17041);
#4773=VERTEX_POINT('',#17058);
#4774=VERTEX_POINT('',#17064);
#4775=VERTEX_POINT('',#17072);
#4776=VERTEX_POINT('',#17074);
#4777=VERTEX_POINT('',#17078);
#4778=VERTEX_POINT('',#17080);
#4779=VERTEX_POINT('',#17084);
#4780=VERTEX_POINT('',#17086);
#4781=VERTEX_POINT('',#17103);
#4782=VERTEX_POINT('',#17104);
#4783=VERTEX_POINT('',#17110);
#4784=VERTEX_POINT('',#17112);
#4785=VERTEX_POINT('',#17129);
#4786=VERTEX_POINT('',#17135);
#4787=VERTEX_POINT('',#17152);
#4788=VERTEX_POINT('',#17158);
#4789=VERTEX_POINT('',#17166);
#4790=VERTEX_POINT('',#17168);
#4791=VERTEX_POINT('',#17201);
#4792=VERTEX_POINT('',#17202);
#4793=VERTEX_POINT('',#17208);
#4794=VERTEX_POINT('',#17210);
#4795=VERTEX_POINT('',#17227);
#4796=VERTEX_POINT('',#17233);
#4797=VERTEX_POINT('',#17250);
#4798=VERTEX_POINT('',#17256);
#4799=VERTEX_POINT('',#17264);
#4800=VERTEX_POINT('',#17266);
#4801=VERTEX_POINT('',#17279);
#4802=VERTEX_POINT('',#17285);
#4803=VERTEX_POINT('',#17302);
#4804=VERTEX_POINT('',#17308);
#4805=VERTEX_POINT('',#17325);
#4806=VERTEX_POINT('',#17331);
#4807=VERTEX_POINT('',#17348);
#4808=VERTEX_POINT('',#17354);
#4809=VERTEX_POINT('',#17371);
#4810=VERTEX_POINT('',#17377);
#4811=VERTEX_POINT('',#17394);
#4812=VERTEX_POINT('',#17400);
#4813=VERTEX_POINT('',#17417);
#4814=VERTEX_POINT('',#17423);
#4815=VERTEX_POINT('',#17440);
#4816=VERTEX_POINT('',#17446);
#4817=VERTEX_POINT('',#17463);
#4818=VERTEX_POINT('',#17469);
#4819=VERTEX_POINT('',#17477);
#4820=VERTEX_POINT('',#17479);
#4821=VERTEX_POINT('',#17513);
#4822=VERTEX_POINT('',#17514);
#4823=VERTEX_POINT('',#17520);
#4824=VERTEX_POINT('',#17522);
#4825=VERTEX_POINT('',#17539);
#4826=VERTEX_POINT('',#17545);
#4827=VERTEX_POINT('',#17562);
#4828=VERTEX_POINT('',#17568);
#4829=VERTEX_POINT('',#17585);
#4830=VERTEX_POINT('',#17591);
#4831=VERTEX_POINT('',#17608);
#4832=VERTEX_POINT('',#17614);
#4833=VERTEX_POINT('',#17631);
#4834=VERTEX_POINT('',#17637);
#4835=VERTEX_POINT('',#17654);
#4836=VERTEX_POINT('',#17660);
#4837=VERTEX_POINT('',#17677);
#4838=VERTEX_POINT('',#17683);
#4839=VERTEX_POINT('',#17700);
#4840=VERTEX_POINT('',#17706);
#4841=VERTEX_POINT('',#17714);
#4842=VERTEX_POINT('',#17716);
#4843=VERTEX_POINT('',#17729);
#4844=VERTEX_POINT('',#17735);
#4845=VERTEX_POINT('',#17752);
#4846=VERTEX_POINT('',#17758);
#4847=VERTEX_POINT('',#17775);
#4848=VERTEX_POINT('',#17781);
#4849=VERTEX_POINT('',#17798);
#4850=VERTEX_POINT('',#17804);
#4851=VERTEX_POINT('',#17821);
#4852=VERTEX_POINT('',#17827);
#4853=VERTEX_POINT('',#17844);
#4854=VERTEX_POINT('',#17850);
#4855=VERTEX_POINT('',#17867);
#4856=VERTEX_POINT('',#17873);
#4857=VERTEX_POINT('',#17890);
#4858=VERTEX_POINT('',#17896);
#4859=VERTEX_POINT('',#17913);
#4860=VERTEX_POINT('',#17919);
#4861=VERTEX_POINT('',#17936);
#4862=VERTEX_POINT('',#17942);
#4863=VERTEX_POINT('',#17950);
#4864=VERTEX_POINT('',#17952);
#4865=VERTEX_POINT('',#17977);
#4866=VERTEX_POINT('',#17978);
#4867=VERTEX_POINT('',#17980);
#4868=VERTEX_POINT('',#17982);
#4869=VERTEX_POINT('',#17995);
#4870=VERTEX_POINT('',#18001);
#4871=VERTEX_POINT('',#18018);
#4872=VERTEX_POINT('',#18024);
#4873=VERTEX_POINT('',#18041);
#4874=VERTEX_POINT('',#18047);
#4875=VERTEX_POINT('',#18064);
#4876=VERTEX_POINT('',#18070);
#4877=VERTEX_POINT('',#18087);
#4878=VERTEX_POINT('',#18093);
#4879=VERTEX_POINT('',#18101);
#4880=VERTEX_POINT('',#18103);
#4881=VERTEX_POINT('',#18107);
#4882=VERTEX_POINT('',#18109);
#4883=VERTEX_POINT('',#18113);
#4884=VERTEX_POINT('',#18115);
#4885=VERTEX_POINT('',#18128);
#4886=VERTEX_POINT('',#18134);
#4887=VERTEX_POINT('',#18151);
#4888=VERTEX_POINT('',#18157);
#4889=VERTEX_POINT('',#18174);
#4890=VERTEX_POINT('',#18180);
#4891=VERTEX_POINT('',#18197);
#4892=VERTEX_POINT('',#18203);
#4893=VERTEX_POINT('',#18220);
#4894=VERTEX_POINT('',#18226);
#4895=VERTEX_POINT('',#18234);
#4896=VERTEX_POINT('',#18236);
#4897=VERTEX_POINT('',#18240);
#4898=VERTEX_POINT('',#18242);
#4899=VERTEX_POINT('',#18246);
#4900=VERTEX_POINT('',#18248);
#4901=VERTEX_POINT('',#18256);
#4902=VERTEX_POINT('',#18257);
#4903=VERTEX_POINT('',#18259);
#4904=VERTEX_POINT('',#18261);
#4905=VERTEX_POINT('',#18265);
#4906=VERTEX_POINT('',#18267);
#4907=VERTEX_POINT('',#18271);
#4908=VERTEX_POINT('',#18273);
#4909=VERTEX_POINT('',#18281);
#4910=VERTEX_POINT('',#18282);
#4911=VERTEX_POINT('',#18284);
#4912=VERTEX_POINT('',#18286);
#4913=VERTEX_POINT('',#18290);
#4914=VERTEX_POINT('',#18292);
#4915=VERTEX_POINT('',#18296);
#4916=VERTEX_POINT('',#18298);
#4917=VERTEX_POINT('',#18302);
#4918=VERTEX_POINT('',#18304);
#4919=VERTEX_POINT('',#18308);
#4920=VERTEX_POINT('',#18310);
#4921=VERTEX_POINT('',#18314);
#4922=VERTEX_POINT('',#18316);
#4923=VERTEX_POINT('',#18320);
#4924=VERTEX_POINT('',#18322);
#4925=VERTEX_POINT('',#18326);
#4926=VERTEX_POINT('',#18328);
#4927=VERTEX_POINT('',#18332);
#4928=VERTEX_POINT('',#18334);
#4929=VERTEX_POINT('',#18338);
#4930=VERTEX_POINT('',#18340);
#4931=VERTEX_POINT('',#18344);
#4932=VERTEX_POINT('',#18346);
#4933=VERTEX_POINT('',#18354);
#4934=VERTEX_POINT('',#18355);
#4935=VERTEX_POINT('',#18357);
#4936=VERTEX_POINT('',#18359);
#4937=VERTEX_POINT('',#18363);
#4938=VERTEX_POINT('',#18365);
#4939=VERTEX_POINT('',#18369);
#4940=VERTEX_POINT('',#18371);
#4941=VERTEX_POINT('',#18375);
#4942=VERTEX_POINT('',#18377);
#4943=VERTEX_POINT('',#18381);
#4944=VERTEX_POINT('',#18383);
#4945=VERTEX_POINT('',#18391);
#4946=VERTEX_POINT('',#18392);
#4947=VERTEX_POINT('',#18394);
#4948=VERTEX_POINT('',#18396);
#4949=VERTEX_POINT('',#18398);
#4950=VERTEX_POINT('',#18400);
#4951=VERTEX_POINT('',#18402);
#4952=VERTEX_POINT('',#18404);
#4953=VERTEX_POINT('',#18407);
#4954=VERTEX_POINT('',#18409);
#4955=VERTEX_POINT('',#18410);
#4956=VERTEX_POINT('',#18413);
#4957=VERTEX_POINT('',#18414);
#4958=VERTEX_POINT('',#18416);
#4959=VERTEX_POINT('',#18418);
#4960=VERTEX_POINT('',#18421);
#4961=VERTEX_POINT('',#18423);
#4962=VERTEX_POINT('',#18425);
#4963=VERTEX_POINT('',#18427);
#4964=VERTEX_POINT('',#18431);
#4965=VERTEX_POINT('',#18435);
#4966=VERTEX_POINT('',#18437);
#4967=VERTEX_POINT('',#18443);
#4968=VERTEX_POINT('',#18445);
#4969=VERTEX_POINT('',#18450);
#4970=VERTEX_POINT('',#18452);
#4971=VERTEX_POINT('',#18456);
#4972=VERTEX_POINT('',#18460);
#4973=VERTEX_POINT('',#18466);
#4974=VERTEX_POINT('',#18470);
#4975=VERTEX_POINT('',#18474);
#4976=VERTEX_POINT('',#18478);
#4977=VERTEX_POINT('',#18482);
#4978=VERTEX_POINT('',#18483);
#4979=VERTEX_POINT('',#18488);
#4980=VERTEX_POINT('',#18492);
#4981=VERTEX_POINT('',#18496);
#4982=VERTEX_POINT('',#18500);
#4983=VERTEX_POINT('',#18504);
#4984=VERTEX_POINT('',#18508);
#4985=VERTEX_POINT('',#18516);
#4986=VERTEX_POINT('',#18517);
#4987=VERTEX_POINT('',#18519);
#4988=VERTEX_POINT('',#18521);
#4989=VERTEX_POINT('',#18525);
#4990=VERTEX_POINT('',#18527);
#4991=VERTEX_POINT('',#18531);
#4992=VERTEX_POINT('',#18533);
#4993=VERTEX_POINT('',#18540);
#4994=VERTEX_POINT('',#18542);
#4995=VERTEX_POINT('',#18547);
#4996=VERTEX_POINT('',#18549);
#4997=VERTEX_POINT('',#18554);
#4998=VERTEX_POINT('',#18556);
#4999=VERTEX_POINT('',#18561);
#5000=VERTEX_POINT('',#18563);
#5001=VERTEX_POINT('',#18568);
#5002=VERTEX_POINT('',#18570);
#5003=VERTEX_POINT('',#18575);
#5004=VERTEX_POINT('',#18577);
#5005=VERTEX_POINT('',#18582);
#5006=VERTEX_POINT('',#18584);
#5007=VERTEX_POINT('',#18589);
#5008=VERTEX_POINT('',#18591);
#5009=VERTEX_POINT('',#18596);
#5010=VERTEX_POINT('',#18597);
#5011=VERTEX_POINT('',#18599);
#5012=VERTEX_POINT('',#18601);
#5013=VERTEX_POINT('',#18605);
#5014=VERTEX_POINT('',#18607);
#5015=VERTEX_POINT('',#18611);
#5016=VERTEX_POINT('',#18613);
#5017=VERTEX_POINT('',#18617);
#5018=VERTEX_POINT('',#18619);
#5019=VERTEX_POINT('',#18623);
#5020=VERTEX_POINT('',#18625);
#5021=VERTEX_POINT('',#18629);
#5022=VERTEX_POINT('',#18631);
#5023=VERTEX_POINT('',#18635);
#5024=VERTEX_POINT('',#18637);
#5025=VERTEX_POINT('',#18644);
#5026=VERTEX_POINT('',#18645);
#5027=VERTEX_POINT('',#18647);
#5028=VERTEX_POINT('',#18649);
#5029=VERTEX_POINT('',#18651);
#5030=VERTEX_POINT('',#18653);
#5031=VERTEX_POINT('',#18655);
#5032=VERTEX_POINT('',#18657);
#5033=VERTEX_POINT('',#18661);
#5034=VERTEX_POINT('',#18663);
#5035=VERTEX_POINT('',#18667);
#5036=VERTEX_POINT('',#18669);
#5037=VERTEX_POINT('',#18673);
#5038=VERTEX_POINT('',#18675);
#5039=VERTEX_POINT('',#18679);
#5040=VERTEX_POINT('',#18681);
#5041=VERTEX_POINT('',#18685);
#5042=VERTEX_POINT('',#18687);
#5043=VERTEX_POINT('',#18691);
#5044=VERTEX_POINT('',#18693);
#5045=VERTEX_POINT('',#18697);
#5046=VERTEX_POINT('',#18699);
#5047=VERTEX_POINT('',#18703);
#5048=VERTEX_POINT('',#18705);
#5049=VERTEX_POINT('',#18709);
#5050=VERTEX_POINT('',#18711);
#5051=VERTEX_POINT('',#18715);
#5052=VERTEX_POINT('',#18717);
#5053=VERTEX_POINT('',#18721);
#5054=VERTEX_POINT('',#18723);
#5055=VERTEX_POINT('',#18727);
#5056=VERTEX_POINT('',#18729);
#5057=VERTEX_POINT('',#18733);
#5058=VERTEX_POINT('',#18735);
#5059=VERTEX_POINT('',#18739);
#5060=VERTEX_POINT('',#18741);
#5061=VERTEX_POINT('',#18745);
#5062=VERTEX_POINT('',#18747);
#5063=VERTEX_POINT('',#18751);
#5064=VERTEX_POINT('',#18753);
#5065=VERTEX_POINT('',#18757);
#5066=VERTEX_POINT('',#18759);
#5067=VERTEX_POINT('',#18763);
#5068=VERTEX_POINT('',#18767);
#5069=VERTEX_POINT('',#18771);
#5070=VERTEX_POINT('',#18775);
#5071=VERTEX_POINT('',#18779);
#5072=VERTEX_POINT('',#18783);
#5073=EDGE_CURVE('',#4093,#4094,#2023,.T.);
#5074=EDGE_CURVE('',#4094,#4095,#1792,.T.);
#5075=EDGE_CURVE('',#4095,#4096,#2024,.T.);
#5076=EDGE_CURVE('',#4097,#4096,#1793,.T.);
#5077=EDGE_CURVE('',#4098,#4097,#2025,.T.);
#5078=EDGE_CURVE('',#4098,#4099,#1794,.T.);
#5079=EDGE_CURVE('',#4100,#4099,#2026,.T.);
#5080=EDGE_CURVE('',#4093,#4100,#1795,.T.);
#5081=EDGE_CURVE('',#4101,#4102,#2027,.T.);
#5082=EDGE_CURVE('',#4094,#4102,#2028,.T.);
#5083=EDGE_CURVE('',#4093,#4101,#2029,.T.);
#5084=EDGE_CURVE('',#4100,#4103,#2030,.T.);
#5085=EDGE_CURVE('',#4101,#4103,#1796,.T.);
#5086=EDGE_CURVE('',#4102,#4104,#1797,.T.);
#5087=EDGE_CURVE('',#4095,#4104,#2031,.T.);
#5088=EDGE_CURVE('',#4099,#4105,#2032,.T.);
#5089=EDGE_CURVE('',#4103,#4105,#2033,.T.);
#5090=EDGE_CURVE('',#4104,#4106,#2034,.T.);
#5091=EDGE_CURVE('',#4096,#4106,#2035,.T.);
#5092=EDGE_CURVE('',#4098,#4107,#2036,.T.);
#5093=EDGE_CURVE('',#4107,#4105,#1798,.T.);
#5094=EDGE_CURVE('',#4108,#4106,#1799,.T.);
#5095=EDGE_CURVE('',#4097,#4108,#2037,.T.);
#5096=EDGE_CURVE('',#4107,#4108,#2038,.T.);
#5097=EDGE_CURVE('',#4109,#4110,#1800,.T.);
#5098=EDGE_CURVE('',#4109,#4111,#2039,.T.);
#5099=EDGE_CURVE('',#4111,#4112,#1801,.T.);
#5100=EDGE_CURVE('',#4112,#4113,#2040,.T.);
#5101=EDGE_CURVE('',#4114,#4113,#1802,.T.);
#5102=EDGE_CURVE('',#4115,#4114,#2041,.T.);
#5103=EDGE_CURVE('',#4115,#4116,#1803,.T.);
#5104=EDGE_CURVE('',#4110,#4116,#2042,.T.);
#5105=EDGE_CURVE('',#4110,#4117,#2043,.T.);
#5106=EDGE_CURVE('',#4118,#4117,#1804,.T.);
#5107=EDGE_CURVE('',#4109,#4118,#2044,.T.);
#5108=EDGE_CURVE('',#4116,#4119,#2045,.T.);
#5109=EDGE_CURVE('',#4117,#4119,#2046,.T.);
#5110=EDGE_CURVE('',#4115,#4120,#2047,.T.);
#5111=EDGE_CURVE('',#4120,#4119,#1805,.T.);
#5112=EDGE_CURVE('',#4120,#4121,#2048,.T.);
#5113=EDGE_CURVE('',#4114,#4121,#2049,.T.);
#5114=EDGE_CURVE('',#4113,#4122,#2050,.T.);
#5115=EDGE_CURVE('',#4121,#4122,#1806,.T.);
#5116=EDGE_CURVE('',#4112,#4123,#2051,.T.);
#5117=EDGE_CURVE('',#4123,#4122,#2052,.T.);
#5118=EDGE_CURVE('',#4111,#4124,#2053,.T.);
#5119=EDGE_CURVE('',#4124,#4123,#1807,.T.);
#5120=EDGE_CURVE('',#4118,#4124,#2054,.T.);
#5121=EDGE_CURVE('',#4125,#4126,#2055,.T.);
#5122=EDGE_CURVE('',#4126,#4127,#1808,.T.);
#5123=EDGE_CURVE('',#4127,#4128,#2056,.T.);
#5124=EDGE_CURVE('',#4129,#4128,#1809,.T.);
#5125=EDGE_CURVE('',#4130,#4129,#2057,.T.);
#5126=EDGE_CURVE('',#4130,#4131,#1810,.T.);
#5127=EDGE_CURVE('',#4132,#4131,#2058,.T.);
#5128=EDGE_CURVE('',#4125,#4132,#1811,.T.);
#5129=EDGE_CURVE('',#4133,#4134,#2059,.T.);
#5130=EDGE_CURVE('',#4126,#4134,#2060,.T.);
#5131=EDGE_CURVE('',#4125,#4133,#2061,.T.);
#5132=EDGE_CURVE('',#4132,#4135,#2062,.T.);
#5133=EDGE_CURVE('',#4133,#4135,#1812,.T.);
#5134=EDGE_CURVE('',#4134,#4136,#1813,.T.);
#5135=EDGE_CURVE('',#4127,#4136,#2063,.T.);
#5136=EDGE_CURVE('',#4131,#4137,#2064,.T.);
#5137=EDGE_CURVE('',#4135,#4137,#2065,.T.);
#5138=EDGE_CURVE('',#4136,#4138,#2066,.T.);
#5139=EDGE_CURVE('',#4128,#4138,#2067,.T.);
#5140=EDGE_CURVE('',#4130,#4139,#2068,.T.);
#5141=EDGE_CURVE('',#4139,#4137,#1814,.T.);
#5142=EDGE_CURVE('',#4140,#4138,#1815,.T.);
#5143=EDGE_CURVE('',#4129,#4140,#2069,.T.);
#5144=EDGE_CURVE('',#4139,#4140,#2070,.T.);
#5145=EDGE_CURVE('',#4141,#4142,#2071,.T.);
#5146=EDGE_CURVE('',#4141,#4143,#2072,.T.);
#5147=EDGE_CURVE('',#4143,#4144,#2073,.T.);
#5148=EDGE_CURVE('',#4142,#4144,#2074,.T.);
#5149=EDGE_CURVE('',#4145,#4142,#2075,.T.);
#5150=EDGE_CURVE('',#4146,#4145,#2076,.T.);
#5151=EDGE_CURVE('',#4147,#4146,#2077,.T.);
#5152=EDGE_CURVE('',#4148,#4147,#2078,.T.);
#5153=EDGE_CURVE('',#4148,#4149,#2079,.T.);
#5154=EDGE_CURVE('',#4149,#4150,#2080,.T.);
#5155=EDGE_CURVE('',#4151,#4150,#2081,.T.);
#5156=EDGE_CURVE('',#4151,#4152,#2082,.T.);
#5157=EDGE_CURVE('',#4152,#4141,#1816,.T.);
#5158=EDGE_CURVE('',#4153,#4154,#2083,.T.);
#5159=EDGE_CURVE('',#4155,#4154,#2084,.T.);
#5160=EDGE_CURVE('',#4145,#4155,#2085,.T.);
#5161=EDGE_CURVE('',#4156,#4144,#2086,.T.);
#5162=EDGE_CURVE('',#4157,#4156,#2087,.T.);
#5163=EDGE_CURVE('',#4158,#4157,#2088,.T.);
#5164=EDGE_CURVE('',#4158,#4159,#2089,.T.);
#5165=EDGE_CURVE('',#4159,#4160,#2090,.T.);
#5166=EDGE_CURVE('',#4161,#4160,#2091,.T.);
#5167=EDGE_CURVE('',#4161,#4153,#2092,.T.);
#5168=EDGE_CURVE('',#4143,#4162,#1817,.T.);
#5169=EDGE_CURVE('',#4163,#4162,#2093,.T.);
#5170=EDGE_CURVE('',#4163,#4164,#2094,.T.);
#5171=EDGE_CURVE('',#4164,#4165,#2095,.T.);
#5172=EDGE_CURVE('',#4166,#4165,#2096,.T.);
#5173=EDGE_CURVE('',#4156,#4166,#2097,.T.);
#5174=EDGE_CURVE('',#4152,#4162,#2098,.T.);
#5175=EDGE_CURVE('',#4146,#4167,#2099,.T.);
#5176=EDGE_CURVE('',#4167,#4155,#2100,.T.);
#5177=EDGE_CURVE('',#4147,#4168,#2101,.T.);
#5178=EDGE_CURVE('',#4168,#4167,#2102,.T.);
#5179=EDGE_CURVE('',#4148,#4169,#2103,.T.);
#5180=EDGE_CURVE('',#4169,#4168,#2104,.T.);
#5181=EDGE_CURVE('',#4170,#4171,#2105,.T.);
#5182=EDGE_CURVE('',#4172,#4171,#2106,.T.);
#5183=EDGE_CURVE('',#4173,#4172,#2107,.T.);
#5184=EDGE_CURVE('',#4149,#4173,#2108,.T.);
#5185=EDGE_CURVE('',#4174,#4169,#2109,.T.);
#5186=EDGE_CURVE('',#4170,#4174,#2110,.T.);
#5187=EDGE_CURVE('',#4175,#4173,#2111,.T.);
#5188=EDGE_CURVE('',#4176,#4175,#2112,.T.);
#5189=EDGE_CURVE('',#4177,#4176,#2113,.T.);
#5190=EDGE_CURVE('',#4177,#4178,#2114,.T.);
#5191=EDGE_CURVE('',#4179,#4178,#2115,.T.);
#5192=EDGE_CURVE('',#4179,#4180,#2116,.T.);
#5193=EDGE_CURVE('',#4180,#4181,#2117,.T.);
#5194=EDGE_CURVE('',#4181,#4182,#2118,.T.);
#5195=EDGE_CURVE('',#4182,#4183,#2119,.T.);
#5196=EDGE_CURVE('',#4183,#4184,#2120,.T.);
#5197=EDGE_CURVE('',#4184,#4185,#2121,.T.);
#5198=EDGE_CURVE('',#4186,#4185,#2122,.T.);
#5199=EDGE_CURVE('',#4187,#4186,#2123,.T.);
#5200=EDGE_CURVE('',#4188,#4187,#2124,.T.);
#5201=EDGE_CURVE('',#4189,#4188,#2125,.T.);
#5202=EDGE_CURVE('',#4150,#4189,#2126,.T.);
#5203=EDGE_CURVE('',#4151,#4163,#2127,.T.);
#5204=EDGE_CURVE('',#4189,#4190,#2128,.T.);
#5205=EDGE_CURVE('',#4164,#4190,#2129,.T.);
#5206=EDGE_CURVE('',#4191,#4192,#2130,.T.);
#5207=EDGE_CURVE('',#4193,#4192,#2131,.T.);
#5208=EDGE_CURVE('',#4194,#4193,#2132,.T.);
#5209=EDGE_CURVE('',#4194,#4195,#2133,.T.);
#5210=EDGE_CURVE('',#4195,#4196,#2134,.T.);
#5211=EDGE_CURVE('',#4197,#4196,#2135,.T.);
#5212=EDGE_CURVE('',#4198,#4197,#2136,.T.);
#5213=EDGE_CURVE('',#4198,#4170,#2137,.T.);
#5214=EDGE_CURVE('',#4154,#4174,#2138,.T.);
#5215=EDGE_CURVE('',#4153,#4191,#2139,.T.);
#5216=EDGE_CURVE('',#4199,#4166,#2140,.T.);
#5217=EDGE_CURVE('',#4199,#4200,#2141,.T.);
#5218=EDGE_CURVE('',#4201,#4200,#2142,.T.);
#5219=EDGE_CURVE('',#4202,#4201,#2143,.T.);
#5220=EDGE_CURVE('',#4203,#4202,#2144,.T.);
#5221=EDGE_CURVE('',#4157,#4203,#2145,.T.);
#5222=EDGE_CURVE('',#4204,#4205,#2146,.T.);
#5223=EDGE_CURVE('',#4206,#4205,#2147,.T.);
#5224=EDGE_CURVE('',#4207,#4206,#1818,.T.);
#5225=EDGE_CURVE('',#4158,#4207,#2148,.T.);
#5226=EDGE_CURVE('',#4208,#4203,#2149,.T.);
#5227=EDGE_CURVE('',#4204,#4208,#2150,.T.);
#5228=EDGE_CURVE('',#4207,#4209,#2151,.T.);
#5229=EDGE_CURVE('',#4209,#4159,#2152,.T.);
#5230=EDGE_CURVE('',#4210,#4211,#2153,.T.);
#5231=EDGE_CURVE('',#4211,#4212,#2154,.T.);
#5232=EDGE_CURVE('',#4212,#4213,#2155,.T.);
#5233=EDGE_CURVE('',#4213,#4160,#2156,.T.);
#5234=EDGE_CURVE('',#4209,#4214,#1819,.T.);
#5235=EDGE_CURVE('',#4215,#4214,#2157,.T.);
#5236=EDGE_CURVE('',#4216,#4215,#2158,.T.);
#5237=EDGE_CURVE('',#4210,#4216,#2159,.T.);
#5238=EDGE_CURVE('',#4217,#4213,#2160,.T.);
#5239=EDGE_CURVE('',#4217,#4161,#2161,.T.);
#5240=EDGE_CURVE('',#4191,#4218,#2162,.T.);
#5241=EDGE_CURVE('',#4219,#4217,#2163,.T.);
#5242=EDGE_CURVE('',#4218,#4219,#2164,.T.);
#5243=EDGE_CURVE('',#4190,#4220,#2165,.T.);
#5244=EDGE_CURVE('',#4220,#4221,#2166,.T.);
#5245=EDGE_CURVE('',#4221,#4222,#2167,.T.);
#5246=EDGE_CURVE('',#4222,#4204,#2168,.T.);
#5247=EDGE_CURVE('',#4223,#4208,#2169,.T.);
#5248=EDGE_CURVE('',#4224,#4223,#2170,.T.);
#5249=EDGE_CURVE('',#4225,#4224,#2171,.T.);
#5250=EDGE_CURVE('',#4226,#4225,#2172,.T.);
#5251=EDGE_CURVE('',#4227,#4226,#2173,.T.);
#5252=EDGE_CURVE('',#4227,#4228,#2174,.T.);
#5253=EDGE_CURVE('',#4228,#4229,#2175,.T.);
#5254=EDGE_CURVE('',#4229,#4230,#2176,.T.);
#5255=EDGE_CURVE('',#4165,#4230,#2177,.T.);
#5256=EDGE_CURVE('',#4230,#4227,#2178,.T.);
#5257=EDGE_CURVE('',#4226,#4223,#2179,.T.);
#5258=EDGE_CURVE('',#4231,#4202,#2180,.T.);
#5259=EDGE_CURVE('',#4232,#4231,#2181,.T.);
#5260=EDGE_CURVE('',#4199,#4232,#2182,.T.);
#5261=EDGE_CURVE('',#4233,#4234,#2183,.T.);
#5262=EDGE_CURVE('',#4234,#4235,#2184,.T.);
#5263=EDGE_CURVE('',#4236,#4235,#2185,.T.);
#5264=EDGE_CURVE('',#4236,#4233,#2186,.T.);
#5265=EDGE_CURVE('',#4237,#4238,#2187,.T.);
#5266=EDGE_CURVE('',#4238,#4239,#2188,.T.);
#5267=EDGE_CURVE('',#4240,#4239,#2189,.T.);
#5268=EDGE_CURVE('',#4240,#4237,#2190,.T.);
#5269=EDGE_CURVE('',#4241,#4198,#2191,.T.);
#5270=EDGE_CURVE('',#4242,#4241,#2192,.T.);
#5271=EDGE_CURVE('',#4243,#4242,#2193,.T.);
#5272=EDGE_CURVE('',#4171,#4243,#2194,.T.);
#5273=EDGE_CURVE('',#4230,#4172,#2195,.T.);
#5274=EDGE_CURVE('',#4243,#4244,#2196,.T.);
#5275=EDGE_CURVE('',#4244,#4227,#2197,.T.);
#5276=EDGE_CURVE('',#4175,#4229,#2198,.T.);
#5277=EDGE_CURVE('',#4176,#4228,#2199,.T.);
#5278=EDGE_CURVE('',#4177,#4244,#2200,.T.);
#5279=EDGE_CURVE('',#4242,#4245,#2201,.T.);
#5280=EDGE_CURVE('',#4178,#4245,#2202,.T.);
#5281=EDGE_CURVE('',#4245,#4246,#2203,.T.);
#5282=EDGE_CURVE('',#4246,#4197,#2204,.T.);
#5283=EDGE_CURVE('',#4196,#4179,#2205,.T.);
#5284=EDGE_CURVE('',#4195,#4180,#2206,.T.);
#5285=EDGE_CURVE('',#4247,#4194,#2207,.T.);
#5286=EDGE_CURVE('',#4248,#4247,#2208,.T.);
#5287=EDGE_CURVE('',#4181,#4248,#2209,.T.);
#5288=EDGE_CURVE('',#4248,#4249,#2210,.T.);
#5289=EDGE_CURVE('',#4250,#4249,#2211,.T.);
#5290=EDGE_CURVE('',#4250,#4251,#2212,.T.);
#5291=EDGE_CURVE('',#4182,#4251,#2213,.T.);
#5292=EDGE_CURVE('',#4251,#4226,#2214,.T.);
#5293=EDGE_CURVE('',#4183,#4225,#2215,.T.);
#5294=EDGE_CURVE('',#4252,#4224,#2216,.T.);
#5295=EDGE_CURVE('',#4253,#4252,#2217,.T.);
#5296=EDGE_CURVE('',#4254,#4253,#2218,.T.);
#5297=EDGE_CURVE('',#4255,#4254,#2219,.T.);
#5298=EDGE_CURVE('',#4184,#4255,#2220,.T.);
#5299=EDGE_CURVE('',#4255,#4256,#2221,.T.);
#5300=EDGE_CURVE('',#4185,#4256,#2222,.T.);
#5301=EDGE_CURVE('',#4186,#4222,#2223,.T.);
#5302=EDGE_CURVE('',#4256,#4257,#2224,.T.);
#5303=EDGE_CURVE('',#4257,#4258,#2225,.T.);
#5304=EDGE_CURVE('',#4258,#4216,#2226,.T.);
#5305=EDGE_CURVE('',#4205,#4215,#2227,.T.);
#5306=EDGE_CURVE('',#4187,#4221,#2228,.T.);
#5307=EDGE_CURVE('',#4188,#4220,#2229,.T.);
#5308=EDGE_CURVE('',#4259,#4210,#2230,.T.);
#5309=EDGE_CURVE('',#4259,#4260,#2231,.T.);
#5310=EDGE_CURVE('',#4260,#4261,#2232,.T.);
#5311=EDGE_CURVE('',#4192,#4261,#2233,.T.);
#5312=EDGE_CURVE('',#4218,#4211,#2234,.T.);
#5313=EDGE_CURVE('',#4250,#4261,#2235,.T.);
#5314=EDGE_CURVE('',#4249,#4262,#2236,.T.);
#5315=EDGE_CURVE('',#4262,#4193,#2237,.T.);
#5316=EDGE_CURVE('',#4247,#4262,#2238,.T.);
#5317=EDGE_CURVE('',#4241,#4246,#2239,.T.);
#5318=EDGE_CURVE('',#4232,#4263,#2240,.T.);
#5319=EDGE_CURVE('',#4200,#4263,#2241,.T.);
#5320=EDGE_CURVE('',#4263,#4264,#2242,.T.);
#5321=EDGE_CURVE('',#4264,#4201,#2243,.T.);
#5322=EDGE_CURVE('',#4231,#4264,#2244,.T.);
#5323=EDGE_CURVE('',#4206,#4214,#2245,.T.);
#5324=EDGE_CURVE('',#4219,#4212,#2246,.T.);
#5325=EDGE_CURVE('',#4253,#4258,#2247,.T.);
#5326=EDGE_CURVE('',#4252,#4259,#2248,.T.);
#5327=EDGE_CURVE('',#4223,#4260,#2249,.T.);
#5328=EDGE_CURVE('',#4265,#4266,#2250,.T.);
#5329=EDGE_CURVE('',#4234,#4265,#2251,.T.);
#5330=EDGE_CURVE('',#4266,#4233,#2252,.T.);
#5331=EDGE_CURVE('',#4267,#4236,#2253,.T.);
#5332=EDGE_CURVE('',#4266,#4267,#2254,.T.);
#5333=EDGE_CURVE('',#4268,#4267,#2255,.T.);
#5334=EDGE_CURVE('',#4235,#4268,#2256,.T.);
#5335=EDGE_CURVE('',#4265,#4268,#2257,.T.);
#5336=EDGE_CURVE('',#4269,#4270,#2258,.T.);
#5337=EDGE_CURVE('',#4238,#4269,#2259,.T.);
#5338=EDGE_CURVE('',#4270,#4237,#2260,.T.);
#5339=EDGE_CURVE('',#4271,#4240,#2261,.T.);
#5340=EDGE_CURVE('',#4270,#4271,#2262,.T.);
#5341=EDGE_CURVE('',#4272,#4271,#2263,.T.);
#5342=EDGE_CURVE('',#4239,#4272,#2264,.T.);
#5343=EDGE_CURVE('',#4269,#4272,#2265,.T.);
#5344=EDGE_CURVE('',#4273,#4274,#2266,.T.);
#5345=EDGE_CURVE('',#4275,#4273,#2267,.T.);
#5346=EDGE_CURVE('',#4275,#4276,#2268,.T.);
#5347=EDGE_CURVE('',#4274,#4276,#2269,.T.);
#5348=EDGE_CURVE('',#4277,#4278,#2270,.T.);
#5349=EDGE_CURVE('',#4279,#4277,#2271,.T.);
#5350=EDGE_CURVE('',#4279,#4280,#2272,.T.);
#5351=EDGE_CURVE('',#4278,#4280,#2273,.T.);
#5352=EDGE_CURVE('',#4254,#4257,#2274,.T.);
#5353=EDGE_CURVE('',#4265,#4281,#2275,.T.);
#5354=EDGE_CURVE('',#4282,#4266,#2276,.T.);
#5355=EDGE_CURVE('',#4281,#4282,#2277,.T.);
#5356=EDGE_CURVE('',#4267,#4283,#2278,.T.);
#5357=EDGE_CURVE('',#4282,#4283,#2279,.T.);
#5358=EDGE_CURVE('',#4268,#4284,#2280,.T.);
#5359=EDGE_CURVE('',#4284,#4283,#2281,.T.);
#5360=EDGE_CURVE('',#4281,#4284,#2282,.T.);
#5361=EDGE_CURVE('',#4269,#4285,#2283,.T.);
#5362=EDGE_CURVE('',#4286,#4270,#2284,.T.);
#5363=EDGE_CURVE('',#4285,#4286,#2285,.T.);
#5364=EDGE_CURVE('',#4271,#4287,#2286,.T.);
#5365=EDGE_CURVE('',#4286,#4287,#2287,.T.);
#5366=EDGE_CURVE('',#4272,#4288,#2288,.T.);
#5367=EDGE_CURVE('',#4288,#4287,#2289,.T.);
#5368=EDGE_CURVE('',#4285,#4288,#2290,.T.);
#5369=EDGE_CURVE('',#4289,#4274,#2291,.T.);
#5370=EDGE_CURVE('',#4289,#4290,#1820,.T.);
#5371=EDGE_CURVE('',#4291,#4290,#2292,.T.);
#5372=EDGE_CURVE('',#4292,#4291,#2293,.T.);
#5373=EDGE_CURVE('',#4293,#4292,#2294,.T.);
#5374=EDGE_CURVE('',#4294,#4293,#2295,.T.);
#5375=EDGE_CURVE('',#4295,#4294,#2296,.T.);
#5376=EDGE_CURVE('',#4296,#4295,#2297,.T.);
#5377=EDGE_CURVE('',#4297,#4296,#2298,.T.);
#5378=EDGE_CURVE('',#4298,#4297,#1821,.T.);
#5379=EDGE_CURVE('',#4273,#4298,#2299,.T.);
#5380=EDGE_CURVE('',#4298,#4299,#2300,.T.);
#5381=EDGE_CURVE('',#4275,#4299,#2301,.T.);
#5382=EDGE_CURVE('',#4299,#4300,#1822,.T.);
#5383=EDGE_CURVE('',#4300,#4301,#2302,.T.);
#5384=EDGE_CURVE('',#4301,#4302,#2303,.T.);
#5385=EDGE_CURVE('',#4302,#4303,#2304,.T.);
#5386=EDGE_CURVE('',#4303,#4304,#2305,.T.);
#5387=EDGE_CURVE('',#4304,#4305,#2306,.T.);
#5388=EDGE_CURVE('',#4305,#4306,#2307,.T.);
#5389=EDGE_CURVE('',#4306,#4307,#2308,.T.);
#5390=EDGE_CURVE('',#4308,#4307,#1823,.T.);
#5391=EDGE_CURVE('',#4308,#4276,#2309,.T.);
#5392=EDGE_CURVE('',#4289,#4308,#2310,.T.);
#5393=EDGE_CURVE('',#4309,#4278,#2311,.T.);
#5394=EDGE_CURVE('',#4309,#4310,#1824,.T.);
#5395=EDGE_CURVE('',#4311,#4310,#2312,.T.);
#5396=EDGE_CURVE('',#4312,#4311,#2313,.T.);
#5397=EDGE_CURVE('',#4313,#4312,#2314,.T.);
#5398=EDGE_CURVE('',#4314,#4313,#2315,.T.);
#5399=EDGE_CURVE('',#4315,#4314,#2316,.T.);
#5400=EDGE_CURVE('',#4316,#4315,#2317,.T.);
#5401=EDGE_CURVE('',#4317,#4316,#2318,.T.);
#5402=EDGE_CURVE('',#4318,#4317,#1825,.T.);
#5403=EDGE_CURVE('',#4277,#4318,#2319,.T.);
#5404=EDGE_CURVE('',#4318,#4319,#2320,.T.);
#5405=EDGE_CURVE('',#4279,#4319,#2321,.T.);
#5406=EDGE_CURVE('',#4319,#4320,#1826,.T.);
#5407=EDGE_CURVE('',#4320,#4321,#2322,.T.);
#5408=EDGE_CURVE('',#4321,#4322,#2323,.T.);
#5409=EDGE_CURVE('',#4322,#4323,#2324,.T.);
#5410=EDGE_CURVE('',#4323,#4324,#2325,.T.);
#5411=EDGE_CURVE('',#4324,#4325,#2326,.T.);
#5412=EDGE_CURVE('',#4325,#4326,#2327,.T.);
#5413=EDGE_CURVE('',#4326,#4327,#2328,.T.);
#5414=EDGE_CURVE('',#4328,#4327,#1827,.T.);
#5415=EDGE_CURVE('',#4328,#4280,#2329,.T.);
#5416=EDGE_CURVE('',#4309,#4328,#2330,.T.);
#5417=EDGE_CURVE('',#4290,#4307,#2331,.T.);
#5418=EDGE_CURVE('',#4291,#4306,#2332,.T.);
#5419=EDGE_CURVE('',#4292,#4305,#2333,.T.);
#5420=EDGE_CURVE('',#4329,#4304,#2334,.T.);
#5421=EDGE_CURVE('',#4330,#4329,#2335,.T.);
#5422=EDGE_CURVE('',#4330,#4293,#2336,.T.);
#5423=EDGE_CURVE('',#4331,#4330,#2337,.T.);
#5424=EDGE_CURVE('',#4332,#4331,#2338,.T.);
#5425=EDGE_CURVE('',#4332,#4333,#2339,.T.);
#5426=EDGE_CURVE('',#4333,#4294,#2340,.T.);
#5427=EDGE_CURVE('',#4333,#4334,#2341,.T.);
#5428=EDGE_CURVE('',#4334,#4303,#2342,.T.);
#5429=EDGE_CURVE('',#4295,#4302,#2343,.T.);
#5430=EDGE_CURVE('',#4296,#4301,#2344,.T.);
#5431=EDGE_CURVE('',#4297,#4300,#2345,.T.);
#5432=EDGE_CURVE('',#4335,#4329,#2346,.T.);
#5433=EDGE_CURVE('',#4336,#4334,#2347,.T.);
#5434=EDGE_CURVE('',#4336,#4335,#2348,.T.);
#5435=EDGE_CURVE('',#4310,#4327,#2349,.T.);
#5436=EDGE_CURVE('',#4311,#4326,#2350,.T.);
#5437=EDGE_CURVE('',#4312,#4325,#2351,.T.);
#5438=EDGE_CURVE('',#4337,#4324,#2352,.T.);
#5439=EDGE_CURVE('',#4338,#4337,#2353,.T.);
#5440=EDGE_CURVE('',#4338,#4313,#2354,.T.);
#5441=EDGE_CURVE('',#4339,#4338,#2355,.T.);
#5442=EDGE_CURVE('',#4340,#4339,#2356,.T.);
#5443=EDGE_CURVE('',#4340,#4341,#2357,.T.);
#5444=EDGE_CURVE('',#4341,#4314,#2358,.T.);
#5445=EDGE_CURVE('',#4341,#4342,#2359,.T.);
#5446=EDGE_CURVE('',#4342,#4323,#2360,.T.);
#5447=EDGE_CURVE('',#4315,#4322,#2361,.T.);
#5448=EDGE_CURVE('',#4316,#4321,#2362,.T.);
#5449=EDGE_CURVE('',#4317,#4320,#2363,.T.);
#5450=EDGE_CURVE('',#4343,#4337,#2364,.T.);
#5451=EDGE_CURVE('',#4344,#4342,#2365,.T.);
#5452=EDGE_CURVE('',#4344,#4343,#2366,.T.);
#5453=EDGE_CURVE('',#4331,#4335,#2367,.T.);
#5454=EDGE_CURVE('',#4332,#4336,#2368,.T.);
#5455=EDGE_CURVE('',#4339,#4343,#2369,.T.);
#5456=EDGE_CURVE('',#4340,#4344,#2370,.T.);
#5457=EDGE_CURVE('',#4345,#4345,#1828,.T.);
#5458=EDGE_CURVE('',#4346,#4345,#1829,.T.);
#5459=EDGE_CURVE('',#4347,#4347,#1830,.T.);
#5460=EDGE_CURVE('',#4347,#4345,#2371,.T.);
#5461=EDGE_CURVE('',#4348,#4349,#1831,.T.);
#5462=EDGE_CURVE('',#4348,#4349,#2372,.T.);
#5463=EDGE_CURVE('',#4350,#4351,#1832,.T.);
#5464=EDGE_CURVE('',#4351,#4349,#2373,.T.);
#5465=EDGE_CURVE('',#4350,#4348,#2374,.T.);
#5466=EDGE_CURVE('',#4350,#4351,#2375,.T.);
#5467=EDGE_CURVE('',#4352,#4353,#2376,.T.);
#5468=EDGE_CURVE('',#4353,#4354,#2377,.T.);
#5469=EDGE_CURVE('',#4354,#4355,#2378,.T.);
#5470=EDGE_CURVE('',#4355,#4352,#2379,.T.);
#5471=EDGE_CURVE('',#4356,#4357,#2380,.T.);
#5472=EDGE_CURVE('',#4357,#4358,#2381,.T.);
#5473=EDGE_CURVE('',#4358,#4359,#2382,.T.);
#5474=EDGE_CURVE('',#4359,#4356,#2383,.T.);
#5475=EDGE_CURVE('',#4352,#4360,#2384,.T.);
#5476=EDGE_CURVE('',#4361,#4360,#2385,.T.);
#5477=EDGE_CURVE('',#4353,#4361,#2386,.T.);
#5478=EDGE_CURVE('',#4355,#4362,#2387,.T.);
#5479=EDGE_CURVE('',#4360,#4362,#2388,.T.);
#5480=EDGE_CURVE('',#4354,#4363,#2389,.T.);
#5481=EDGE_CURVE('',#4362,#4363,#2390,.T.);
#5482=EDGE_CURVE('',#4363,#4361,#2391,.T.);
#5483=EDGE_CURVE('',#4356,#4364,#2392,.T.);
#5484=EDGE_CURVE('',#4365,#4364,#2393,.T.);
#5485=EDGE_CURVE('',#4357,#4365,#2394,.T.);
#5486=EDGE_CURVE('',#4359,#4366,#2395,.T.);
#5487=EDGE_CURVE('',#4364,#4366,#2396,.T.);
#5488=EDGE_CURVE('',#4358,#4367,#2397,.T.);
#5489=EDGE_CURVE('',#4366,#4367,#2398,.T.);
#5490=EDGE_CURVE('',#4367,#4365,#2399,.T.);
#5491=EDGE_CURVE('',#4368,#4368,#1833,.T.);
#5492=EDGE_CURVE('',#4369,#4369,#1834,.T.);
#5493=EDGE_CURVE('',#4369,#4368,#2400,.T.);
#5494=EDGE_CURVE('',#4370,#4371,#2401,.T.);
#5495=EDGE_CURVE('',#4371,#4372,#1835,.T.);
#5496=EDGE_CURVE('',#4372,#4373,#2402,.T.);
#5497=EDGE_CURVE('',#4373,#4374,#1836,.T.);
#5498=EDGE_CURVE('',#4374,#4375,#2403,.T.);
#5499=EDGE_CURVE('',#4375,#4376,#1837,.T.);
#5500=EDGE_CURVE('',#4376,#4377,#2404,.T.);
#5501=EDGE_CURVE('',#4370,#4377,#1838,.T.);
#5502=EDGE_CURVE('',#4378,#4378,#1839,.T.);
#5503=EDGE_CURVE('',#4379,#4379,#1840,.T.);
#5504=EDGE_CURVE('',#4380,#4380,#1841,.T.);
#5505=EDGE_CURVE('',#4381,#4381,#1842,.T.);
#5506=EDGE_CURVE('',#4382,#4383,#2405,.T.);
#5507=EDGE_CURVE('',#4383,#4371,#2406,.T.);
#5508=EDGE_CURVE('',#4382,#4370,#2407,.T.);
#5509=EDGE_CURVE('',#4384,#4377,#2408,.T.);
#5510=EDGE_CURVE('',#4382,#4384,#1843,.T.);
#5511=EDGE_CURVE('',#4383,#4385,#1844,.T.);
#5512=EDGE_CURVE('',#4385,#4372,#2409,.T.);
#5513=EDGE_CURVE('',#4386,#4384,#2410,.T.);
#5514=EDGE_CURVE('',#4386,#4376,#2411,.T.);
#5515=EDGE_CURVE('',#4385,#4387,#2412,.T.);
#5516=EDGE_CURVE('',#4387,#4373,#2413,.T.);
#5517=EDGE_CURVE('',#4388,#4386,#1845,.T.);
#5518=EDGE_CURVE('',#4388,#4375,#2414,.T.);
#5519=EDGE_CURVE('',#4387,#4389,#1846,.T.);
#5520=EDGE_CURVE('',#4389,#4374,#2415,.T.);
#5521=EDGE_CURVE('',#4389,#4388,#2416,.T.);
#5522=EDGE_CURVE('',#4378,#4390,#2417,.T.);
#5523=EDGE_CURVE('',#4390,#4390,#1847,.T.);
#5524=EDGE_CURVE('',#4379,#4391,#2418,.T.);
#5525=EDGE_CURVE('',#4391,#4391,#1848,.T.);
#5526=EDGE_CURVE('',#4380,#4392,#2419,.T.);
#5527=EDGE_CURVE('',#4392,#4392,#1849,.T.);
#5528=EDGE_CURVE('',#4381,#4393,#2420,.T.);
#5529=EDGE_CURVE('',#4393,#4393,#1850,.T.);
#5530=EDGE_CURVE('',#4394,#4395,#2421,.T.);
#5531=EDGE_CURVE('',#4395,#4383,#2422,.T.);
#5532=EDGE_CURVE('',#4394,#4382,#2423,.T.);
#5533=EDGE_CURVE('',#4396,#4384,#2424,.T.);
#5534=EDGE_CURVE('',#4394,#4396,#1851,.T.);
#5535=EDGE_CURVE('',#4395,#4397,#1852,.T.);
#5536=EDGE_CURVE('',#4397,#4385,#2425,.T.);
#5537=EDGE_CURVE('',#4398,#4399,#2426,.T.);
#5538=EDGE_CURVE('',#4400,#4399,#2427,.T.);
#5539=EDGE_CURVE('',#4401,#4400,#2428,.T.);
#5540=EDGE_CURVE('',#4401,#4402,#2429,.T.);
#5541=EDGE_CURVE('',#4402,#4403,#2430,.T.);
#5542=EDGE_CURVE('',#4404,#4403,#2431,.T.);
#5543=EDGE_CURVE('',#4405,#4404,#2432,.T.);
#5544=EDGE_CURVE('',#4405,#4406,#2433,.T.);
#5545=EDGE_CURVE('',#4406,#4396,#2434,.T.);
#5546=EDGE_CURVE('',#4398,#4386,#2435,.T.);
#5547=EDGE_CURVE('',#4397,#4407,#2436,.T.);
#5548=EDGE_CURVE('',#4408,#4407,#2437,.T.);
#5549=EDGE_CURVE('',#4408,#4409,#2438,.T.);
#5550=EDGE_CURVE('',#4409,#4410,#2439,.T.);
#5551=EDGE_CURVE('',#4410,#4411,#2440,.T.);
#5552=EDGE_CURVE('',#4412,#4411,#2441,.T.);
#5553=EDGE_CURVE('',#4412,#4413,#2442,.T.);
#5554=EDGE_CURVE('',#4413,#4414,#2443,.T.);
#5555=EDGE_CURVE('',#4414,#4415,#2444,.T.);
#5556=EDGE_CURVE('',#4415,#4387,#2445,.T.);
#5557=EDGE_CURVE('',#4416,#4398,#1853,.T.);
#5558=EDGE_CURVE('',#4416,#4388,#2446,.T.);
#5559=EDGE_CURVE('',#4415,#4417,#1854,.T.);
#5560=EDGE_CURVE('',#4417,#4389,#2447,.T.);
#5561=EDGE_CURVE('',#4417,#4416,#2448,.T.);
#5562=EDGE_CURVE('',#4391,#4418,#1855,.T.);
#5563=EDGE_CURVE('',#4418,#4418,#1856,.T.);
#5564=EDGE_CURVE('',#4403,#4406,#2449,.T.);
#5565=EDGE_CURVE('',#4399,#4402,#2450,.T.);
#5566=EDGE_CURVE('',#4411,#4414,#2451,.T.);
#5567=EDGE_CURVE('',#4407,#4410,#2452,.T.);
#5568=EDGE_CURVE('',#4419,#4420,#2453,.T.);
#5569=EDGE_CURVE('',#4419,#4421,#1857,.T.);
#5570=EDGE_CURVE('',#4421,#4422,#2454,.T.);
#5571=EDGE_CURVE('',#4422,#4423,#1858,.T.);
#5572=EDGE_CURVE('',#4423,#4400,#2455,.T.);
#5573=EDGE_CURVE('',#4399,#4424,#2456,.T.);
#5574=EDGE_CURVE('',#4424,#4425,#1859,.T.);
#5575=EDGE_CURVE('',#4426,#4425,#2457,.T.);
#5576=EDGE_CURVE('',#4426,#4427,#1860,.T.);
#5577=EDGE_CURVE('',#4428,#4427,#2458,.T.);
#5578=EDGE_CURVE('',#4428,#4429,#1861,.T.);
#5579=EDGE_CURVE('',#4429,#4430,#2459,.T.);
#5580=EDGE_CURVE('',#4430,#4431,#2460,.T.);
#5581=EDGE_CURVE('',#4431,#4432,#2461,.T.);
#5582=EDGE_CURVE('',#4432,#4433,#1862,.T.);
#5583=EDGE_CURVE('',#4434,#4433,#2462,.T.);
#5584=EDGE_CURVE('',#4420,#4434,#1863,.T.);
#5585=EDGE_CURVE('',#4435,#4401,#2463,.T.);
#5586=EDGE_CURVE('',#4435,#4423,#2464,.T.);
#5587=EDGE_CURVE('',#4436,#4437,#2465,.T.);
#5588=EDGE_CURVE('',#4437,#4438,#1864,.T.);
#5589=EDGE_CURVE('',#4438,#4439,#2466,.T.);
#5590=EDGE_CURVE('',#4440,#4439,#1865,.T.);
#5591=EDGE_CURVE('',#4441,#4440,#2467,.T.);
#5592=EDGE_CURVE('',#4442,#4441,#2468,.T.);
#5593=EDGE_CURVE('',#4443,#4442,#2469,.T.);
#5594=EDGE_CURVE('',#4444,#4443,#1866,.T.);
#5595=EDGE_CURVE('',#4444,#4445,#2470,.T.);
#5596=EDGE_CURVE('',#4446,#4445,#1867,.T.);
#5597=EDGE_CURVE('',#4446,#4447,#2471,.T.);
#5598=EDGE_CURVE('',#4448,#4447,#1868,.T.);
#5599=EDGE_CURVE('',#4402,#4448,#2472,.T.);
#5600=EDGE_CURVE('',#4449,#4435,#1869,.T.);
#5601=EDGE_CURVE('',#4450,#4449,#2473,.T.);
#5602=EDGE_CURVE('',#4436,#4450,#1870,.T.);
#5603=EDGE_CURVE('',#4451,#4452,#2474,.T.);
#5604=EDGE_CURVE('',#4452,#4453,#1871,.T.);
#5605=EDGE_CURVE('',#4453,#4454,#2475,.T.);
#5606=EDGE_CURVE('',#4455,#4454,#1872,.T.);
#5607=EDGE_CURVE('',#4456,#4455,#2476,.T.);
#5608=EDGE_CURVE('',#4457,#4456,#2477,.T.);
#5609=EDGE_CURVE('',#4458,#4457,#2478,.T.);
#5610=EDGE_CURVE('',#4459,#4458,#1873,.T.);
#5611=EDGE_CURVE('',#4459,#4460,#2479,.T.);
#5612=EDGE_CURVE('',#4461,#4460,#1874,.T.);
#5613=EDGE_CURVE('',#4461,#4462,#2480,.T.);
#5614=EDGE_CURVE('',#4463,#4462,#1875,.T.);
#5615=EDGE_CURVE('',#4406,#4463,#2481,.T.);
#5616=EDGE_CURVE('',#4464,#4405,#2482,.T.);
#5617=EDGE_CURVE('',#4465,#4464,#1876,.T.);
#5618=EDGE_CURVE('',#4466,#4465,#2483,.T.);
#5619=EDGE_CURVE('',#4451,#4466,#1877,.T.);
#5620=EDGE_CURVE('',#4467,#4468,#2484,.T.);
#5621=EDGE_CURVE('',#4467,#4469,#1878,.T.);
#5622=EDGE_CURVE('',#4469,#4470,#2485,.T.);
#5623=EDGE_CURVE('',#4470,#4471,#1879,.T.);
#5624=EDGE_CURVE('',#4471,#4404,#2486,.T.);
#5625=EDGE_CURVE('',#4403,#4472,#2487,.T.);
#5626=EDGE_CURVE('',#4472,#4473,#1880,.T.);
#5627=EDGE_CURVE('',#4474,#4473,#2488,.T.);
#5628=EDGE_CURVE('',#4474,#4475,#1881,.T.);
#5629=EDGE_CURVE('',#4476,#4475,#2489,.T.);
#5630=EDGE_CURVE('',#4476,#4477,#1882,.T.);
#5631=EDGE_CURVE('',#4477,#4478,#2490,.T.);
#5632=EDGE_CURVE('',#4478,#4479,#2491,.T.);
#5633=EDGE_CURVE('',#4479,#4480,#2492,.T.);
#5634=EDGE_CURVE('',#4480,#4481,#1883,.T.);
#5635=EDGE_CURVE('',#4482,#4481,#2493,.T.);
#5636=EDGE_CURVE('',#4468,#4482,#1884,.T.);
#5637=EDGE_CURVE('',#4464,#4471,#2494,.T.);
#5638=EDGE_CURVE('',#4483,#4484,#2495,.T.);
#5639=EDGE_CURVE('',#4483,#4485,#1885,.T.);
#5640=EDGE_CURVE('',#4485,#4486,#2496,.T.);
#5641=EDGE_CURVE('',#4486,#4487,#1886,.T.);
#5642=EDGE_CURVE('',#4487,#4408,#2497,.T.);
#5643=EDGE_CURVE('',#4407,#4488,#2498,.T.);
#5644=EDGE_CURVE('',#4488,#4489,#1887,.T.);
#5645=EDGE_CURVE('',#4490,#4489,#2499,.T.);
#5646=EDGE_CURVE('',#4490,#4491,#1888,.T.);
#5647=EDGE_CURVE('',#4492,#4491,#2500,.T.);
#5648=EDGE_CURVE('',#4492,#4493,#1889,.T.);
#5649=EDGE_CURVE('',#4493,#4494,#2501,.T.);
#5650=EDGE_CURVE('',#4494,#4495,#2502,.T.);
#5651=EDGE_CURVE('',#4495,#4496,#2503,.T.);
#5652=EDGE_CURVE('',#4496,#4497,#1890,.T.);
#5653=EDGE_CURVE('',#4498,#4497,#2504,.T.);
#5654=EDGE_CURVE('',#4484,#4498,#1891,.T.);
#5655=EDGE_CURVE('',#4487,#4499,#2505,.T.);
#5656=EDGE_CURVE('',#4499,#4409,#2506,.T.);
#5657=EDGE_CURVE('',#4500,#4501,#2507,.T.);
#5658=EDGE_CURVE('',#4501,#4502,#1892,.T.);
#5659=EDGE_CURVE('',#4502,#4503,#2508,.T.);
#5660=EDGE_CURVE('',#4504,#4503,#1893,.T.);
#5661=EDGE_CURVE('',#4505,#4504,#2509,.T.);
#5662=EDGE_CURVE('',#4506,#4505,#2510,.T.);
#5663=EDGE_CURVE('',#4507,#4506,#2511,.T.);
#5664=EDGE_CURVE('',#4508,#4507,#1894,.T.);
#5665=EDGE_CURVE('',#4508,#4509,#2512,.T.);
#5666=EDGE_CURVE('',#4510,#4509,#1895,.T.);
#5667=EDGE_CURVE('',#4510,#4511,#2513,.T.);
#5668=EDGE_CURVE('',#4512,#4511,#1896,.T.);
#5669=EDGE_CURVE('',#4410,#4512,#2514,.T.);
#5670=EDGE_CURVE('',#4513,#4499,#1897,.T.);
#5671=EDGE_CURVE('',#4514,#4513,#2515,.T.);
#5672=EDGE_CURVE('',#4500,#4514,#1898,.T.);
#5673=EDGE_CURVE('',#4515,#4516,#2516,.T.);
#5674=EDGE_CURVE('',#4516,#4517,#1899,.T.);
#5675=EDGE_CURVE('',#4517,#4518,#2517,.T.);
#5676=EDGE_CURVE('',#4519,#4518,#1900,.T.);
#5677=EDGE_CURVE('',#4520,#4519,#2518,.T.);
#5678=EDGE_CURVE('',#4521,#4520,#2519,.T.);
#5679=EDGE_CURVE('',#4522,#4521,#2520,.T.);
#5680=EDGE_CURVE('',#4523,#4522,#1901,.T.);
#5681=EDGE_CURVE('',#4523,#4524,#2521,.T.);
#5682=EDGE_CURVE('',#4525,#4524,#1902,.T.);
#5683=EDGE_CURVE('',#4525,#4526,#2522,.T.);
#5684=EDGE_CURVE('',#4527,#4526,#1903,.T.);
#5685=EDGE_CURVE('',#4414,#4527,#2523,.T.);
#5686=EDGE_CURVE('',#4528,#4413,#2524,.T.);
#5687=EDGE_CURVE('',#4529,#4528,#1904,.T.);
#5688=EDGE_CURVE('',#4530,#4529,#2525,.T.);
#5689=EDGE_CURVE('',#4515,#4530,#1905,.T.);
#5690=EDGE_CURVE('',#4531,#4532,#2526,.T.);
#5691=EDGE_CURVE('',#4531,#4533,#1906,.T.);
#5692=EDGE_CURVE('',#4533,#4534,#2527,.T.);
#5693=EDGE_CURVE('',#4534,#4535,#1907,.T.);
#5694=EDGE_CURVE('',#4535,#4412,#2528,.T.);
#5695=EDGE_CURVE('',#4411,#4536,#2529,.T.);
#5696=EDGE_CURVE('',#4536,#4537,#1908,.T.);
#5697=EDGE_CURVE('',#4538,#4537,#2530,.T.);
#5698=EDGE_CURVE('',#4538,#4539,#1909,.T.);
#5699=EDGE_CURVE('',#4540,#4539,#2531,.T.);
#5700=EDGE_CURVE('',#4540,#4541,#1910,.T.);
#5701=EDGE_CURVE('',#4541,#4542,#2532,.T.);
#5702=EDGE_CURVE('',#4542,#4543,#2533,.T.);
#5703=EDGE_CURVE('',#4543,#4544,#2534,.T.);
#5704=EDGE_CURVE('',#4544,#4545,#1911,.T.);
#5705=EDGE_CURVE('',#4546,#4545,#2535,.T.);
#5706=EDGE_CURVE('',#4532,#4546,#1912,.T.);
#5707=EDGE_CURVE('',#4535,#4528,#2536,.T.);
#5708=EDGE_CURVE('',#4463,#4472,#2537,.T.);
#5709=EDGE_CURVE('',#4488,#4512,#2538,.T.);
#5710=EDGE_CURVE('',#4448,#4424,#2539,.T.);
#5711=EDGE_CURVE('',#4536,#4527,#2540,.T.);
#5712=EDGE_CURVE('',#4436,#4419,#2541,.T.);
#5713=EDGE_CURVE('',#4437,#4420,#2542,.T.);
#5714=EDGE_CURVE('',#4450,#4421,#2543,.T.);
#5715=EDGE_CURVE('',#4438,#4434,#2544,.T.);
#5716=EDGE_CURVE('',#4449,#4422,#2545,.T.);
#5717=EDGE_CURVE('',#4439,#4433,#2546,.T.);
#5718=EDGE_CURVE('',#4440,#4432,#2547,.T.);
#5719=EDGE_CURVE('',#4441,#4431,#2548,.T.);
#5720=EDGE_CURVE('',#4442,#4430,#2549,.T.);
#5721=EDGE_CURVE('',#4443,#4429,#2550,.T.);
#5722=EDGE_CURVE('',#4447,#4425,#2551,.T.);
#5723=EDGE_CURVE('',#4444,#4428,#2552,.T.);
#5724=EDGE_CURVE('',#4446,#4426,#2553,.T.);
#5725=EDGE_CURVE('',#4445,#4427,#2554,.T.);
#5726=EDGE_CURVE('',#4451,#4467,#2555,.T.);
#5727=EDGE_CURVE('',#4452,#4468,#2556,.T.);
#5728=EDGE_CURVE('',#4466,#4469,#2557,.T.);
#5729=EDGE_CURVE('',#4453,#4482,#2558,.T.);
#5730=EDGE_CURVE('',#4465,#4470,#2559,.T.);
#5731=EDGE_CURVE('',#4454,#4481,#2560,.T.);
#5732=EDGE_CURVE('',#4455,#4480,#2561,.T.);
#5733=EDGE_CURVE('',#4456,#4479,#2562,.T.);
#5734=EDGE_CURVE('',#4457,#4478,#2563,.T.);
#5735=EDGE_CURVE('',#4458,#4477,#2564,.T.);
#5736=EDGE_CURVE('',#4462,#4473,#2565,.T.);
#5737=EDGE_CURVE('',#4459,#4476,#2566,.T.);
#5738=EDGE_CURVE('',#4461,#4474,#2567,.T.);
#5739=EDGE_CURVE('',#4460,#4475,#2568,.T.);
#5740=EDGE_CURVE('',#4484,#4501,#2569,.T.);
#5741=EDGE_CURVE('',#4483,#4500,#2570,.T.);
#5742=EDGE_CURVE('',#4485,#4514,#2571,.T.);
#5743=EDGE_CURVE('',#4498,#4502,#2572,.T.);
#5744=EDGE_CURVE('',#4486,#4513,#2573,.T.);
#5745=EDGE_CURVE('',#4497,#4503,#2574,.T.);
#5746=EDGE_CURVE('',#4496,#4504,#2575,.T.);
#5747=EDGE_CURVE('',#4495,#4505,#2576,.T.);
#5748=EDGE_CURVE('',#4494,#4506,#2577,.T.);
#5749=EDGE_CURVE('',#4493,#4507,#2578,.T.);
#5750=EDGE_CURVE('',#4489,#4511,#2579,.T.);
#5751=EDGE_CURVE('',#4492,#4508,#2580,.T.);
#5752=EDGE_CURVE('',#4490,#4510,#2581,.T.);
#5753=EDGE_CURVE('',#4491,#4509,#2582,.T.);
#5754=EDGE_CURVE('',#4532,#4516,#2583,.T.);
#5755=EDGE_CURVE('',#4531,#4515,#2584,.T.);
#5756=EDGE_CURVE('',#4533,#4530,#2585,.T.);
#5757=EDGE_CURVE('',#4546,#4517,#2586,.T.);
#5758=EDGE_CURVE('',#4534,#4529,#2587,.T.);
#5759=EDGE_CURVE('',#4545,#4518,#2588,.T.);
#5760=EDGE_CURVE('',#4544,#4519,#2589,.T.);
#5761=EDGE_CURVE('',#4543,#4520,#2590,.T.);
#5762=EDGE_CURVE('',#4542,#4521,#2591,.T.);
#5763=EDGE_CURVE('',#4541,#4522,#2592,.T.);
#5764=EDGE_CURVE('',#4537,#4526,#2593,.T.);
#5765=EDGE_CURVE('',#4540,#4523,#2594,.T.);
#5766=EDGE_CURVE('',#4538,#4525,#2595,.T.);
#5767=EDGE_CURVE('',#4539,#4524,#2596,.T.);
#5768=EDGE_CURVE('',#4547,#4548,#2597,.T.);
#5769=EDGE_CURVE('',#4548,#4549,#2598,.T.);
#5770=EDGE_CURVE('',#4550,#4549,#2599,.T.);
#5771=EDGE_CURVE('',#4547,#4550,#2600,.T.);
#5772=EDGE_CURVE('',#4551,#4552,#2601,.T.);
#5773=EDGE_CURVE('',#4553,#4552,#1913,.T.);
#5774=EDGE_CURVE('',#4554,#4553,#2602,.T.);
#5775=EDGE_CURVE('',#4554,#4555,#2603,.T.);
#5776=EDGE_CURVE('',#4555,#4556,#2604,.T.);
#5777=EDGE_CURVE('',#4556,#4557,#1914,.T.);
#5778=EDGE_CURVE('',#4558,#4557,#2605,.T.);
#5779=EDGE_CURVE('',#4548,#4558,#1915,.T.);
#5780=EDGE_CURVE('',#4547,#4551,#1916,.T.);
#5781=EDGE_CURVE('',#4550,#4559,#1917,.T.);
#5782=EDGE_CURVE('',#4551,#4559,#2606,.T.);
#5783=EDGE_CURVE('',#4558,#4560,#2607,.T.);
#5784=EDGE_CURVE('',#4549,#4560,#1918,.T.);
#5785=EDGE_CURVE('',#4559,#4561,#2608,.T.);
#5786=EDGE_CURVE('',#4560,#4562,#2609,.T.);
#5787=EDGE_CURVE('',#4563,#4562,#1919,.T.);
#5788=EDGE_CURVE('',#4564,#4563,#2610,.T.);
#5789=EDGE_CURVE('',#4565,#4564,#2611,.T.);
#5790=EDGE_CURVE('',#4565,#4566,#2612,.T.);
#5791=EDGE_CURVE('',#4566,#4561,#1920,.T.);
#5792=EDGE_CURVE('',#4552,#4561,#2613,.T.);
#5793=EDGE_CURVE('',#4553,#4566,#2614,.T.);
#5794=EDGE_CURVE('',#4553,#4567,#2615,.T.);
#5795=EDGE_CURVE('',#4567,#4568,#2616,.T.);
#5796=EDGE_CURVE('',#4568,#4569,#2617,.T.);
#5797=EDGE_CURVE('',#4570,#4569,#2618,.T.);
#5798=EDGE_CURVE('',#4556,#4570,#2619,.T.);
#5799=EDGE_CURVE('',#4557,#4562,#2620,.T.);
#5800=EDGE_CURVE('',#4556,#4563,#2621,.T.);
#5801=EDGE_CURVE('',#4563,#4571,#2622,.T.);
#5802=EDGE_CURVE('',#4571,#4572,#2623,.T.);
#5803=EDGE_CURVE('',#4573,#4572,#2624,.T.);
#5804=EDGE_CURVE('',#4574,#4573,#2625,.T.);
#5805=EDGE_CURVE('',#4566,#4574,#2626,.T.);
#5806=EDGE_CURVE('',#4567,#4574,#2627,.T.);
#5807=EDGE_CURVE('',#4575,#4576,#2628,.T.);
#5808=EDGE_CURVE('',#4577,#4576,#1921,.T.);
#5809=EDGE_CURVE('',#4577,#4578,#2629,.T.);
#5810=EDGE_CURVE('',#4578,#4579,#1922,.T.);
#5811=EDGE_CURVE('',#4580,#4579,#2630,.T.);
#5812=EDGE_CURVE('',#4570,#4580,#1923,.T.);
#5813=EDGE_CURVE('',#4567,#4575,#1924,.T.);
#5814=EDGE_CURVE('',#4570,#4581,#2631,.T.);
#5815=EDGE_CURVE('',#4582,#4581,#2632,.T.);
#5816=EDGE_CURVE('',#4556,#4582,#2633,.T.);
#5817=EDGE_CURVE('',#4582,#4583,#2634,.T.);
#5818=EDGE_CURVE('',#4563,#4583,#2635,.T.);
#5819=EDGE_CURVE('',#4584,#4585,#2636,.T.);
#5820=EDGE_CURVE('',#4574,#4584,#1925,.T.);
#5821=EDGE_CURVE('',#4571,#4586,#1926,.T.);
#5822=EDGE_CURVE('',#4586,#4587,#2637,.T.);
#5823=EDGE_CURVE('',#4588,#4587,#1927,.T.);
#5824=EDGE_CURVE('',#4589,#4588,#2638,.T.);
#5825=EDGE_CURVE('',#4589,#4585,#1928,.T.);
#5826=EDGE_CURVE('',#4583,#4590,#2639,.T.);
#5827=EDGE_CURVE('',#4571,#4590,#2640,.T.);
#5828=EDGE_CURVE('',#4575,#4584,#2641,.T.);
#5829=EDGE_CURVE('',#4576,#4585,#2642,.T.);
#5830=EDGE_CURVE('',#4577,#4589,#2643,.T.);
#5831=EDGE_CURVE('',#4578,#4588,#2644,.T.);
#5832=EDGE_CURVE('',#4579,#4587,#2645,.T.);
#5833=EDGE_CURVE('',#4580,#4586,#2646,.T.);
#5834=EDGE_CURVE('',#4570,#4571,#2647,.T.);
#5835=EDGE_CURVE('',#4581,#4590,#2648,.T.);
#5836=EDGE_CURVE('',#4591,#4592,#2649,.T.);
#5837=EDGE_CURVE('',#4591,#4593,#2650,.T.);
#5838=EDGE_CURVE('',#4593,#4594,#2651,.T.);
#5839=EDGE_CURVE('',#4592,#4594,#2652,.T.);
#5840=EDGE_CURVE('',#4595,#4591,#2653,.T.);
#5841=EDGE_CURVE('',#4595,#4596,#2654,.T.);
#5842=EDGE_CURVE('',#4596,#4593,#2655,.T.);
#5843=EDGE_CURVE('',#4597,#4595,#2656,.T.);
#5844=EDGE_CURVE('',#4597,#4598,#2657,.T.);
#5845=EDGE_CURVE('',#4598,#4596,#2658,.T.);
#5846=EDGE_CURVE('',#4599,#4597,#11,.T.);
#5847=EDGE_CURVE('',#4599,#4600,#2659,.T.);
#5848=EDGE_CURVE('',#4600,#4598,#12,.T.);
#5849=EDGE_CURVE('',#4601,#4599,#13,.T.);
#5850=EDGE_CURVE('',#4601,#4602,#2660,.T.);
#5851=EDGE_CURVE('',#4602,#4600,#14,.T.);
#5852=EDGE_CURVE('',#4603,#4601,#15,.T.);
#5853=EDGE_CURVE('',#4603,#4604,#2661,.T.);
#5854=EDGE_CURVE('',#4604,#4602,#16,.T.);
#5855=EDGE_CURVE('',#4605,#4603,#17,.T.);
#5856=EDGE_CURVE('',#4605,#4606,#2662,.T.);
#5857=EDGE_CURVE('',#4606,#4604,#18,.T.);
#5858=EDGE_CURVE('',#4607,#4605,#19,.T.);
#5859=EDGE_CURVE('',#4607,#4608,#2663,.T.);
#5860=EDGE_CURVE('',#4608,#4606,#20,.T.);
#5861=EDGE_CURVE('',#4609,#4607,#21,.T.);
#5862=EDGE_CURVE('',#4609,#4610,#2664,.T.);
#5863=EDGE_CURVE('',#4610,#4608,#22,.T.);
#5864=EDGE_CURVE('',#4611,#4609,#2665,.T.);
#5865=EDGE_CURVE('',#4611,#4612,#2666,.T.);
#5866=EDGE_CURVE('',#4612,#4610,#2667,.T.);
#5867=EDGE_CURVE('',#4613,#4611,#2668,.T.);
#5868=EDGE_CURVE('',#4613,#4614,#2669,.T.);
#5869=EDGE_CURVE('',#4614,#4612,#2670,.T.);
#5870=EDGE_CURVE('',#4615,#4613,#2671,.T.);
#5871=EDGE_CURVE('',#4615,#4616,#2672,.T.);
#5872=EDGE_CURVE('',#4616,#4614,#2673,.T.);
#5873=EDGE_CURVE('',#4617,#4615,#23,.T.);
#5874=EDGE_CURVE('',#4617,#4618,#2674,.T.);
#5875=EDGE_CURVE('',#4618,#4616,#24,.T.);
#5876=EDGE_CURVE('',#4619,#4617,#25,.T.);
#5877=EDGE_CURVE('',#4619,#4620,#2675,.T.);
#5878=EDGE_CURVE('',#4620,#4618,#26,.T.);
#5879=EDGE_CURVE('',#4621,#4619,#27,.T.);
#5880=EDGE_CURVE('',#4621,#4622,#2676,.T.);
#5881=EDGE_CURVE('',#4622,#4620,#28,.T.);
#5882=EDGE_CURVE('',#4623,#4621,#29,.T.);
#5883=EDGE_CURVE('',#4623,#4624,#2677,.T.);
#5884=EDGE_CURVE('',#4624,#4622,#30,.T.);
#5885=EDGE_CURVE('',#4625,#4623,#31,.T.);
#5886=EDGE_CURVE('',#4625,#4626,#2678,.T.);
#5887=EDGE_CURVE('',#4626,#4624,#32,.T.);
#5888=EDGE_CURVE('',#4627,#4625,#2679,.T.);
#5889=EDGE_CURVE('',#4627,#4628,#2680,.T.);
#5890=EDGE_CURVE('',#4628,#4626,#2681,.T.);
#5891=EDGE_CURVE('',#4592,#4627,#2682,.T.);
#5892=EDGE_CURVE('',#4594,#4628,#2683,.T.);
#5893=EDGE_CURVE('',#4629,#4630,#2684,.T.);
#5894=EDGE_CURVE('',#4629,#4631,#2685,.T.);
#5895=EDGE_CURVE('',#4631,#4632,#2686,.T.);
#5896=EDGE_CURVE('',#4630,#4632,#2687,.T.);
#5897=EDGE_CURVE('',#4633,#4629,#2688,.T.);
#5898=EDGE_CURVE('',#4633,#4634,#2689,.T.);
#5899=EDGE_CURVE('',#4634,#4631,#2690,.T.);
#5900=EDGE_CURVE('',#4635,#4633,#2691,.T.);
#5901=EDGE_CURVE('',#4635,#4636,#2692,.T.);
#5902=EDGE_CURVE('',#4636,#4634,#2693,.T.);
#5903=EDGE_CURVE('',#4630,#4635,#2694,.T.);
#5904=EDGE_CURVE('',#4632,#4636,#2695,.T.);
#5905=EDGE_CURVE('',#4637,#4638,#2696,.T.);
#5906=EDGE_CURVE('',#4637,#4639,#2697,.T.);
#5907=EDGE_CURVE('',#4639,#4640,#2698,.T.);
#5908=EDGE_CURVE('',#4638,#4640,#2699,.T.);
#5909=EDGE_CURVE('',#4641,#4637,#33,.T.);
#5910=EDGE_CURVE('',#4641,#4642,#2700,.T.);
#5911=EDGE_CURVE('',#4642,#4639,#34,.T.);
#5912=EDGE_CURVE('',#4643,#4641,#35,.T.);
#5913=EDGE_CURVE('',#4643,#4644,#2701,.T.);
#5914=EDGE_CURVE('',#4644,#4642,#36,.T.);
#5915=EDGE_CURVE('',#4645,#4643,#37,.T.);
#5916=EDGE_CURVE('',#4645,#4646,#2702,.T.);
#5917=EDGE_CURVE('',#4646,#4644,#38,.T.);
#5918=EDGE_CURVE('',#4647,#4645,#39,.T.);
#5919=EDGE_CURVE('',#4647,#4648,#2703,.T.);
#5920=EDGE_CURVE('',#4648,#4646,#40,.T.);
#5921=EDGE_CURVE('',#4649,#4647,#41,.T.);
#5922=EDGE_CURVE('',#4649,#4650,#2704,.T.);
#5923=EDGE_CURVE('',#4650,#4648,#42,.T.);
#5924=EDGE_CURVE('',#4651,#4649,#2705,.T.);
#5925=EDGE_CURVE('',#4651,#4652,#2706,.T.);
#5926=EDGE_CURVE('',#4652,#4650,#2707,.T.);
#5927=EDGE_CURVE('',#4653,#4651,#2708,.T.);
#5928=EDGE_CURVE('',#4653,#4654,#2709,.T.);
#5929=EDGE_CURVE('',#4654,#4652,#2710,.T.);
#5930=EDGE_CURVE('',#4655,#4653,#2711,.T.);
#5931=EDGE_CURVE('',#4655,#4656,#2712,.T.);
#5932=EDGE_CURVE('',#4656,#4654,#2713,.T.);
#5933=EDGE_CURVE('',#4657,#4655,#43,.T.);
#5934=EDGE_CURVE('',#4657,#4658,#2714,.T.);
#5935=EDGE_CURVE('',#4658,#4656,#44,.T.);
#5936=EDGE_CURVE('',#4659,#4657,#45,.T.);
#5937=EDGE_CURVE('',#4659,#4660,#2715,.T.);
#5938=EDGE_CURVE('',#4660,#4658,#46,.T.);
#5939=EDGE_CURVE('',#4661,#4659,#47,.T.);
#5940=EDGE_CURVE('',#4661,#4662,#2716,.T.);
#5941=EDGE_CURVE('',#4662,#4660,#48,.T.);
#5942=EDGE_CURVE('',#4663,#4661,#49,.T.);
#5943=EDGE_CURVE('',#4663,#4664,#2717,.T.);
#5944=EDGE_CURVE('',#4664,#4662,#50,.T.);
#5945=EDGE_CURVE('',#4665,#4663,#51,.T.);
#5946=EDGE_CURVE('',#4665,#4666,#2718,.T.);
#5947=EDGE_CURVE('',#4666,#4664,#52,.T.);
#5948=EDGE_CURVE('',#4667,#4665,#2719,.T.);
#5949=EDGE_CURVE('',#4667,#4668,#2720,.T.);
#5950=EDGE_CURVE('',#4668,#4666,#2721,.T.);
#5951=EDGE_CURVE('',#4669,#4667,#2722,.T.);
#5952=EDGE_CURVE('',#4669,#4670,#2723,.T.);
#5953=EDGE_CURVE('',#4670,#4668,#2724,.T.);
#5954=EDGE_CURVE('',#4671,#4669,#2725,.T.);
#5955=EDGE_CURVE('',#4671,#4672,#2726,.T.);
#5956=EDGE_CURVE('',#4672,#4670,#2727,.T.);
#5957=EDGE_CURVE('',#4638,#4671,#2728,.T.);
#5958=EDGE_CURVE('',#4640,#4672,#2729,.T.);
#5959=EDGE_CURVE('',#4673,#4674,#53,.T.);
#5960=EDGE_CURVE('',#4673,#4675,#2730,.T.);
#5961=EDGE_CURVE('',#4675,#4676,#54,.T.);
#5962=EDGE_CURVE('',#4674,#4676,#2731,.T.);
#5963=EDGE_CURVE('',#4677,#4673,#55,.T.);
#5964=EDGE_CURVE('',#4677,#4678,#2732,.T.);
#5965=EDGE_CURVE('',#4678,#4675,#56,.T.);
#5966=EDGE_CURVE('',#4679,#4677,#57,.T.);
#5967=EDGE_CURVE('',#4679,#4680,#2733,.T.);
#5968=EDGE_CURVE('',#4680,#4678,#58,.T.);
#5969=EDGE_CURVE('',#4681,#4679,#59,.T.);
#5970=EDGE_CURVE('',#4681,#4682,#2734,.T.);
#5971=EDGE_CURVE('',#4682,#4680,#60,.T.);
#5972=EDGE_CURVE('',#4683,#4681,#61,.T.);
#5973=EDGE_CURVE('',#4683,#4684,#2735,.T.);
#5974=EDGE_CURVE('',#4684,#4682,#62,.T.);
#5975=EDGE_CURVE('',#4685,#4683,#63,.T.);
#5976=EDGE_CURVE('',#4685,#4686,#2736,.T.);
#5977=EDGE_CURVE('',#4686,#4684,#64,.T.);
#5978=EDGE_CURVE('',#4687,#4685,#65,.T.);
#5979=EDGE_CURVE('',#4687,#4688,#2737,.T.);
#5980=EDGE_CURVE('',#4688,#4686,#66,.T.);
#5981=EDGE_CURVE('',#4689,#4687,#67,.T.);
#5982=EDGE_CURVE('',#4689,#4690,#2738,.T.);
#5983=EDGE_CURVE('',#4690,#4688,#68,.T.);
#5984=EDGE_CURVE('',#4691,#4689,#69,.T.);
#5985=EDGE_CURVE('',#4691,#4692,#2739,.T.);
#5986=EDGE_CURVE('',#4692,#4690,#70,.T.);
#5987=EDGE_CURVE('',#4674,#4691,#2740,.T.);
#5988=EDGE_CURVE('',#4676,#4692,#2741,.T.);
#5989=EDGE_CURVE('',#4693,#4694,#2742,.T.);
#5990=EDGE_CURVE('',#4693,#4695,#2743,.T.);
#5991=EDGE_CURVE('',#4695,#4696,#2744,.T.);
#5992=EDGE_CURVE('',#4694,#4696,#2745,.T.);
#5993=EDGE_CURVE('',#4697,#4693,#71,.T.);
#5994=EDGE_CURVE('',#4697,#4698,#2746,.T.);
#5995=EDGE_CURVE('',#4698,#4695,#72,.T.);
#5996=EDGE_CURVE('',#4699,#4697,#73,.T.);
#5997=EDGE_CURVE('',#4699,#4700,#2747,.T.);
#5998=EDGE_CURVE('',#4700,#4698,#74,.T.);
#5999=EDGE_CURVE('',#4701,#4699,#2748,.T.);
#6000=EDGE_CURVE('',#4701,#4702,#2749,.T.);
#6001=EDGE_CURVE('',#4702,#4700,#2750,.T.);
#6002=EDGE_CURVE('',#4703,#4701,#75,.T.);
#6003=EDGE_CURVE('',#4703,#4704,#2751,.T.);
#6004=EDGE_CURVE('',#4704,#4702,#76,.T.);
#6005=EDGE_CURVE('',#4705,#4703,#77,.T.);
#6006=EDGE_CURVE('',#4705,#4706,#2752,.T.);
#6007=EDGE_CURVE('',#4706,#4704,#78,.T.);
#6008=EDGE_CURVE('',#4707,#4705,#79,.T.);
#6009=EDGE_CURVE('',#4707,#4708,#2753,.T.);
#6010=EDGE_CURVE('',#4708,#4706,#80,.T.);
#6011=EDGE_CURVE('',#4709,#4707,#81,.T.);
#6012=EDGE_CURVE('',#4709,#4710,#2754,.T.);
#6013=EDGE_CURVE('',#4710,#4708,#82,.T.);
#6014=EDGE_CURVE('',#4711,#4709,#83,.T.);
#6015=EDGE_CURVE('',#4711,#4712,#2755,.T.);
#6016=EDGE_CURVE('',#4712,#4710,#84,.T.);
#6017=EDGE_CURVE('',#4713,#4711,#85,.T.);
#6018=EDGE_CURVE('',#4713,#4714,#2756,.T.);
#6019=EDGE_CURVE('',#4714,#4712,#86,.T.);
#6020=EDGE_CURVE('',#4715,#4713,#87,.T.);
#6021=EDGE_CURVE('',#4715,#4716,#2757,.T.);
#6022=EDGE_CURVE('',#4716,#4714,#88,.T.);
#6023=EDGE_CURVE('',#4717,#4715,#2758,.T.);
#6024=EDGE_CURVE('',#4717,#4718,#2759,.T.);
#6025=EDGE_CURVE('',#4718,#4716,#2760,.T.);
#6026=EDGE_CURVE('',#4719,#4717,#89,.T.);
#6027=EDGE_CURVE('',#4719,#4720,#2761,.T.);
#6028=EDGE_CURVE('',#4720,#4718,#90,.T.);
#6029=EDGE_CURVE('',#4721,#4719,#91,.T.);
#6030=EDGE_CURVE('',#4721,#4722,#2762,.T.);
#6031=EDGE_CURVE('',#4722,#4720,#92,.T.);
#6032=EDGE_CURVE('',#4723,#4721,#93,.T.);
#6033=EDGE_CURVE('',#4723,#4724,#2763,.T.);
#6034=EDGE_CURVE('',#4724,#4722,#94,.T.);
#6035=EDGE_CURVE('',#4725,#4723,#95,.T.);
#6036=EDGE_CURVE('',#4725,#4726,#2764,.T.);
#6037=EDGE_CURVE('',#4726,#4724,#96,.T.);
#6038=EDGE_CURVE('',#4727,#4725,#97,.T.);
#6039=EDGE_CURVE('',#4727,#4728,#2765,.T.);
#6040=EDGE_CURVE('',#4728,#4726,#98,.T.);
#6041=EDGE_CURVE('',#4729,#4727,#99,.T.);
#6042=EDGE_CURVE('',#4729,#4730,#2766,.T.);
#6043=EDGE_CURVE('',#4730,#4728,#100,.T.);
#6044=EDGE_CURVE('',#4731,#4729,#101,.T.);
#6045=EDGE_CURVE('',#4731,#4732,#2767,.T.);
#6046=EDGE_CURVE('',#4732,#4730,#102,.T.);
#6047=EDGE_CURVE('',#4733,#4731,#103,.T.);
#6048=EDGE_CURVE('',#4733,#4734,#2768,.T.);
#6049=EDGE_CURVE('',#4734,#4732,#104,.T.);
#6050=EDGE_CURVE('',#4735,#4733,#105,.T.);
#6051=EDGE_CURVE('',#4735,#4736,#2769,.T.);
#6052=EDGE_CURVE('',#4736,#4734,#106,.T.);
#6053=EDGE_CURVE('',#4737,#4735,#107,.T.);
#6054=EDGE_CURVE('',#4737,#4738,#2770,.T.);
#6055=EDGE_CURVE('',#4738,#4736,#108,.T.);
#6056=EDGE_CURVE('',#4739,#4737,#109,.T.);
#6057=EDGE_CURVE('',#4739,#4740,#2771,.T.);
#6058=EDGE_CURVE('',#4740,#4738,#110,.T.);
#6059=EDGE_CURVE('',#4741,#4739,#111,.T.);
#6060=EDGE_CURVE('',#4741,#4742,#2772,.T.);
#6061=EDGE_CURVE('',#4742,#4740,#112,.T.);
#6062=EDGE_CURVE('',#4743,#4741,#113,.T.);
#6063=EDGE_CURVE('',#4743,#4744,#2773,.T.);
#6064=EDGE_CURVE('',#4744,#4742,#114,.T.);
#6065=EDGE_CURVE('',#4745,#4743,#115,.T.);
#6066=EDGE_CURVE('',#4745,#4746,#2774,.T.);
#6067=EDGE_CURVE('',#4746,#4744,#116,.T.);
#6068=EDGE_CURVE('',#4694,#4745,#117,.T.);
#6069=EDGE_CURVE('',#4696,#4746,#118,.T.);
#6070=EDGE_CURVE('',#4747,#4748,#2775,.T.);
#6071=EDGE_CURVE('',#4747,#4749,#2776,.T.);
#6072=EDGE_CURVE('',#4749,#4750,#2777,.T.);
#6073=EDGE_CURVE('',#4748,#4750,#2778,.T.);
#6074=EDGE_CURVE('',#4751,#4747,#119,.T.);
#6075=EDGE_CURVE('',#4751,#4752,#2779,.T.);
#6076=EDGE_CURVE('',#4752,#4749,#120,.T.);
#6077=EDGE_CURVE('',#4753,#4751,#121,.T.);
#6078=EDGE_CURVE('',#4753,#4754,#2780,.T.);
#6079=EDGE_CURVE('',#4754,#4752,#122,.T.);
#6080=EDGE_CURVE('',#4755,#4753,#123,.T.);
#6081=EDGE_CURVE('',#4755,#4756,#2781,.T.);
#6082=EDGE_CURVE('',#4756,#4754,#124,.T.);
#6083=EDGE_CURVE('',#4757,#4755,#125,.T.);
#6084=EDGE_CURVE('',#4757,#4758,#2782,.T.);
#6085=EDGE_CURVE('',#4758,#4756,#126,.T.);
#6086=EDGE_CURVE('',#4759,#4757,#127,.T.);
#6087=EDGE_CURVE('',#4759,#4760,#2783,.T.);
#6088=EDGE_CURVE('',#4760,#4758,#128,.T.);
#6089=EDGE_CURVE('',#4761,#4759,#2784,.T.);
#6090=EDGE_CURVE('',#4761,#4762,#2785,.T.);
#6091=EDGE_CURVE('',#4762,#4760,#2786,.T.);
#6092=EDGE_CURVE('',#4763,#4761,#2787,.T.);
#6093=EDGE_CURVE('',#4763,#4764,#2788,.T.);
#6094=EDGE_CURVE('',#4764,#4762,#2789,.T.);
#6095=EDGE_CURVE('',#4765,#4763,#2790,.T.);
#6096=EDGE_CURVE('',#4765,#4766,#2791,.T.);
#6097=EDGE_CURVE('',#4766,#4764,#2792,.T.);
#6098=EDGE_CURVE('',#4767,#4765,#129,.T.);
#6099=EDGE_CURVE('',#4767,#4768,#2793,.T.);
#6100=EDGE_CURVE('',#4768,#4766,#130,.T.);
#6101=EDGE_CURVE('',#4769,#4767,#131,.T.);
#6102=EDGE_CURVE('',#4769,#4770,#2794,.T.);
#6103=EDGE_CURVE('',#4770,#4768,#132,.T.);
#6104=EDGE_CURVE('',#4771,#4769,#133,.T.);
#6105=EDGE_CURVE('',#4771,#4772,#2795,.T.);
#6106=EDGE_CURVE('',#4772,#4770,#134,.T.);
#6107=EDGE_CURVE('',#4773,#4771,#135,.T.);
#6108=EDGE_CURVE('',#4773,#4774,#2796,.T.);
#6109=EDGE_CURVE('',#4774,#4772,#136,.T.);
#6110=EDGE_CURVE('',#4775,#4773,#2797,.T.);
#6111=EDGE_CURVE('',#4775,#4776,#2798,.T.);
#6112=EDGE_CURVE('',#4776,#4774,#2799,.T.);
#6113=EDGE_CURVE('',#4777,#4775,#2800,.T.);
#6114=EDGE_CURVE('',#4777,#4778,#2801,.T.);
#6115=EDGE_CURVE('',#4778,#4776,#2802,.T.);
#6116=EDGE_CURVE('',#4779,#4777,#2803,.T.);
#6117=EDGE_CURVE('',#4779,#4780,#2804,.T.);
#6118=EDGE_CURVE('',#4780,#4778,#2805,.T.);
#6119=EDGE_CURVE('',#4748,#4779,#2806,.T.);
#6120=EDGE_CURVE('',#4750,#4780,#2807,.T.);
#6121=EDGE_CURVE('',#4781,#4782,#137,.T.);
#6122=EDGE_CURVE('',#4781,#4783,#2808,.T.);
#6123=EDGE_CURVE('',#4783,#4784,#138,.T.);
#6124=EDGE_CURVE('',#4782,#4784,#2809,.T.);
#6125=EDGE_CURVE('',#4785,#4781,#139,.T.);
#6126=EDGE_CURVE('',#4785,#4786,#2810,.T.);
#6127=EDGE_CURVE('',#4786,#4783,#140,.T.);
#6128=EDGE_CURVE('',#4787,#4785,#141,.T.);
#6129=EDGE_CURVE('',#4787,#4788,#2811,.T.);
#6130=EDGE_CURVE('',#4788,#4786,#142,.T.);
#6131=EDGE_CURVE('',#4789,#4787,#2812,.T.);
#6132=EDGE_CURVE('',#4789,#4790,#2813,.T.);
#6133=EDGE_CURVE('',#4790,#4788,#2814,.T.);
#6134=EDGE_CURVE('',#4782,#4789,#143,.T.);
#6135=EDGE_CURVE('',#4784,#4790,#144,.T.);
#6136=EDGE_CURVE('',#4791,#4792,#145,.T.);
#6137=EDGE_CURVE('',#4791,#4793,#2815,.T.);
#6138=EDGE_CURVE('',#4793,#4794,#146,.T.);
#6139=EDGE_CURVE('',#4792,#4794,#2816,.T.);
#6140=EDGE_CURVE('',#4795,#4791,#147,.T.);
#6141=EDGE_CURVE('',#4795,#4796,#2817,.T.);
#6142=EDGE_CURVE('',#4796,#4793,#148,.T.);
#6143=EDGE_CURVE('',#4797,#4795,#149,.T.);
#6144=EDGE_CURVE('',#4797,#4798,#2818,.T.);
#6145=EDGE_CURVE('',#4798,#4796,#150,.T.);
#6146=EDGE_CURVE('',#4799,#4797,#2819,.T.);
#6147=EDGE_CURVE('',#4799,#4800,#2820,.T.);
#6148=EDGE_CURVE('',#4800,#4798,#2821,.T.);
#6149=EDGE_CURVE('',#4801,#4799,#151,.T.);
#6150=EDGE_CURVE('',#4801,#4802,#2822,.T.);
#6151=EDGE_CURVE('',#4802,#4800,#152,.T.);
#6152=EDGE_CURVE('',#4803,#4801,#153,.T.);
#6153=EDGE_CURVE('',#4803,#4804,#2823,.T.);
#6154=EDGE_CURVE('',#4804,#4802,#154,.T.);
#6155=EDGE_CURVE('',#4805,#4803,#155,.T.);
#6156=EDGE_CURVE('',#4805,#4806,#2824,.T.);
#6157=EDGE_CURVE('',#4806,#4804,#156,.T.);
#6158=EDGE_CURVE('',#4807,#4805,#157,.T.);
#6159=EDGE_CURVE('',#4807,#4808,#2825,.T.);
#6160=EDGE_CURVE('',#4808,#4806,#158,.T.);
#6161=EDGE_CURVE('',#4809,#4807,#159,.T.);
#6162=EDGE_CURVE('',#4809,#4810,#2826,.T.);
#6163=EDGE_CURVE('',#4810,#4808,#160,.T.);
#6164=EDGE_CURVE('',#4811,#4809,#161,.T.);
#6165=EDGE_CURVE('',#4811,#4812,#2827,.T.);
#6166=EDGE_CURVE('',#4812,#4810,#162,.T.);
#6167=EDGE_CURVE('',#4813,#4811,#163,.T.);
#6168=EDGE_CURVE('',#4813,#4814,#2828,.T.);
#6169=EDGE_CURVE('',#4814,#4812,#164,.T.);
#6170=EDGE_CURVE('',#4815,#4813,#165,.T.);
#6171=EDGE_CURVE('',#4815,#4816,#2829,.T.);
#6172=EDGE_CURVE('',#4816,#4814,#166,.T.);
#6173=EDGE_CURVE('',#4817,#4815,#167,.T.);
#6174=EDGE_CURVE('',#4817,#4818,#2830,.T.);
#6175=EDGE_CURVE('',#4818,#4816,#168,.T.);
#6176=EDGE_CURVE('',#4819,#4817,#2831,.T.);
#6177=EDGE_CURVE('',#4819,#4820,#2832,.T.);
#6178=EDGE_CURVE('',#4820,#4818,#2833,.T.);
#6179=EDGE_CURVE('',#4792,#4819,#169,.T.);
#6180=EDGE_CURVE('',#4794,#4820,#170,.T.);
#6181=EDGE_CURVE('',#4821,#4822,#171,.T.);
#6182=EDGE_CURVE('',#4821,#4823,#2834,.T.);
#6183=EDGE_CURVE('',#4823,#4824,#172,.T.);
#6184=EDGE_CURVE('',#4822,#4824,#2835,.T.);
#6185=EDGE_CURVE('',#4825,#4821,#173,.T.);
#6186=EDGE_CURVE('',#4825,#4826,#2836,.T.);
#6187=EDGE_CURVE('',#4826,#4823,#174,.T.);
#6188=EDGE_CURVE('',#4827,#4825,#175,.T.);
#6189=EDGE_CURVE('',#4827,#4828,#2837,.T.);
#6190=EDGE_CURVE('',#4828,#4826,#176,.T.);
#6191=EDGE_CURVE('',#4829,#4827,#177,.T.);
#6192=EDGE_CURVE('',#4829,#4830,#2838,.T.);
#6193=EDGE_CURVE('',#4830,#4828,#178,.T.);
#6194=EDGE_CURVE('',#4831,#4829,#179,.T.);
#6195=EDGE_CURVE('',#4831,#4832,#2839,.T.);
#6196=EDGE_CURVE('',#4832,#4830,#180,.T.);
#6197=EDGE_CURVE('',#4833,#4831,#181,.T.);
#6198=EDGE_CURVE('',#4833,#4834,#2840,.T.);
#6199=EDGE_CURVE('',#4834,#4832,#182,.T.);
#6200=EDGE_CURVE('',#4835,#4833,#183,.T.);
#6201=EDGE_CURVE('',#4835,#4836,#2841,.T.);
#6202=EDGE_CURVE('',#4836,#4834,#184,.T.);
#6203=EDGE_CURVE('',#4837,#4835,#185,.T.);
#6204=EDGE_CURVE('',#4837,#4838,#2842,.T.);
#6205=EDGE_CURVE('',#4838,#4836,#186,.T.);
#6206=EDGE_CURVE('',#4839,#4837,#187,.T.);
#6207=EDGE_CURVE('',#4839,#4840,#2843,.T.);
#6208=EDGE_CURVE('',#4840,#4838,#188,.T.);
#6209=EDGE_CURVE('',#4841,#4839,#2844,.T.);
#6210=EDGE_CURVE('',#4841,#4842,#2845,.T.);
#6211=EDGE_CURVE('',#4842,#4840,#2846,.T.);
#6212=EDGE_CURVE('',#4843,#4841,#189,.T.);
#6213=EDGE_CURVE('',#4843,#4844,#2847,.T.);
#6214=EDGE_CURVE('',#4844,#4842,#190,.T.);
#6215=EDGE_CURVE('',#4845,#4843,#191,.T.);
#6216=EDGE_CURVE('',#4845,#4846,#2848,.T.);
#6217=EDGE_CURVE('',#4846,#4844,#192,.T.);
#6218=EDGE_CURVE('',#4847,#4845,#193,.T.);
#6219=EDGE_CURVE('',#4847,#4848,#2849,.T.);
#6220=EDGE_CURVE('',#4848,#4846,#194,.T.);
#6221=EDGE_CURVE('',#4849,#4847,#195,.T.);
#6222=EDGE_CURVE('',#4849,#4850,#2850,.T.);
#6223=EDGE_CURVE('',#4850,#4848,#196,.T.);
#6224=EDGE_CURVE('',#4851,#4849,#197,.T.);
#6225=EDGE_CURVE('',#4851,#4852,#2851,.T.);
#6226=EDGE_CURVE('',#4852,#4850,#198,.T.);
#6227=EDGE_CURVE('',#4853,#4851,#199,.T.);
#6228=EDGE_CURVE('',#4853,#4854,#2852,.T.);
#6229=EDGE_CURVE('',#4854,#4852,#200,.T.);
#6230=EDGE_CURVE('',#4855,#4853,#201,.T.);
#6231=EDGE_CURVE('',#4855,#4856,#2853,.T.);
#6232=EDGE_CURVE('',#4856,#4854,#202,.T.);
#6233=EDGE_CURVE('',#4857,#4855,#203,.T.);
#6234=EDGE_CURVE('',#4857,#4858,#2854,.T.);
#6235=EDGE_CURVE('',#4858,#4856,#204,.T.);
#6236=EDGE_CURVE('',#4859,#4857,#205,.T.);
#6237=EDGE_CURVE('',#4859,#4860,#2855,.T.);
#6238=EDGE_CURVE('',#4860,#4858,#206,.T.);
#6239=EDGE_CURVE('',#4861,#4859,#207,.T.);
#6240=EDGE_CURVE('',#4861,#4862,#2856,.T.);
#6241=EDGE_CURVE('',#4862,#4860,#208,.T.);
#6242=EDGE_CURVE('',#4863,#4861,#2857,.T.);
#6243=EDGE_CURVE('',#4863,#4864,#2858,.T.);
#6244=EDGE_CURVE('',#4864,#4862,#2859,.T.);
#6245=EDGE_CURVE('',#4822,#4863,#209,.T.);
#6246=EDGE_CURVE('',#4824,#4864,#210,.T.);
#6247=EDGE_CURVE('',#4865,#4866,#2860,.T.);
#6248=EDGE_CURVE('',#4865,#4867,#2861,.T.);
#6249=EDGE_CURVE('',#4867,#4868,#2862,.T.);
#6250=EDGE_CURVE('',#4866,#4868,#2863,.T.);
#6251=EDGE_CURVE('',#4869,#4865,#211,.T.);
#6252=EDGE_CURVE('',#4869,#4870,#2864,.T.);
#6253=EDGE_CURVE('',#4870,#4867,#212,.T.);
#6254=EDGE_CURVE('',#4871,#4869,#213,.T.);
#6255=EDGE_CURVE('',#4871,#4872,#2865,.T.);
#6256=EDGE_CURVE('',#4872,#4870,#214,.T.);
#6257=EDGE_CURVE('',#4873,#4871,#215,.T.);
#6258=EDGE_CURVE('',#4873,#4874,#2866,.T.);
#6259=EDGE_CURVE('',#4874,#4872,#216,.T.);
#6260=EDGE_CURVE('',#4875,#4873,#217,.T.);
#6261=EDGE_CURVE('',#4875,#4876,#2867,.T.);
#6262=EDGE_CURVE('',#4876,#4874,#218,.T.);
#6263=EDGE_CURVE('',#4877,#4875,#219,.T.);
#6264=EDGE_CURVE('',#4877,#4878,#2868,.T.);
#6265=EDGE_CURVE('',#4878,#4876,#220,.T.);
#6266=EDGE_CURVE('',#4879,#4877,#2869,.T.);
#6267=EDGE_CURVE('',#4879,#4880,#2870,.T.);
#6268=EDGE_CURVE('',#4880,#4878,#2871,.T.);
#6269=EDGE_CURVE('',#4881,#4879,#2872,.T.);
#6270=EDGE_CURVE('',#4881,#4882,#2873,.T.);
#6271=EDGE_CURVE('',#4882,#4880,#2874,.T.);
#6272=EDGE_CURVE('',#4883,#4881,#2875,.T.);
#6273=EDGE_CURVE('',#4883,#4884,#2876,.T.);
#6274=EDGE_CURVE('',#4884,#4882,#2877,.T.);
#6275=EDGE_CURVE('',#4885,#4883,#221,.T.);
#6276=EDGE_CURVE('',#4885,#4886,#2878,.T.);
#6277=EDGE_CURVE('',#4886,#4884,#222,.T.);
#6278=EDGE_CURVE('',#4887,#4885,#223,.T.);
#6279=EDGE_CURVE('',#4887,#4888,#2879,.T.);
#6280=EDGE_CURVE('',#4888,#4886,#224,.T.);
#6281=EDGE_CURVE('',#4889,#4887,#225,.T.);
#6282=EDGE_CURVE('',#4889,#4890,#2880,.T.);
#6283=EDGE_CURVE('',#4890,#4888,#226,.T.);
#6284=EDGE_CURVE('',#4891,#4889,#227,.T.);
#6285=EDGE_CURVE('',#4891,#4892,#2881,.T.);
#6286=EDGE_CURVE('',#4892,#4890,#228,.T.);
#6287=EDGE_CURVE('',#4893,#4891,#229,.T.);
#6288=EDGE_CURVE('',#4893,#4894,#2882,.T.);
#6289=EDGE_CURVE('',#4894,#4892,#230,.T.);
#6290=EDGE_CURVE('',#4895,#4893,#2883,.T.);
#6291=EDGE_CURVE('',#4895,#4896,#2884,.T.);
#6292=EDGE_CURVE('',#4896,#4894,#2885,.T.);
#6293=EDGE_CURVE('',#4897,#4895,#2886,.T.);
#6294=EDGE_CURVE('',#4897,#4898,#2887,.T.);
#6295=EDGE_CURVE('',#4898,#4896,#2888,.T.);
#6296=EDGE_CURVE('',#4899,#4897,#2889,.T.);
#6297=EDGE_CURVE('',#4899,#4900,#2890,.T.);
#6298=EDGE_CURVE('',#4900,#4898,#2891,.T.);
#6299=EDGE_CURVE('',#4866,#4899,#2892,.T.);
#6300=EDGE_CURVE('',#4868,#4900,#2893,.T.);
#6301=EDGE_CURVE('',#4901,#4902,#2894,.T.);
#6302=EDGE_CURVE('',#4901,#4903,#2895,.T.);
#6303=EDGE_CURVE('',#4903,#4904,#2896,.T.);
#6304=EDGE_CURVE('',#4902,#4904,#2897,.T.);
#6305=EDGE_CURVE('',#4905,#4901,#2898,.T.);
#6306=EDGE_CURVE('',#4905,#4906,#2899,.T.);
#6307=EDGE_CURVE('',#4906,#4903,#2900,.T.);
#6308=EDGE_CURVE('',#4907,#4905,#2901,.T.);
#6309=EDGE_CURVE('',#4907,#4908,#2902,.T.);
#6310=EDGE_CURVE('',#4908,#4906,#2903,.T.);
#6311=EDGE_CURVE('',#4902,#4907,#2904,.T.);
#6312=EDGE_CURVE('',#4904,#4908,#2905,.T.);
#6313=EDGE_CURVE('',#4909,#4910,#2906,.T.);
#6314=EDGE_CURVE('',#4909,#4911,#2907,.T.);
#6315=EDGE_CURVE('',#4911,#4912,#2908,.T.);
#6316=EDGE_CURVE('',#4910,#4912,#2909,.T.);
#6317=EDGE_CURVE('',#4913,#4909,#2910,.T.);
#6318=EDGE_CURVE('',#4913,#4914,#2911,.T.);
#6319=EDGE_CURVE('',#4914,#4911,#2912,.T.);
#6320=EDGE_CURVE('',#4915,#4913,#2913,.T.);
#6321=EDGE_CURVE('',#4915,#4916,#2914,.T.);
#6322=EDGE_CURVE('',#4916,#4914,#2915,.T.);
#6323=EDGE_CURVE('',#4917,#4915,#2916,.T.);
#6324=EDGE_CURVE('',#4917,#4918,#2917,.T.);
#6325=EDGE_CURVE('',#4918,#4916,#2918,.T.);
#6326=EDGE_CURVE('',#4919,#4917,#2919,.T.);
#6327=EDGE_CURVE('',#4919,#4920,#2920,.T.);
#6328=EDGE_CURVE('',#4920,#4918,#2921,.T.);
#6329=EDGE_CURVE('',#4921,#4919,#2922,.T.);
#6330=EDGE_CURVE('',#4921,#4922,#2923,.T.);
#6331=EDGE_CURVE('',#4922,#4920,#2924,.T.);
#6332=EDGE_CURVE('',#4923,#4921,#2925,.T.);
#6333=EDGE_CURVE('',#4923,#4924,#2926,.T.);
#6334=EDGE_CURVE('',#4924,#4922,#2927,.T.);
#6335=EDGE_CURVE('',#4925,#4923,#2928,.T.);
#6336=EDGE_CURVE('',#4925,#4926,#2929,.T.);
#6337=EDGE_CURVE('',#4926,#4924,#2930,.T.);
#6338=EDGE_CURVE('',#4927,#4925,#2931,.T.);
#6339=EDGE_CURVE('',#4927,#4928,#2932,.T.);
#6340=EDGE_CURVE('',#4928,#4926,#2933,.T.);
#6341=EDGE_CURVE('',#4929,#4927,#2934,.T.);
#6342=EDGE_CURVE('',#4929,#4930,#2935,.T.);
#6343=EDGE_CURVE('',#4930,#4928,#2936,.T.);
#6344=EDGE_CURVE('',#4931,#4929,#2937,.T.);
#6345=EDGE_CURVE('',#4931,#4932,#2938,.T.);
#6346=EDGE_CURVE('',#4932,#4930,#2939,.T.);
#6347=EDGE_CURVE('',#4910,#4931,#2940,.T.);
#6348=EDGE_CURVE('',#4912,#4932,#2941,.T.);
#6349=EDGE_CURVE('',#4933,#4934,#2942,.T.);
#6350=EDGE_CURVE('',#4933,#4935,#2943,.T.);
#6351=EDGE_CURVE('',#4935,#4936,#2944,.T.);
#6352=EDGE_CURVE('',#4934,#4936,#2945,.T.);
#6353=EDGE_CURVE('',#4937,#4933,#2946,.T.);
#6354=EDGE_CURVE('',#4937,#4938,#2947,.T.);
#6355=EDGE_CURVE('',#4938,#4935,#2948,.T.);
#6356=EDGE_CURVE('',#4939,#4937,#2949,.T.);
#6357=EDGE_CURVE('',#4939,#4940,#2950,.T.);
#6358=EDGE_CURVE('',#4940,#4938,#2951,.T.);
#6359=EDGE_CURVE('',#4941,#4939,#2952,.T.);
#6360=EDGE_CURVE('',#4941,#4942,#2953,.T.);
#6361=EDGE_CURVE('',#4942,#4940,#2954,.T.);
#6362=EDGE_CURVE('',#4943,#4941,#2955,.T.);
#6363=EDGE_CURVE('',#4943,#4944,#2956,.T.);
#6364=EDGE_CURVE('',#4944,#4942,#2957,.T.);
#6365=EDGE_CURVE('',#4934,#4943,#2958,.T.);
#6366=EDGE_CURVE('',#4936,#4944,#2959,.T.);
#6367=EDGE_CURVE('',#4945,#4946,#1929,.T.);
#6368=EDGE_CURVE('',#4946,#4947,#2960,.T.);
#6369=EDGE_CURVE('',#4947,#4948,#1930,.T.);
#6370=EDGE_CURVE('',#4948,#4949,#2961,.T.);
#6371=EDGE_CURVE('',#4949,#4950,#1931,.T.);
#6372=EDGE_CURVE('',#4950,#4951,#2962,.T.);
#6373=EDGE_CURVE('',#4951,#4952,#1932,.T.);
#6374=EDGE_CURVE('',#4952,#4945,#2963,.T.);
#6375=EDGE_CURVE('',#4953,#4953,#1933,.T.);
#6376=EDGE_CURVE('',#4954,#4955,#2964,.T.);
#6377=EDGE_CURVE('',#4955,#4954,#1934,.T.);
#6378=EDGE_CURVE('',#4956,#4957,#1935,.T.);
#6379=EDGE_CURVE('',#4957,#4958,#1936,.T.);
#6380=EDGE_CURVE('',#4958,#4959,#1937,.T.);
#6381=EDGE_CURVE('',#4959,#4956,#1938,.T.);
#6382=EDGE_CURVE('',#4960,#4960,#1939,.T.);
#6383=EDGE_CURVE('',#4961,#4961,#1940,.T.);
#6384=EDGE_CURVE('',#4962,#4962,#1941,.T.);
#6385=EDGE_CURVE('',#4963,#4963,#1942,.T.);
#6386=EDGE_CURVE('',#4953,#4964,#2965,.T.);
#6387=EDGE_CURVE('',#4964,#4964,#1943,.T.);
#6388=EDGE_CURVE('',#4954,#4965,#2966,.T.);
#6389=EDGE_CURVE('',#4966,#4965,#2967,.T.);
#6390=EDGE_CURVE('',#4955,#4966,#2968,.T.);
#6391=EDGE_CURVE('',#4965,#4966,#1944,.T.);
#6392=EDGE_CURVE('',#4967,#4967,#1945,.T.);
#6393=EDGE_CURVE('',#4967,#4968,#2969,.T.);
#6394=EDGE_CURVE('',#4968,#4968,#1946,.T.);
#6395=EDGE_CURVE('',#4956,#4969,#2970,.T.);
#6396=EDGE_CURVE('',#4970,#4969,#1947,.T.);
#6397=EDGE_CURVE('',#4957,#4970,#2971,.T.);
#6398=EDGE_CURVE('',#4959,#4971,#2972,.T.);
#6399=EDGE_CURVE('',#4969,#4971,#1948,.T.);
#6400=EDGE_CURVE('',#4958,#4972,#2973,.T.);
#6401=EDGE_CURVE('',#4971,#4972,#1949,.T.);
#6402=EDGE_CURVE('',#4972,#4970,#1950,.T.);
#6403=EDGE_CURVE('',#4960,#4973,#2974,.T.);
#6404=EDGE_CURVE('',#4973,#4973,#1951,.T.);
#6405=EDGE_CURVE('',#4961,#4974,#2975,.T.);
#6406=EDGE_CURVE('',#4974,#4974,#1952,.T.);
#6407=EDGE_CURVE('',#4962,#4975,#2976,.T.);
#6408=EDGE_CURVE('',#4975,#4975,#1953,.T.);
#6409=EDGE_CURVE('',#4963,#4976,#2977,.T.);
#6410=EDGE_CURVE('',#4976,#4976,#1954,.T.);
#6411=EDGE_CURVE('',#4977,#4978,#2978,.T.);
#6412=EDGE_CURVE('',#4977,#4945,#2979,.T.);
#6413=EDGE_CURVE('',#4978,#4952,#2980,.T.);
#6414=EDGE_CURVE('',#4979,#4978,#1955,.T.);
#6415=EDGE_CURVE('',#4979,#4951,#2981,.T.);
#6416=EDGE_CURVE('',#4979,#4980,#2982,.T.);
#6417=EDGE_CURVE('',#4980,#4950,#2983,.T.);
#6418=EDGE_CURVE('',#4981,#4980,#1956,.T.);
#6419=EDGE_CURVE('',#4981,#4949,#2984,.T.);
#6420=EDGE_CURVE('',#4981,#4982,#2985,.T.);
#6421=EDGE_CURVE('',#4982,#4948,#2986,.T.);
#6422=EDGE_CURVE('',#4983,#4982,#1957,.T.);
#6423=EDGE_CURVE('',#4983,#4947,#2987,.T.);
#6424=EDGE_CURVE('',#4983,#4984,#2988,.T.);
#6425=EDGE_CURVE('',#4984,#4946,#2989,.T.);
#6426=EDGE_CURVE('',#4977,#4984,#1958,.T.);
#6427=EDGE_CURVE('',#4985,#4986,#2990,.T.);
#6428=EDGE_CURVE('',#4987,#4985,#2991,.T.);
#6429=EDGE_CURVE('',#4988,#4987,#2992,.T.);
#6430=EDGE_CURVE('',#4988,#4986,#2993,.T.);
#6431=EDGE_CURVE('',#4986,#4989,#2994,.T.);
#6432=EDGE_CURVE('',#4990,#4988,#2995,.T.);
#6433=EDGE_CURVE('',#4990,#4989,#2996,.T.);
#6434=EDGE_CURVE('',#4989,#4991,#2997,.T.);
#6435=EDGE_CURVE('',#4992,#4990,#2998,.T.);
#6436=EDGE_CURVE('',#4992,#4991,#2999,.T.);
#6437=EDGE_CURVE('',#4991,#4985,#3000,.T.);
#6438=EDGE_CURVE('',#4987,#4992,#3001,.T.);
#6439=EDGE_CURVE('',#4993,#4993,#1959,.T.);
#6440=EDGE_CURVE('',#4993,#4994,#3002,.T.);
#6441=EDGE_CURVE('',#4994,#4994,#1960,.T.);
#6442=EDGE_CURVE('',#4995,#4995,#1961,.T.);
#6443=EDGE_CURVE('',#4995,#4996,#3003,.T.);
#6444=EDGE_CURVE('',#4996,#4996,#1962,.T.);
#6445=EDGE_CURVE('',#4997,#4997,#1963,.T.);
#6446=EDGE_CURVE('',#4997,#4998,#3004,.T.);
#6447=EDGE_CURVE('',#4998,#4998,#1964,.T.);
#6448=EDGE_CURVE('',#4999,#4999,#1965,.T.);
#6449=EDGE_CURVE('',#4999,#5000,#3005,.T.);
#6450=EDGE_CURVE('',#5000,#5000,#1966,.T.);
#6451=EDGE_CURVE('',#5001,#5001,#1967,.T.);
#6452=EDGE_CURVE('',#5001,#5002,#3006,.T.);
#6453=EDGE_CURVE('',#5002,#5002,#1968,.T.);
#6454=EDGE_CURVE('',#5003,#5003,#1969,.T.);
#6455=EDGE_CURVE('',#5003,#5004,#3007,.T.);
#6456=EDGE_CURVE('',#5004,#5004,#1970,.T.);
#6457=EDGE_CURVE('',#5005,#5005,#1971,.T.);
#6458=EDGE_CURVE('',#5005,#5006,#3008,.T.);
#6459=EDGE_CURVE('',#5006,#5006,#1972,.T.);
#6460=EDGE_CURVE('',#5007,#5007,#1973,.T.);
#6461=EDGE_CURVE('',#5007,#5008,#3009,.T.);
#6462=EDGE_CURVE('',#5008,#5008,#1974,.T.);
#6463=EDGE_CURVE('',#5009,#5010,#3010,.T.);
#6464=EDGE_CURVE('',#5009,#5011,#3011,.T.);
#6465=EDGE_CURVE('',#5012,#5011,#3012,.T.);
#6466=EDGE_CURVE('',#5010,#5012,#3013,.T.);
#6467=EDGE_CURVE('',#5010,#5013,#1975,.T.);
#6468=EDGE_CURVE('',#5014,#5012,#1976,.T.);
#6469=EDGE_CURVE('',#5013,#5014,#3014,.T.);
#6470=EDGE_CURVE('',#5013,#5015,#3015,.T.);
#6471=EDGE_CURVE('',#5016,#5014,#3016,.T.);
#6472=EDGE_CURVE('',#5015,#5016,#3017,.T.);
#6473=EDGE_CURVE('',#5015,#5017,#1977,.T.);
#6474=EDGE_CURVE('',#5018,#5016,#1978,.T.);
#6475=EDGE_CURVE('',#5017,#5018,#3018,.T.);
#6476=EDGE_CURVE('',#5017,#5019,#3019,.T.);
#6477=EDGE_CURVE('',#5020,#5018,#3020,.T.);
#6478=EDGE_CURVE('',#5019,#5020,#3021,.T.);
#6479=EDGE_CURVE('',#5019,#5021,#1979,.T.);
#6480=EDGE_CURVE('',#5022,#5020,#1980,.T.);
#6481=EDGE_CURVE('',#5021,#5022,#3022,.T.);
#6482=EDGE_CURVE('',#5021,#5023,#3023,.T.);
#6483=EDGE_CURVE('',#5024,#5022,#3024,.T.);
#6484=EDGE_CURVE('',#5023,#5024,#3025,.T.);
#6485=EDGE_CURVE('',#5023,#5009,#1981,.T.);
#6486=EDGE_CURVE('',#5011,#5024,#1982,.T.);
#6487=EDGE_CURVE('',#5025,#5026,#1983,.T.);
#6488=EDGE_CURVE('',#5026,#5027,#3026,.T.);
#6489=EDGE_CURVE('',#5027,#5028,#1984,.T.);
#6490=EDGE_CURVE('',#5028,#5029,#3027,.T.);
#6491=EDGE_CURVE('',#5029,#5030,#1985,.T.);
#6492=EDGE_CURVE('',#5030,#5031,#3028,.T.);
#6493=EDGE_CURVE('',#5031,#5032,#1986,.T.);
#6494=EDGE_CURVE('',#5032,#5025,#3029,.T.);
#6495=EDGE_CURVE('',#5033,#5033,#1987,.T.);
#6496=EDGE_CURVE('',#5033,#5034,#3030,.T.);
#6497=EDGE_CURVE('',#5034,#5034,#1988,.T.);
#6498=EDGE_CURVE('',#5035,#5035,#1989,.T.);
#6499=EDGE_CURVE('',#5035,#5036,#3031,.T.);
#6500=EDGE_CURVE('',#5036,#5036,#1990,.T.);
#6501=EDGE_CURVE('',#5037,#5037,#1991,.T.);
#6502=EDGE_CURVE('',#5037,#5038,#3032,.T.);
#6503=EDGE_CURVE('',#5038,#5038,#1992,.T.);
#6504=EDGE_CURVE('',#5039,#5039,#1993,.T.);
#6505=EDGE_CURVE('',#5039,#5040,#3033,.T.);
#6506=EDGE_CURVE('',#5040,#5040,#1994,.T.);
#6507=EDGE_CURVE('',#5041,#5041,#1995,.T.);
#6508=EDGE_CURVE('',#5041,#5042,#3034,.T.);
#6509=EDGE_CURVE('',#5042,#5042,#1996,.T.);
#6510=EDGE_CURVE('',#5043,#5043,#1997,.T.);
#6511=EDGE_CURVE('',#5043,#5044,#3035,.T.);
#6512=EDGE_CURVE('',#5044,#5044,#1998,.T.);
#6513=EDGE_CURVE('',#5045,#5045,#1999,.T.);
#6514=EDGE_CURVE('',#5045,#5046,#3036,.T.);
#6515=EDGE_CURVE('',#5046,#5046,#2000,.T.);
#6516=EDGE_CURVE('',#5047,#5047,#2001,.T.);
#6517=EDGE_CURVE('',#5047,#5048,#3037,.T.);
#6518=EDGE_CURVE('',#5048,#5048,#2002,.T.);
#6519=EDGE_CURVE('',#5049,#5049,#2003,.T.);
#6520=EDGE_CURVE('',#5049,#5050,#3038,.T.);
#6521=EDGE_CURVE('',#5050,#5050,#2004,.T.);
#6522=EDGE_CURVE('',#5051,#5051,#2005,.T.);
#6523=EDGE_CURVE('',#5051,#5052,#3039,.T.);
#6524=EDGE_CURVE('',#5052,#5052,#2006,.T.);
#6525=EDGE_CURVE('',#5053,#5053,#2007,.T.);
#6526=EDGE_CURVE('',#5053,#5054,#3040,.T.);
#6527=EDGE_CURVE('',#5054,#5054,#2008,.T.);
#6528=EDGE_CURVE('',#5055,#5055,#2009,.T.);
#6529=EDGE_CURVE('',#5055,#5056,#3041,.T.);
#6530=EDGE_CURVE('',#5056,#5056,#2010,.T.);
#6531=EDGE_CURVE('',#5057,#5057,#2011,.T.);
#6532=EDGE_CURVE('',#5057,#5058,#3042,.T.);
#6533=EDGE_CURVE('',#5058,#5058,#2012,.T.);
#6534=EDGE_CURVE('',#5059,#5059,#2013,.T.);
#6535=EDGE_CURVE('',#5059,#5060,#3043,.T.);
#6536=EDGE_CURVE('',#5060,#5060,#2014,.T.);
#6537=EDGE_CURVE('',#5061,#5061,#2015,.T.);
#6538=EDGE_CURVE('',#5061,#5062,#3044,.T.);
#6539=EDGE_CURVE('',#5062,#5062,#2016,.T.);
#6540=EDGE_CURVE('',#5063,#5063,#2017,.T.);
#6541=EDGE_CURVE('',#5063,#5064,#3045,.T.);
#6542=EDGE_CURVE('',#5064,#5064,#2018,.T.);
#6543=EDGE_CURVE('',#5065,#5026,#3046,.T.);
#6544=EDGE_CURVE('',#5066,#5065,#3047,.T.);
#6545=EDGE_CURVE('',#5027,#5066,#3048,.T.);
#6546=EDGE_CURVE('',#5067,#5066,#2019,.T.);
#6547=EDGE_CURVE('',#5028,#5067,#3049,.T.);
#6548=EDGE_CURVE('',#5068,#5067,#3050,.T.);
#6549=EDGE_CURVE('',#5029,#5068,#3051,.T.);
#6550=EDGE_CURVE('',#5069,#5068,#2020,.T.);
#6551=EDGE_CURVE('',#5030,#5069,#3052,.T.);
#6552=EDGE_CURVE('',#5070,#5069,#3053,.T.);
#6553=EDGE_CURVE('',#5031,#5070,#3054,.T.);
#6554=EDGE_CURVE('',#5071,#5070,#2021,.T.);
#6555=EDGE_CURVE('',#5032,#5071,#3055,.T.);
#6556=EDGE_CURVE('',#5072,#5071,#3056,.T.);
#6557=EDGE_CURVE('',#5025,#5072,#3057,.T.);
#6558=EDGE_CURVE('',#5065,#5072,#2022,.T.);
#6559=ORIENTED_EDGE('',*,*,#5073,.T.);
#6560=ORIENTED_EDGE('',*,*,#5074,.T.);
#6561=ORIENTED_EDGE('',*,*,#5075,.T.);
#6562=ORIENTED_EDGE('',*,*,#5076,.F.);
#6563=ORIENTED_EDGE('',*,*,#5077,.F.);
#6564=ORIENTED_EDGE('',*,*,#5078,.T.);
#6565=ORIENTED_EDGE('',*,*,#5079,.F.);
#6566=ORIENTED_EDGE('',*,*,#5080,.F.);
#6567=ORIENTED_EDGE('',*,*,#5081,.T.);
#6568=ORIENTED_EDGE('',*,*,#5082,.F.);
#6569=ORIENTED_EDGE('',*,*,#5073,.F.);
#6570=ORIENTED_EDGE('',*,*,#5083,.T.);
#6571=ORIENTED_EDGE('',*,*,#5080,.T.);
#6572=ORIENTED_EDGE('',*,*,#5084,.T.);
#6573=ORIENTED_EDGE('',*,*,#5085,.F.);
#6574=ORIENTED_EDGE('',*,*,#5083,.F.);
#6575=ORIENTED_EDGE('',*,*,#5082,.T.);
#6576=ORIENTED_EDGE('',*,*,#5086,.T.);
#6577=ORIENTED_EDGE('',*,*,#5087,.F.);
#6578=ORIENTED_EDGE('',*,*,#5074,.F.);
#6579=ORIENTED_EDGE('',*,*,#5079,.T.);
#6580=ORIENTED_EDGE('',*,*,#5088,.T.);
#6581=ORIENTED_EDGE('',*,*,#5089,.F.);
#6582=ORIENTED_EDGE('',*,*,#5084,.F.);
#6583=ORIENTED_EDGE('',*,*,#5075,.F.);
#6584=ORIENTED_EDGE('',*,*,#5087,.T.);
#6585=ORIENTED_EDGE('',*,*,#5090,.T.);
#6586=ORIENTED_EDGE('',*,*,#5091,.F.);
#6587=ORIENTED_EDGE('',*,*,#5092,.T.);
#6588=ORIENTED_EDGE('',*,*,#5093,.T.);
#6589=ORIENTED_EDGE('',*,*,#5088,.F.);
#6590=ORIENTED_EDGE('',*,*,#5078,.F.);
#6591=ORIENTED_EDGE('',*,*,#5076,.T.);
#6592=ORIENTED_EDGE('',*,*,#5091,.T.);
#6593=ORIENTED_EDGE('',*,*,#5094,.F.);
#6594=ORIENTED_EDGE('',*,*,#5095,.F.);
#6595=ORIENTED_EDGE('',*,*,#5096,.F.);
#6596=ORIENTED_EDGE('',*,*,#5092,.F.);
#6597=ORIENTED_EDGE('',*,*,#5077,.T.);
#6598=ORIENTED_EDGE('',*,*,#5095,.T.);
#6599=ORIENTED_EDGE('',*,*,#5081,.F.);
#6600=ORIENTED_EDGE('',*,*,#5085,.T.);
#6601=ORIENTED_EDGE('',*,*,#5089,.T.);
#6602=ORIENTED_EDGE('',*,*,#5093,.F.);
#6603=ORIENTED_EDGE('',*,*,#5096,.T.);
#6604=ORIENTED_EDGE('',*,*,#5094,.T.);
#6605=ORIENTED_EDGE('',*,*,#5090,.F.);
#6606=ORIENTED_EDGE('',*,*,#5086,.F.);
#6607=ORIENTED_EDGE('',*,*,#5097,.F.);
#6608=ORIENTED_EDGE('',*,*,#5098,.T.);
#6609=ORIENTED_EDGE('',*,*,#5099,.T.);
#6610=ORIENTED_EDGE('',*,*,#5100,.T.);
#6611=ORIENTED_EDGE('',*,*,#5101,.F.);
#6612=ORIENTED_EDGE('',*,*,#5102,.F.);
#6613=ORIENTED_EDGE('',*,*,#5103,.T.);
#6614=ORIENTED_EDGE('',*,*,#5104,.F.);
#6615=ORIENTED_EDGE('',*,*,#5097,.T.);
#6616=ORIENTED_EDGE('',*,*,#5105,.T.);
#6617=ORIENTED_EDGE('',*,*,#5106,.F.);
#6618=ORIENTED_EDGE('',*,*,#5107,.F.);
#6619=ORIENTED_EDGE('',*,*,#5104,.T.);
#6620=ORIENTED_EDGE('',*,*,#5108,.T.);
#6621=ORIENTED_EDGE('',*,*,#5109,.F.);
#6622=ORIENTED_EDGE('',*,*,#5105,.F.);
#6623=ORIENTED_EDGE('',*,*,#5110,.T.);
#6624=ORIENTED_EDGE('',*,*,#5111,.T.);
#6625=ORIENTED_EDGE('',*,*,#5108,.F.);
#6626=ORIENTED_EDGE('',*,*,#5103,.F.);
#6627=ORIENTED_EDGE('',*,*,#5112,.F.);
#6628=ORIENTED_EDGE('',*,*,#5110,.F.);
#6629=ORIENTED_EDGE('',*,*,#5102,.T.);
#6630=ORIENTED_EDGE('',*,*,#5113,.T.);
#6631=ORIENTED_EDGE('',*,*,#5101,.T.);
#6632=ORIENTED_EDGE('',*,*,#5114,.T.);
#6633=ORIENTED_EDGE('',*,*,#5115,.F.);
#6634=ORIENTED_EDGE('',*,*,#5113,.F.);
#6635=ORIENTED_EDGE('',*,*,#5100,.F.);
#6636=ORIENTED_EDGE('',*,*,#5116,.T.);
#6637=ORIENTED_EDGE('',*,*,#5117,.T.);
#6638=ORIENTED_EDGE('',*,*,#5114,.F.);
#6639=ORIENTED_EDGE('',*,*,#5118,.T.);
#6640=ORIENTED_EDGE('',*,*,#5119,.T.);
#6641=ORIENTED_EDGE('',*,*,#5116,.F.);
#6642=ORIENTED_EDGE('',*,*,#5099,.F.);
#6643=ORIENTED_EDGE('',*,*,#5120,.T.);
#6644=ORIENTED_EDGE('',*,*,#5118,.F.);
#6645=ORIENTED_EDGE('',*,*,#5098,.F.);
#6646=ORIENTED_EDGE('',*,*,#5107,.T.);
#6647=ORIENTED_EDGE('',*,*,#5121,.T.);
#6648=ORIENTED_EDGE('',*,*,#5122,.T.);
#6649=ORIENTED_EDGE('',*,*,#5123,.T.);
#6650=ORIENTED_EDGE('',*,*,#5124,.F.);
#6651=ORIENTED_EDGE('',*,*,#5125,.F.);
#6652=ORIENTED_EDGE('',*,*,#5126,.T.);
#6653=ORIENTED_EDGE('',*,*,#5127,.F.);
#6654=ORIENTED_EDGE('',*,*,#5128,.F.);
#6655=ORIENTED_EDGE('',*,*,#5106,.T.);
#6656=ORIENTED_EDGE('',*,*,#5109,.T.);
#6657=ORIENTED_EDGE('',*,*,#5111,.F.);
#6658=ORIENTED_EDGE('',*,*,#5112,.T.);
#6659=ORIENTED_EDGE('',*,*,#5115,.T.);
#6660=ORIENTED_EDGE('',*,*,#5117,.F.);
#6661=ORIENTED_EDGE('',*,*,#5119,.F.);
#6662=ORIENTED_EDGE('',*,*,#5120,.F.);
#6663=ORIENTED_EDGE('',*,*,#5129,.T.);
#6664=ORIENTED_EDGE('',*,*,#5130,.F.);
#6665=ORIENTED_EDGE('',*,*,#5121,.F.);
#6666=ORIENTED_EDGE('',*,*,#5131,.T.);
#6667=ORIENTED_EDGE('',*,*,#5128,.T.);
#6668=ORIENTED_EDGE('',*,*,#5132,.T.);
#6669=ORIENTED_EDGE('',*,*,#5133,.F.);
#6670=ORIENTED_EDGE('',*,*,#5131,.F.);
#6671=ORIENTED_EDGE('',*,*,#5130,.T.);
#6672=ORIENTED_EDGE('',*,*,#5134,.T.);
#6673=ORIENTED_EDGE('',*,*,#5135,.F.);
#6674=ORIENTED_EDGE('',*,*,#5122,.F.);
#6675=ORIENTED_EDGE('',*,*,#5127,.T.);
#6676=ORIENTED_EDGE('',*,*,#5136,.T.);
#6677=ORIENTED_EDGE('',*,*,#5137,.F.);
#6678=ORIENTED_EDGE('',*,*,#5132,.F.);
#6679=ORIENTED_EDGE('',*,*,#5123,.F.);
#6680=ORIENTED_EDGE('',*,*,#5135,.T.);
#6681=ORIENTED_EDGE('',*,*,#5138,.T.);
#6682=ORIENTED_EDGE('',*,*,#5139,.F.);
#6683=ORIENTED_EDGE('',*,*,#5140,.T.);
#6684=ORIENTED_EDGE('',*,*,#5141,.T.);
#6685=ORIENTED_EDGE('',*,*,#5136,.F.);
#6686=ORIENTED_EDGE('',*,*,#5126,.F.);
#6687=ORIENTED_EDGE('',*,*,#5124,.T.);
#6688=ORIENTED_EDGE('',*,*,#5139,.T.);
#6689=ORIENTED_EDGE('',*,*,#5142,.F.);
#6690=ORIENTED_EDGE('',*,*,#5143,.F.);
#6691=ORIENTED_EDGE('',*,*,#5144,.F.);
#6692=ORIENTED_EDGE('',*,*,#5140,.F.);
#6693=ORIENTED_EDGE('',*,*,#5125,.T.);
#6694=ORIENTED_EDGE('',*,*,#5143,.T.);
#6695=ORIENTED_EDGE('',*,*,#5129,.F.);
#6696=ORIENTED_EDGE('',*,*,#5133,.T.);
#6697=ORIENTED_EDGE('',*,*,#5137,.T.);
#6698=ORIENTED_EDGE('',*,*,#5141,.F.);
#6699=ORIENTED_EDGE('',*,*,#5144,.T.);
#6700=ORIENTED_EDGE('',*,*,#5142,.T.);
#6701=ORIENTED_EDGE('',*,*,#5138,.F.);
#6702=ORIENTED_EDGE('',*,*,#5134,.F.);
#6703=ORIENTED_EDGE('',*,*,#5145,.F.);
#6704=ORIENTED_EDGE('',*,*,#5146,.T.);
#6705=ORIENTED_EDGE('',*,*,#5147,.T.);
#6706=ORIENTED_EDGE('',*,*,#5148,.F.);
#6707=ORIENTED_EDGE('',*,*,#5149,.F.);
#6708=ORIENTED_EDGE('',*,*,#5150,.F.);
#6709=ORIENTED_EDGE('',*,*,#5151,.F.);
#6710=ORIENTED_EDGE('',*,*,#5152,.F.);
#6711=ORIENTED_EDGE('',*,*,#5153,.T.);
#6712=ORIENTED_EDGE('',*,*,#5154,.T.);
#6713=ORIENTED_EDGE('',*,*,#5155,.F.);
#6714=ORIENTED_EDGE('',*,*,#5156,.T.);
#6715=ORIENTED_EDGE('',*,*,#5157,.T.);
#6716=ORIENTED_EDGE('',*,*,#5145,.T.);
#6717=ORIENTED_EDGE('',*,*,#5158,.T.);
#6718=ORIENTED_EDGE('',*,*,#5159,.F.);
#6719=ORIENTED_EDGE('',*,*,#5160,.F.);
#6720=ORIENTED_EDGE('',*,*,#5149,.T.);
#6721=ORIENTED_EDGE('',*,*,#5148,.T.);
#6722=ORIENTED_EDGE('',*,*,#5161,.F.);
#6723=ORIENTED_EDGE('',*,*,#5162,.F.);
#6724=ORIENTED_EDGE('',*,*,#5163,.F.);
#6725=ORIENTED_EDGE('',*,*,#5164,.T.);
#6726=ORIENTED_EDGE('',*,*,#5165,.T.);
#6727=ORIENTED_EDGE('',*,*,#5166,.F.);
#6728=ORIENTED_EDGE('',*,*,#5167,.T.);
#6729=ORIENTED_EDGE('',*,*,#5161,.T.);
#6730=ORIENTED_EDGE('',*,*,#5147,.F.);
#6731=ORIENTED_EDGE('',*,*,#5168,.T.);
#6732=ORIENTED_EDGE('',*,*,#5169,.F.);
#6733=ORIENTED_EDGE('',*,*,#5170,.T.);
#6734=ORIENTED_EDGE('',*,*,#5171,.T.);
#6735=ORIENTED_EDGE('',*,*,#5172,.F.);
#6736=ORIENTED_EDGE('',*,*,#5173,.F.);
#6737=ORIENTED_EDGE('',*,*,#5146,.F.);
#6738=ORIENTED_EDGE('',*,*,#5157,.F.);
#6739=ORIENTED_EDGE('',*,*,#5174,.T.);
#6740=ORIENTED_EDGE('',*,*,#5168,.F.);
#6741=ORIENTED_EDGE('',*,*,#5175,.F.);
#6742=ORIENTED_EDGE('',*,*,#5150,.T.);
#6743=ORIENTED_EDGE('',*,*,#5160,.T.);
#6744=ORIENTED_EDGE('',*,*,#5176,.F.);
#6745=ORIENTED_EDGE('',*,*,#5177,.F.);
#6746=ORIENTED_EDGE('',*,*,#5151,.T.);
#6747=ORIENTED_EDGE('',*,*,#5175,.T.);
#6748=ORIENTED_EDGE('',*,*,#5178,.F.);
#6749=ORIENTED_EDGE('',*,*,#5179,.F.);
#6750=ORIENTED_EDGE('',*,*,#5152,.T.);
#6751=ORIENTED_EDGE('',*,*,#5177,.T.);
#6752=ORIENTED_EDGE('',*,*,#5180,.F.);
#6753=ORIENTED_EDGE('',*,*,#5181,.T.);
#6754=ORIENTED_EDGE('',*,*,#5182,.F.);
#6755=ORIENTED_EDGE('',*,*,#5183,.F.);
#6756=ORIENTED_EDGE('',*,*,#5184,.F.);
#6757=ORIENTED_EDGE('',*,*,#5153,.F.);
#6758=ORIENTED_EDGE('',*,*,#5179,.T.);
#6759=ORIENTED_EDGE('',*,*,#5185,.F.);
#6760=ORIENTED_EDGE('',*,*,#5186,.F.);
#6761=ORIENTED_EDGE('',*,*,#5184,.T.);
#6762=ORIENTED_EDGE('',*,*,#5187,.F.);
#6763=ORIENTED_EDGE('',*,*,#5188,.F.);
#6764=ORIENTED_EDGE('',*,*,#5189,.F.);
#6765=ORIENTED_EDGE('',*,*,#5190,.T.);
#6766=ORIENTED_EDGE('',*,*,#5191,.F.);
#6767=ORIENTED_EDGE('',*,*,#5192,.T.);
#6768=ORIENTED_EDGE('',*,*,#5193,.T.);
#6769=ORIENTED_EDGE('',*,*,#5194,.T.);
#6770=ORIENTED_EDGE('',*,*,#5195,.T.);
#6771=ORIENTED_EDGE('',*,*,#5196,.T.);
#6772=ORIENTED_EDGE('',*,*,#5197,.T.);
#6773=ORIENTED_EDGE('',*,*,#5198,.F.);
#6774=ORIENTED_EDGE('',*,*,#5199,.F.);
#6775=ORIENTED_EDGE('',*,*,#5200,.F.);
#6776=ORIENTED_EDGE('',*,*,#5201,.F.);
#6777=ORIENTED_EDGE('',*,*,#5202,.F.);
#6778=ORIENTED_EDGE('',*,*,#5154,.F.);
#6779=ORIENTED_EDGE('',*,*,#5203,.F.);
#6780=ORIENTED_EDGE('',*,*,#5155,.T.);
#6781=ORIENTED_EDGE('',*,*,#5202,.T.);
#6782=ORIENTED_EDGE('',*,*,#5204,.T.);
#6783=ORIENTED_EDGE('',*,*,#5205,.F.);
#6784=ORIENTED_EDGE('',*,*,#5170,.F.);
#6785=ORIENTED_EDGE('',*,*,#5156,.F.);
#6786=ORIENTED_EDGE('',*,*,#5203,.T.);
#6787=ORIENTED_EDGE('',*,*,#5169,.T.);
#6788=ORIENTED_EDGE('',*,*,#5174,.F.);
#6789=ORIENTED_EDGE('',*,*,#5206,.T.);
#6790=ORIENTED_EDGE('',*,*,#5207,.F.);
#6791=ORIENTED_EDGE('',*,*,#5208,.F.);
#6792=ORIENTED_EDGE('',*,*,#5209,.T.);
#6793=ORIENTED_EDGE('',*,*,#5210,.T.);
#6794=ORIENTED_EDGE('',*,*,#5211,.F.);
#6795=ORIENTED_EDGE('',*,*,#5212,.F.);
#6796=ORIENTED_EDGE('',*,*,#5213,.T.);
#6797=ORIENTED_EDGE('',*,*,#5186,.T.);
#6798=ORIENTED_EDGE('',*,*,#5214,.F.);
#6799=ORIENTED_EDGE('',*,*,#5158,.F.);
#6800=ORIENTED_EDGE('',*,*,#5215,.T.);
#6801=ORIENTED_EDGE('',*,*,#5185,.T.);
#6802=ORIENTED_EDGE('',*,*,#5180,.T.);
#6803=ORIENTED_EDGE('',*,*,#5178,.T.);
#6804=ORIENTED_EDGE('',*,*,#5176,.T.);
#6805=ORIENTED_EDGE('',*,*,#5159,.T.);
#6806=ORIENTED_EDGE('',*,*,#5214,.T.);
#6807=ORIENTED_EDGE('',*,*,#5162,.T.);
#6808=ORIENTED_EDGE('',*,*,#5173,.T.);
#6809=ORIENTED_EDGE('',*,*,#5216,.F.);
#6810=ORIENTED_EDGE('',*,*,#5217,.T.);
#6811=ORIENTED_EDGE('',*,*,#5218,.F.);
#6812=ORIENTED_EDGE('',*,*,#5219,.F.);
#6813=ORIENTED_EDGE('',*,*,#5220,.F.);
#6814=ORIENTED_EDGE('',*,*,#5221,.F.);
#6815=ORIENTED_EDGE('',*,*,#5222,.T.);
#6816=ORIENTED_EDGE('',*,*,#5223,.F.);
#6817=ORIENTED_EDGE('',*,*,#5224,.F.);
#6818=ORIENTED_EDGE('',*,*,#5225,.F.);
#6819=ORIENTED_EDGE('',*,*,#5163,.T.);
#6820=ORIENTED_EDGE('',*,*,#5221,.T.);
#6821=ORIENTED_EDGE('',*,*,#5226,.F.);
#6822=ORIENTED_EDGE('',*,*,#5227,.F.);
#6823=ORIENTED_EDGE('',*,*,#5225,.T.);
#6824=ORIENTED_EDGE('',*,*,#5228,.T.);
#6825=ORIENTED_EDGE('',*,*,#5229,.T.);
#6826=ORIENTED_EDGE('',*,*,#5164,.F.);
#6827=ORIENTED_EDGE('',*,*,#5230,.T.);
#6828=ORIENTED_EDGE('',*,*,#5231,.T.);
#6829=ORIENTED_EDGE('',*,*,#5232,.T.);
#6830=ORIENTED_EDGE('',*,*,#5233,.T.);
#6831=ORIENTED_EDGE('',*,*,#5165,.F.);
#6832=ORIENTED_EDGE('',*,*,#5229,.F.);
#6833=ORIENTED_EDGE('',*,*,#5234,.T.);
#6834=ORIENTED_EDGE('',*,*,#5235,.F.);
#6835=ORIENTED_EDGE('',*,*,#5236,.F.);
#6836=ORIENTED_EDGE('',*,*,#5237,.F.);
#6837=ORIENTED_EDGE('',*,*,#5238,.F.);
#6838=ORIENTED_EDGE('',*,*,#5239,.T.);
#6839=ORIENTED_EDGE('',*,*,#5166,.T.);
#6840=ORIENTED_EDGE('',*,*,#5233,.F.);
#6841=ORIENTED_EDGE('',*,*,#5240,.F.);
#6842=ORIENTED_EDGE('',*,*,#5215,.F.);
#6843=ORIENTED_EDGE('',*,*,#5167,.F.);
#6844=ORIENTED_EDGE('',*,*,#5239,.F.);
#6845=ORIENTED_EDGE('',*,*,#5241,.F.);
#6846=ORIENTED_EDGE('',*,*,#5242,.F.);
#6847=ORIENTED_EDGE('',*,*,#5205,.T.);
#6848=ORIENTED_EDGE('',*,*,#5243,.T.);
#6849=ORIENTED_EDGE('',*,*,#5244,.T.);
#6850=ORIENTED_EDGE('',*,*,#5245,.T.);
#6851=ORIENTED_EDGE('',*,*,#5246,.T.);
#6852=ORIENTED_EDGE('',*,*,#5227,.T.);
#6853=ORIENTED_EDGE('',*,*,#5247,.F.);
#6854=ORIENTED_EDGE('',*,*,#5248,.F.);
#6855=ORIENTED_EDGE('',*,*,#5249,.F.);
#6856=ORIENTED_EDGE('',*,*,#5250,.F.);
#6857=ORIENTED_EDGE('',*,*,#5251,.F.);
#6858=ORIENTED_EDGE('',*,*,#5252,.T.);
#6859=ORIENTED_EDGE('',*,*,#5253,.T.);
#6860=ORIENTED_EDGE('',*,*,#5254,.T.);
#6861=ORIENTED_EDGE('',*,*,#5255,.F.);
#6862=ORIENTED_EDGE('',*,*,#5171,.F.);
#6863=ORIENTED_EDGE('',*,*,#5172,.T.);
#6864=ORIENTED_EDGE('',*,*,#5255,.T.);
#6865=ORIENTED_EDGE('',*,*,#5256,.T.);
#6866=ORIENTED_EDGE('',*,*,#5251,.T.);
#6867=ORIENTED_EDGE('',*,*,#5257,.T.);
#6868=ORIENTED_EDGE('',*,*,#5247,.T.);
#6869=ORIENTED_EDGE('',*,*,#5226,.T.);
#6870=ORIENTED_EDGE('',*,*,#5220,.T.);
#6871=ORIENTED_EDGE('',*,*,#5258,.F.);
#6872=ORIENTED_EDGE('',*,*,#5259,.F.);
#6873=ORIENTED_EDGE('',*,*,#5260,.F.);
#6874=ORIENTED_EDGE('',*,*,#5216,.T.);
#6875=ORIENTED_EDGE('',*,*,#5261,.T.);
#6876=ORIENTED_EDGE('',*,*,#5262,.T.);
#6877=ORIENTED_EDGE('',*,*,#5263,.F.);
#6878=ORIENTED_EDGE('',*,*,#5264,.T.);
#6879=ORIENTED_EDGE('',*,*,#5265,.T.);
#6880=ORIENTED_EDGE('',*,*,#5266,.T.);
#6881=ORIENTED_EDGE('',*,*,#5267,.F.);
#6882=ORIENTED_EDGE('',*,*,#5268,.T.);
#6883=ORIENTED_EDGE('',*,*,#5181,.F.);
#6884=ORIENTED_EDGE('',*,*,#5213,.F.);
#6885=ORIENTED_EDGE('',*,*,#5269,.F.);
#6886=ORIENTED_EDGE('',*,*,#5270,.F.);
#6887=ORIENTED_EDGE('',*,*,#5271,.F.);
#6888=ORIENTED_EDGE('',*,*,#5272,.F.);
#6889=ORIENTED_EDGE('',*,*,#5256,.F.);
#6890=ORIENTED_EDGE('',*,*,#5273,.T.);
#6891=ORIENTED_EDGE('',*,*,#5182,.T.);
#6892=ORIENTED_EDGE('',*,*,#5272,.T.);
#6893=ORIENTED_EDGE('',*,*,#5274,.T.);
#6894=ORIENTED_EDGE('',*,*,#5275,.T.);
#6895=ORIENTED_EDGE('',*,*,#5187,.T.);
#6896=ORIENTED_EDGE('',*,*,#5183,.T.);
#6897=ORIENTED_EDGE('',*,*,#5273,.F.);
#6898=ORIENTED_EDGE('',*,*,#5254,.F.);
#6899=ORIENTED_EDGE('',*,*,#5276,.F.);
#6900=ORIENTED_EDGE('',*,*,#5188,.T.);
#6901=ORIENTED_EDGE('',*,*,#5276,.T.);
#6902=ORIENTED_EDGE('',*,*,#5253,.F.);
#6903=ORIENTED_EDGE('',*,*,#5277,.F.);
#6904=ORIENTED_EDGE('',*,*,#5189,.T.);
#6905=ORIENTED_EDGE('',*,*,#5277,.T.);
#6906=ORIENTED_EDGE('',*,*,#5252,.F.);
#6907=ORIENTED_EDGE('',*,*,#5275,.F.);
#6908=ORIENTED_EDGE('',*,*,#5278,.F.);
#6909=ORIENTED_EDGE('',*,*,#5278,.T.);
#6910=ORIENTED_EDGE('',*,*,#5274,.F.);
#6911=ORIENTED_EDGE('',*,*,#5271,.T.);
#6912=ORIENTED_EDGE('',*,*,#5279,.T.);
#6913=ORIENTED_EDGE('',*,*,#5280,.F.);
#6914=ORIENTED_EDGE('',*,*,#5190,.F.);
#6915=ORIENTED_EDGE('',*,*,#5191,.T.);
#6916=ORIENTED_EDGE('',*,*,#5280,.T.);
#6917=ORIENTED_EDGE('',*,*,#5281,.T.);
#6918=ORIENTED_EDGE('',*,*,#5282,.T.);
#6919=ORIENTED_EDGE('',*,*,#5211,.T.);
#6920=ORIENTED_EDGE('',*,*,#5283,.T.);
#6921=ORIENTED_EDGE('',*,*,#5210,.F.);
#6922=ORIENTED_EDGE('',*,*,#5284,.T.);
#6923=ORIENTED_EDGE('',*,*,#5192,.F.);
#6924=ORIENTED_EDGE('',*,*,#5283,.F.);
#6925=ORIENTED_EDGE('',*,*,#5193,.F.);
#6926=ORIENTED_EDGE('',*,*,#5284,.F.);
#6927=ORIENTED_EDGE('',*,*,#5209,.F.);
#6928=ORIENTED_EDGE('',*,*,#5285,.F.);
#6929=ORIENTED_EDGE('',*,*,#5286,.F.);
#6930=ORIENTED_EDGE('',*,*,#5287,.F.);
#6931=ORIENTED_EDGE('',*,*,#5287,.T.);
#6932=ORIENTED_EDGE('',*,*,#5288,.T.);
#6933=ORIENTED_EDGE('',*,*,#5289,.F.);
#6934=ORIENTED_EDGE('',*,*,#5290,.T.);
#6935=ORIENTED_EDGE('',*,*,#5291,.F.);
#6936=ORIENTED_EDGE('',*,*,#5194,.F.);
#6937=ORIENTED_EDGE('',*,*,#5195,.F.);
#6938=ORIENTED_EDGE('',*,*,#5291,.T.);
#6939=ORIENTED_EDGE('',*,*,#5292,.T.);
#6940=ORIENTED_EDGE('',*,*,#5250,.T.);
#6941=ORIENTED_EDGE('',*,*,#5293,.F.);
#6942=ORIENTED_EDGE('',*,*,#5196,.F.);
#6943=ORIENTED_EDGE('',*,*,#5293,.T.);
#6944=ORIENTED_EDGE('',*,*,#5249,.T.);
#6945=ORIENTED_EDGE('',*,*,#5294,.F.);
#6946=ORIENTED_EDGE('',*,*,#5295,.F.);
#6947=ORIENTED_EDGE('',*,*,#5296,.F.);
#6948=ORIENTED_EDGE('',*,*,#5297,.F.);
#6949=ORIENTED_EDGE('',*,*,#5298,.F.);
#6950=ORIENTED_EDGE('',*,*,#5197,.F.);
#6951=ORIENTED_EDGE('',*,*,#5298,.T.);
#6952=ORIENTED_EDGE('',*,*,#5299,.T.);
#6953=ORIENTED_EDGE('',*,*,#5300,.F.);
#6954=ORIENTED_EDGE('',*,*,#5301,.F.);
#6955=ORIENTED_EDGE('',*,*,#5198,.T.);
#6956=ORIENTED_EDGE('',*,*,#5300,.T.);
#6957=ORIENTED_EDGE('',*,*,#5302,.T.);
#6958=ORIENTED_EDGE('',*,*,#5303,.T.);
#6959=ORIENTED_EDGE('',*,*,#5304,.T.);
#6960=ORIENTED_EDGE('',*,*,#5236,.T.);
#6961=ORIENTED_EDGE('',*,*,#5305,.F.);
#6962=ORIENTED_EDGE('',*,*,#5222,.F.);
#6963=ORIENTED_EDGE('',*,*,#5246,.F.);
#6964=ORIENTED_EDGE('',*,*,#5199,.T.);
#6965=ORIENTED_EDGE('',*,*,#5301,.T.);
#6966=ORIENTED_EDGE('',*,*,#5245,.F.);
#6967=ORIENTED_EDGE('',*,*,#5306,.F.);
#6968=ORIENTED_EDGE('',*,*,#5200,.T.);
#6969=ORIENTED_EDGE('',*,*,#5306,.T.);
#6970=ORIENTED_EDGE('',*,*,#5244,.F.);
#6971=ORIENTED_EDGE('',*,*,#5307,.F.);
#6972=ORIENTED_EDGE('',*,*,#5201,.T.);
#6973=ORIENTED_EDGE('',*,*,#5307,.T.);
#6974=ORIENTED_EDGE('',*,*,#5243,.F.);
#6975=ORIENTED_EDGE('',*,*,#5204,.F.);
#6976=ORIENTED_EDGE('',*,*,#5308,.F.);
#6977=ORIENTED_EDGE('',*,*,#5309,.T.);
#6978=ORIENTED_EDGE('',*,*,#5310,.T.);
#6979=ORIENTED_EDGE('',*,*,#5311,.F.);
#6980=ORIENTED_EDGE('',*,*,#5206,.F.);
#6981=ORIENTED_EDGE('',*,*,#5240,.T.);
#6982=ORIENTED_EDGE('',*,*,#5312,.T.);
#6983=ORIENTED_EDGE('',*,*,#5230,.F.);
#6984=ORIENTED_EDGE('',*,*,#5311,.T.);
#6985=ORIENTED_EDGE('',*,*,#5313,.F.);
#6986=ORIENTED_EDGE('',*,*,#5289,.T.);
#6987=ORIENTED_EDGE('',*,*,#5314,.T.);
#6988=ORIENTED_EDGE('',*,*,#5315,.T.);
#6989=ORIENTED_EDGE('',*,*,#5207,.T.);
#6990=ORIENTED_EDGE('',*,*,#5316,.F.);
#6991=ORIENTED_EDGE('',*,*,#5285,.T.);
#6992=ORIENTED_EDGE('',*,*,#5208,.T.);
#6993=ORIENTED_EDGE('',*,*,#5315,.F.);
#6994=ORIENTED_EDGE('',*,*,#5317,.F.);
#6995=ORIENTED_EDGE('',*,*,#5269,.T.);
#6996=ORIENTED_EDGE('',*,*,#5212,.T.);
#6997=ORIENTED_EDGE('',*,*,#5282,.F.);
#6998=ORIENTED_EDGE('',*,*,#5217,.F.);
#6999=ORIENTED_EDGE('',*,*,#5260,.T.);
#7000=ORIENTED_EDGE('',*,*,#5318,.T.);
#7001=ORIENTED_EDGE('',*,*,#5319,.F.);
#7002=ORIENTED_EDGE('',*,*,#5320,.T.);
#7003=ORIENTED_EDGE('',*,*,#5321,.T.);
#7004=ORIENTED_EDGE('',*,*,#5218,.T.);
#7005=ORIENTED_EDGE('',*,*,#5319,.T.);
#7006=ORIENTED_EDGE('',*,*,#5322,.F.);
#7007=ORIENTED_EDGE('',*,*,#5258,.T.);
#7008=ORIENTED_EDGE('',*,*,#5219,.T.);
#7009=ORIENTED_EDGE('',*,*,#5321,.F.);
#7010=ORIENTED_EDGE('',*,*,#5223,.T.);
#7011=ORIENTED_EDGE('',*,*,#5305,.T.);
#7012=ORIENTED_EDGE('',*,*,#5235,.T.);
#7013=ORIENTED_EDGE('',*,*,#5323,.F.);
#7014=ORIENTED_EDGE('',*,*,#5228,.F.);
#7015=ORIENTED_EDGE('',*,*,#5224,.T.);
#7016=ORIENTED_EDGE('',*,*,#5323,.T.);
#7017=ORIENTED_EDGE('',*,*,#5234,.F.);
#7018=ORIENTED_EDGE('',*,*,#5312,.F.);
#7019=ORIENTED_EDGE('',*,*,#5242,.T.);
#7020=ORIENTED_EDGE('',*,*,#5324,.T.);
#7021=ORIENTED_EDGE('',*,*,#5231,.F.);
#7022=ORIENTED_EDGE('',*,*,#5324,.F.);
#7023=ORIENTED_EDGE('',*,*,#5241,.T.);
#7024=ORIENTED_EDGE('',*,*,#5238,.T.);
#7025=ORIENTED_EDGE('',*,*,#5232,.F.);
#7026=ORIENTED_EDGE('',*,*,#5308,.T.);
#7027=ORIENTED_EDGE('',*,*,#5237,.T.);
#7028=ORIENTED_EDGE('',*,*,#5304,.F.);
#7029=ORIENTED_EDGE('',*,*,#5325,.F.);
#7030=ORIENTED_EDGE('',*,*,#5295,.T.);
#7031=ORIENTED_EDGE('',*,*,#5326,.T.);
#7032=ORIENTED_EDGE('',*,*,#5326,.F.);
#7033=ORIENTED_EDGE('',*,*,#5294,.T.);
#7034=ORIENTED_EDGE('',*,*,#5248,.T.);
#7035=ORIENTED_EDGE('',*,*,#5327,.T.);
#7036=ORIENTED_EDGE('',*,*,#5309,.F.);
#7037=ORIENTED_EDGE('',*,*,#5318,.F.);
#7038=ORIENTED_EDGE('',*,*,#5259,.T.);
#7039=ORIENTED_EDGE('',*,*,#5322,.T.);
#7040=ORIENTED_EDGE('',*,*,#5320,.F.);
#7041=ORIENTED_EDGE('',*,*,#5257,.F.);
#7042=ORIENTED_EDGE('',*,*,#5292,.F.);
#7043=ORIENTED_EDGE('',*,*,#5290,.F.);
#7044=ORIENTED_EDGE('',*,*,#5313,.T.);
#7045=ORIENTED_EDGE('',*,*,#5310,.F.);
#7046=ORIENTED_EDGE('',*,*,#5327,.F.);
#7047=ORIENTED_EDGE('',*,*,#5328,.F.);
#7048=ORIENTED_EDGE('',*,*,#5329,.F.);
#7049=ORIENTED_EDGE('',*,*,#5261,.F.);
#7050=ORIENTED_EDGE('',*,*,#5330,.F.);
#7051=ORIENTED_EDGE('',*,*,#5330,.T.);
#7052=ORIENTED_EDGE('',*,*,#5264,.F.);
#7053=ORIENTED_EDGE('',*,*,#5331,.F.);
#7054=ORIENTED_EDGE('',*,*,#5332,.F.);
#7055=ORIENTED_EDGE('',*,*,#5333,.T.);
#7056=ORIENTED_EDGE('',*,*,#5331,.T.);
#7057=ORIENTED_EDGE('',*,*,#5263,.T.);
#7058=ORIENTED_EDGE('',*,*,#5334,.T.);
#7059=ORIENTED_EDGE('',*,*,#5329,.T.);
#7060=ORIENTED_EDGE('',*,*,#5335,.T.);
#7061=ORIENTED_EDGE('',*,*,#5334,.F.);
#7062=ORIENTED_EDGE('',*,*,#5262,.F.);
#7063=ORIENTED_EDGE('',*,*,#5336,.F.);
#7064=ORIENTED_EDGE('',*,*,#5337,.F.);
#7065=ORIENTED_EDGE('',*,*,#5265,.F.);
#7066=ORIENTED_EDGE('',*,*,#5338,.F.);
#7067=ORIENTED_EDGE('',*,*,#5338,.T.);
#7068=ORIENTED_EDGE('',*,*,#5268,.F.);
#7069=ORIENTED_EDGE('',*,*,#5339,.F.);
#7070=ORIENTED_EDGE('',*,*,#5340,.F.);
#7071=ORIENTED_EDGE('',*,*,#5341,.T.);
#7072=ORIENTED_EDGE('',*,*,#5339,.T.);
#7073=ORIENTED_EDGE('',*,*,#5267,.T.);
#7074=ORIENTED_EDGE('',*,*,#5342,.T.);
#7075=ORIENTED_EDGE('',*,*,#5337,.T.);
#7076=ORIENTED_EDGE('',*,*,#5343,.T.);
#7077=ORIENTED_EDGE('',*,*,#5342,.F.);
#7078=ORIENTED_EDGE('',*,*,#5266,.F.);
#7079=ORIENTED_EDGE('',*,*,#5279,.F.);
#7080=ORIENTED_EDGE('',*,*,#5270,.T.);
#7081=ORIENTED_EDGE('',*,*,#5317,.T.);
#7082=ORIENTED_EDGE('',*,*,#5281,.F.);
#7083=ORIENTED_EDGE('',*,*,#5344,.F.);
#7084=ORIENTED_EDGE('',*,*,#5345,.F.);
#7085=ORIENTED_EDGE('',*,*,#5346,.T.);
#7086=ORIENTED_EDGE('',*,*,#5347,.F.);
#7087=ORIENTED_EDGE('',*,*,#5288,.F.);
#7088=ORIENTED_EDGE('',*,*,#5286,.T.);
#7089=ORIENTED_EDGE('',*,*,#5316,.T.);
#7090=ORIENTED_EDGE('',*,*,#5314,.F.);
#7091=ORIENTED_EDGE('',*,*,#5348,.F.);
#7092=ORIENTED_EDGE('',*,*,#5349,.F.);
#7093=ORIENTED_EDGE('',*,*,#5350,.T.);
#7094=ORIENTED_EDGE('',*,*,#5351,.F.);
#7095=ORIENTED_EDGE('',*,*,#5352,.F.);
#7096=ORIENTED_EDGE('',*,*,#5296,.T.);
#7097=ORIENTED_EDGE('',*,*,#5325,.T.);
#7098=ORIENTED_EDGE('',*,*,#5303,.F.);
#7099=ORIENTED_EDGE('',*,*,#5299,.F.);
#7100=ORIENTED_EDGE('',*,*,#5297,.T.);
#7101=ORIENTED_EDGE('',*,*,#5352,.T.);
#7102=ORIENTED_EDGE('',*,*,#5302,.F.);
#7103=ORIENTED_EDGE('',*,*,#5353,.F.);
#7104=ORIENTED_EDGE('',*,*,#5328,.T.);
#7105=ORIENTED_EDGE('',*,*,#5354,.F.);
#7106=ORIENTED_EDGE('',*,*,#5355,.F.);
#7107=ORIENTED_EDGE('',*,*,#5354,.T.);
#7108=ORIENTED_EDGE('',*,*,#5332,.T.);
#7109=ORIENTED_EDGE('',*,*,#5356,.T.);
#7110=ORIENTED_EDGE('',*,*,#5357,.F.);
#7111=ORIENTED_EDGE('',*,*,#5358,.T.);
#7112=ORIENTED_EDGE('',*,*,#5359,.T.);
#7113=ORIENTED_EDGE('',*,*,#5356,.F.);
#7114=ORIENTED_EDGE('',*,*,#5333,.F.);
#7115=ORIENTED_EDGE('',*,*,#5353,.T.);
#7116=ORIENTED_EDGE('',*,*,#5360,.T.);
#7117=ORIENTED_EDGE('',*,*,#5358,.F.);
#7118=ORIENTED_EDGE('',*,*,#5335,.F.);
#7119=ORIENTED_EDGE('',*,*,#5361,.F.);
#7120=ORIENTED_EDGE('',*,*,#5336,.T.);
#7121=ORIENTED_EDGE('',*,*,#5362,.F.);
#7122=ORIENTED_EDGE('',*,*,#5363,.F.);
#7123=ORIENTED_EDGE('',*,*,#5362,.T.);
#7124=ORIENTED_EDGE('',*,*,#5340,.T.);
#7125=ORIENTED_EDGE('',*,*,#5364,.T.);
#7126=ORIENTED_EDGE('',*,*,#5365,.F.);
#7127=ORIENTED_EDGE('',*,*,#5366,.T.);
#7128=ORIENTED_EDGE('',*,*,#5367,.T.);
#7129=ORIENTED_EDGE('',*,*,#5364,.F.);
#7130=ORIENTED_EDGE('',*,*,#5341,.F.);
#7131=ORIENTED_EDGE('',*,*,#5361,.T.);
#7132=ORIENTED_EDGE('',*,*,#5368,.T.);
#7133=ORIENTED_EDGE('',*,*,#5366,.F.);
#7134=ORIENTED_EDGE('',*,*,#5343,.F.);
#7135=ORIENTED_EDGE('',*,*,#5344,.T.);
#7136=ORIENTED_EDGE('',*,*,#5369,.F.);
#7137=ORIENTED_EDGE('',*,*,#5370,.T.);
#7138=ORIENTED_EDGE('',*,*,#5371,.F.);
#7139=ORIENTED_EDGE('',*,*,#5372,.F.);
#7140=ORIENTED_EDGE('',*,*,#5373,.F.);
#7141=ORIENTED_EDGE('',*,*,#5374,.F.);
#7142=ORIENTED_EDGE('',*,*,#5375,.F.);
#7143=ORIENTED_EDGE('',*,*,#5376,.F.);
#7144=ORIENTED_EDGE('',*,*,#5377,.F.);
#7145=ORIENTED_EDGE('',*,*,#5378,.F.);
#7146=ORIENTED_EDGE('',*,*,#5379,.F.);
#7147=ORIENTED_EDGE('',*,*,#5379,.T.);
#7148=ORIENTED_EDGE('',*,*,#5380,.T.);
#7149=ORIENTED_EDGE('',*,*,#5381,.F.);
#7150=ORIENTED_EDGE('',*,*,#5345,.T.);
#7151=ORIENTED_EDGE('',*,*,#5346,.F.);
#7152=ORIENTED_EDGE('',*,*,#5381,.T.);
#7153=ORIENTED_EDGE('',*,*,#5382,.T.);
#7154=ORIENTED_EDGE('',*,*,#5383,.T.);
#7155=ORIENTED_EDGE('',*,*,#5384,.T.);
#7156=ORIENTED_EDGE('',*,*,#5385,.T.);
#7157=ORIENTED_EDGE('',*,*,#5386,.T.);
#7158=ORIENTED_EDGE('',*,*,#5387,.T.);
#7159=ORIENTED_EDGE('',*,*,#5388,.T.);
#7160=ORIENTED_EDGE('',*,*,#5389,.T.);
#7161=ORIENTED_EDGE('',*,*,#5390,.F.);
#7162=ORIENTED_EDGE('',*,*,#5391,.T.);
#7163=ORIENTED_EDGE('',*,*,#5369,.T.);
#7164=ORIENTED_EDGE('',*,*,#5347,.T.);
#7165=ORIENTED_EDGE('',*,*,#5391,.F.);
#7166=ORIENTED_EDGE('',*,*,#5392,.F.);
#7167=ORIENTED_EDGE('',*,*,#5348,.T.);
#7168=ORIENTED_EDGE('',*,*,#5393,.F.);
#7169=ORIENTED_EDGE('',*,*,#5394,.T.);
#7170=ORIENTED_EDGE('',*,*,#5395,.F.);
#7171=ORIENTED_EDGE('',*,*,#5396,.F.);
#7172=ORIENTED_EDGE('',*,*,#5397,.F.);
#7173=ORIENTED_EDGE('',*,*,#5398,.F.);
#7174=ORIENTED_EDGE('',*,*,#5399,.F.);
#7175=ORIENTED_EDGE('',*,*,#5400,.F.);
#7176=ORIENTED_EDGE('',*,*,#5401,.F.);
#7177=ORIENTED_EDGE('',*,*,#5402,.F.);
#7178=ORIENTED_EDGE('',*,*,#5403,.F.);
#7179=ORIENTED_EDGE('',*,*,#5403,.T.);
#7180=ORIENTED_EDGE('',*,*,#5404,.T.);
#7181=ORIENTED_EDGE('',*,*,#5405,.F.);
#7182=ORIENTED_EDGE('',*,*,#5349,.T.);
#7183=ORIENTED_EDGE('',*,*,#5350,.F.);
#7184=ORIENTED_EDGE('',*,*,#5405,.T.);
#7185=ORIENTED_EDGE('',*,*,#5406,.T.);
#7186=ORIENTED_EDGE('',*,*,#5407,.T.);
#7187=ORIENTED_EDGE('',*,*,#5408,.T.);
#7188=ORIENTED_EDGE('',*,*,#5409,.T.);
#7189=ORIENTED_EDGE('',*,*,#5410,.T.);
#7190=ORIENTED_EDGE('',*,*,#5411,.T.);
#7191=ORIENTED_EDGE('',*,*,#5412,.T.);
#7192=ORIENTED_EDGE('',*,*,#5413,.T.);
#7193=ORIENTED_EDGE('',*,*,#5414,.F.);
#7194=ORIENTED_EDGE('',*,*,#5415,.T.);
#7195=ORIENTED_EDGE('',*,*,#5393,.T.);
#7196=ORIENTED_EDGE('',*,*,#5351,.T.);
#7197=ORIENTED_EDGE('',*,*,#5415,.F.);
#7198=ORIENTED_EDGE('',*,*,#5416,.F.);
#7199=ORIENTED_EDGE('',*,*,#5360,.F.);
#7200=ORIENTED_EDGE('',*,*,#5355,.T.);
#7201=ORIENTED_EDGE('',*,*,#5357,.T.);
#7202=ORIENTED_EDGE('',*,*,#5359,.F.);
#7203=ORIENTED_EDGE('',*,*,#5368,.F.);
#7204=ORIENTED_EDGE('',*,*,#5363,.T.);
#7205=ORIENTED_EDGE('',*,*,#5365,.T.);
#7206=ORIENTED_EDGE('',*,*,#5367,.F.);
#7207=ORIENTED_EDGE('',*,*,#5370,.F.);
#7208=ORIENTED_EDGE('',*,*,#5392,.T.);
#7209=ORIENTED_EDGE('',*,*,#5390,.T.);
#7210=ORIENTED_EDGE('',*,*,#5417,.F.);
#7211=ORIENTED_EDGE('',*,*,#5371,.T.);
#7212=ORIENTED_EDGE('',*,*,#5417,.T.);
#7213=ORIENTED_EDGE('',*,*,#5389,.F.);
#7214=ORIENTED_EDGE('',*,*,#5418,.F.);
#7215=ORIENTED_EDGE('',*,*,#5419,.F.);
#7216=ORIENTED_EDGE('',*,*,#5372,.T.);
#7217=ORIENTED_EDGE('',*,*,#5418,.T.);
#7218=ORIENTED_EDGE('',*,*,#5388,.F.);
#7219=ORIENTED_EDGE('',*,*,#5373,.T.);
#7220=ORIENTED_EDGE('',*,*,#5419,.T.);
#7221=ORIENTED_EDGE('',*,*,#5387,.F.);
#7222=ORIENTED_EDGE('',*,*,#5420,.F.);
#7223=ORIENTED_EDGE('',*,*,#5421,.F.);
#7224=ORIENTED_EDGE('',*,*,#5422,.T.);
#7225=ORIENTED_EDGE('',*,*,#5423,.F.);
#7226=ORIENTED_EDGE('',*,*,#5424,.F.);
#7227=ORIENTED_EDGE('',*,*,#5425,.T.);
#7228=ORIENTED_EDGE('',*,*,#5426,.T.);
#7229=ORIENTED_EDGE('',*,*,#5374,.T.);
#7230=ORIENTED_EDGE('',*,*,#5422,.F.);
#7231=ORIENTED_EDGE('',*,*,#5375,.T.);
#7232=ORIENTED_EDGE('',*,*,#5426,.F.);
#7233=ORIENTED_EDGE('',*,*,#5427,.T.);
#7234=ORIENTED_EDGE('',*,*,#5428,.T.);
#7235=ORIENTED_EDGE('',*,*,#5385,.F.);
#7236=ORIENTED_EDGE('',*,*,#5429,.F.);
#7237=ORIENTED_EDGE('',*,*,#5430,.F.);
#7238=ORIENTED_EDGE('',*,*,#5376,.T.);
#7239=ORIENTED_EDGE('',*,*,#5429,.T.);
#7240=ORIENTED_EDGE('',*,*,#5384,.F.);
#7241=ORIENTED_EDGE('',*,*,#5377,.T.);
#7242=ORIENTED_EDGE('',*,*,#5430,.T.);
#7243=ORIENTED_EDGE('',*,*,#5383,.F.);
#7244=ORIENTED_EDGE('',*,*,#5431,.F.);
#7245=ORIENTED_EDGE('',*,*,#5378,.T.);
#7246=ORIENTED_EDGE('',*,*,#5431,.T.);
#7247=ORIENTED_EDGE('',*,*,#5382,.F.);
#7248=ORIENTED_EDGE('',*,*,#5380,.F.);
#7249=ORIENTED_EDGE('',*,*,#5432,.T.);
#7250=ORIENTED_EDGE('',*,*,#5420,.T.);
#7251=ORIENTED_EDGE('',*,*,#5386,.F.);
#7252=ORIENTED_EDGE('',*,*,#5428,.F.);
#7253=ORIENTED_EDGE('',*,*,#5433,.F.);
#7254=ORIENTED_EDGE('',*,*,#5434,.T.);
#7255=ORIENTED_EDGE('',*,*,#5394,.F.);
#7256=ORIENTED_EDGE('',*,*,#5416,.T.);
#7257=ORIENTED_EDGE('',*,*,#5414,.T.);
#7258=ORIENTED_EDGE('',*,*,#5435,.F.);
#7259=ORIENTED_EDGE('',*,*,#5395,.T.);
#7260=ORIENTED_EDGE('',*,*,#5435,.T.);
#7261=ORIENTED_EDGE('',*,*,#5413,.F.);
#7262=ORIENTED_EDGE('',*,*,#5436,.F.);
#7263=ORIENTED_EDGE('',*,*,#5437,.F.);
#7264=ORIENTED_EDGE('',*,*,#5396,.T.);
#7265=ORIENTED_EDGE('',*,*,#5436,.T.);
#7266=ORIENTED_EDGE('',*,*,#5412,.F.);
#7267=ORIENTED_EDGE('',*,*,#5397,.T.);
#7268=ORIENTED_EDGE('',*,*,#5437,.T.);
#7269=ORIENTED_EDGE('',*,*,#5411,.F.);
#7270=ORIENTED_EDGE('',*,*,#5438,.F.);
#7271=ORIENTED_EDGE('',*,*,#5439,.F.);
#7272=ORIENTED_EDGE('',*,*,#5440,.T.);
#7273=ORIENTED_EDGE('',*,*,#5441,.F.);
#7274=ORIENTED_EDGE('',*,*,#5442,.F.);
#7275=ORIENTED_EDGE('',*,*,#5443,.T.);
#7276=ORIENTED_EDGE('',*,*,#5444,.T.);
#7277=ORIENTED_EDGE('',*,*,#5398,.T.);
#7278=ORIENTED_EDGE('',*,*,#5440,.F.);
#7279=ORIENTED_EDGE('',*,*,#5399,.T.);
#7280=ORIENTED_EDGE('',*,*,#5444,.F.);
#7281=ORIENTED_EDGE('',*,*,#5445,.T.);
#7282=ORIENTED_EDGE('',*,*,#5446,.T.);
#7283=ORIENTED_EDGE('',*,*,#5409,.F.);
#7284=ORIENTED_EDGE('',*,*,#5447,.F.);
#7285=ORIENTED_EDGE('',*,*,#5448,.F.);
#7286=ORIENTED_EDGE('',*,*,#5400,.T.);
#7287=ORIENTED_EDGE('',*,*,#5447,.T.);
#7288=ORIENTED_EDGE('',*,*,#5408,.F.);
#7289=ORIENTED_EDGE('',*,*,#5401,.T.);
#7290=ORIENTED_EDGE('',*,*,#5448,.T.);
#7291=ORIENTED_EDGE('',*,*,#5407,.F.);
#7292=ORIENTED_EDGE('',*,*,#5449,.F.);
#7293=ORIENTED_EDGE('',*,*,#5402,.T.);
#7294=ORIENTED_EDGE('',*,*,#5449,.T.);
#7295=ORIENTED_EDGE('',*,*,#5406,.F.);
#7296=ORIENTED_EDGE('',*,*,#5404,.F.);
#7297=ORIENTED_EDGE('',*,*,#5450,.T.);
#7298=ORIENTED_EDGE('',*,*,#5438,.T.);
#7299=ORIENTED_EDGE('',*,*,#5410,.F.);
#7300=ORIENTED_EDGE('',*,*,#5446,.F.);
#7301=ORIENTED_EDGE('',*,*,#5451,.F.);
#7302=ORIENTED_EDGE('',*,*,#5452,.T.);
#7303=ORIENTED_EDGE('',*,*,#5423,.T.);
#7304=ORIENTED_EDGE('',*,*,#5421,.T.);
#7305=ORIENTED_EDGE('',*,*,#5432,.F.);
#7306=ORIENTED_EDGE('',*,*,#5453,.F.);
#7307=ORIENTED_EDGE('',*,*,#5453,.T.);
#7308=ORIENTED_EDGE('',*,*,#5434,.F.);
#7309=ORIENTED_EDGE('',*,*,#5454,.F.);
#7310=ORIENTED_EDGE('',*,*,#5424,.T.);
#7311=ORIENTED_EDGE('',*,*,#5425,.F.);
#7312=ORIENTED_EDGE('',*,*,#5454,.T.);
#7313=ORIENTED_EDGE('',*,*,#5433,.T.);
#7314=ORIENTED_EDGE('',*,*,#5427,.F.);
#7315=ORIENTED_EDGE('',*,*,#5441,.T.);
#7316=ORIENTED_EDGE('',*,*,#5439,.T.);
#7317=ORIENTED_EDGE('',*,*,#5450,.F.);
#7318=ORIENTED_EDGE('',*,*,#5455,.F.);
#7319=ORIENTED_EDGE('',*,*,#5455,.T.);
#7320=ORIENTED_EDGE('',*,*,#5452,.F.);
#7321=ORIENTED_EDGE('',*,*,#5456,.F.);
#7322=ORIENTED_EDGE('',*,*,#5442,.T.);
#7323=ORIENTED_EDGE('',*,*,#5443,.F.);
#7324=ORIENTED_EDGE('',*,*,#5456,.T.);
#7325=ORIENTED_EDGE('',*,*,#5451,.T.);
#7326=ORIENTED_EDGE('',*,*,#5445,.F.);
#7327=ORIENTED_EDGE('',*,*,#5457,.F.);
#7328=ORIENTED_EDGE('',*,*,#5458,.F.);
#7329=ORIENTED_EDGE('',*,*,#5458,.T.);
#7330=ORIENTED_EDGE('',*,*,#5459,.F.);
#7331=ORIENTED_EDGE('',*,*,#5460,.T.);
#7332=ORIENTED_EDGE('',*,*,#5457,.T.);
#7333=ORIENTED_EDGE('',*,*,#5460,.F.);
#7334=ORIENTED_EDGE('',*,*,#5461,.T.);
#7335=ORIENTED_EDGE('',*,*,#5462,.F.);
#7336=ORIENTED_EDGE('',*,*,#5459,.T.);
#7337=ORIENTED_EDGE('',*,*,#5463,.T.);
#7338=ORIENTED_EDGE('',*,*,#5464,.T.);
#7339=ORIENTED_EDGE('',*,*,#5461,.F.);
#7340=ORIENTED_EDGE('',*,*,#5465,.F.);
#7341=ORIENTED_EDGE('',*,*,#5465,.T.);
#7342=ORIENTED_EDGE('',*,*,#5462,.T.);
#7343=ORIENTED_EDGE('',*,*,#5464,.F.);
#7344=ORIENTED_EDGE('',*,*,#5466,.F.);
#7345=ORIENTED_EDGE('',*,*,#5463,.F.);
#7346=ORIENTED_EDGE('',*,*,#5466,.T.);
#7347=ORIENTED_EDGE('',*,*,#5467,.T.);
#7348=ORIENTED_EDGE('',*,*,#5468,.T.);
#7349=ORIENTED_EDGE('',*,*,#5469,.T.);
#7350=ORIENTED_EDGE('',*,*,#5470,.T.);
#7351=ORIENTED_EDGE('',*,*,#5471,.T.);
#7352=ORIENTED_EDGE('',*,*,#5472,.T.);
#7353=ORIENTED_EDGE('',*,*,#5473,.T.);
#7354=ORIENTED_EDGE('',*,*,#5474,.T.);
#7355=ORIENTED_EDGE('',*,*,#5467,.F.);
#7356=ORIENTED_EDGE('',*,*,#5475,.T.);
#7357=ORIENTED_EDGE('',*,*,#5476,.F.);
#7358=ORIENTED_EDGE('',*,*,#5477,.F.);
#7359=ORIENTED_EDGE('',*,*,#5470,.F.);
#7360=ORIENTED_EDGE('',*,*,#5478,.T.);
#7361=ORIENTED_EDGE('',*,*,#5479,.F.);
#7362=ORIENTED_EDGE('',*,*,#5475,.F.);
#7363=ORIENTED_EDGE('',*,*,#5469,.F.);
#7364=ORIENTED_EDGE('',*,*,#5480,.T.);
#7365=ORIENTED_EDGE('',*,*,#5481,.F.);
#7366=ORIENTED_EDGE('',*,*,#5478,.F.);
#7367=ORIENTED_EDGE('',*,*,#5468,.F.);
#7368=ORIENTED_EDGE('',*,*,#5477,.T.);
#7369=ORIENTED_EDGE('',*,*,#5482,.F.);
#7370=ORIENTED_EDGE('',*,*,#5480,.F.);
#7371=ORIENTED_EDGE('',*,*,#5471,.F.);
#7372=ORIENTED_EDGE('',*,*,#5483,.T.);
#7373=ORIENTED_EDGE('',*,*,#5484,.F.);
#7374=ORIENTED_EDGE('',*,*,#5485,.F.);
#7375=ORIENTED_EDGE('',*,*,#5474,.F.);
#7376=ORIENTED_EDGE('',*,*,#5486,.T.);
#7377=ORIENTED_EDGE('',*,*,#5487,.F.);
#7378=ORIENTED_EDGE('',*,*,#5483,.F.);
#7379=ORIENTED_EDGE('',*,*,#5473,.F.);
#7380=ORIENTED_EDGE('',*,*,#5488,.T.);
#7381=ORIENTED_EDGE('',*,*,#5489,.F.);
#7382=ORIENTED_EDGE('',*,*,#5486,.F.);
#7383=ORIENTED_EDGE('',*,*,#5472,.F.);
#7384=ORIENTED_EDGE('',*,*,#5485,.T.);
#7385=ORIENTED_EDGE('',*,*,#5490,.F.);
#7386=ORIENTED_EDGE('',*,*,#5488,.F.);
#7387=ORIENTED_EDGE('',*,*,#5481,.T.);
#7388=ORIENTED_EDGE('',*,*,#5482,.T.);
#7389=ORIENTED_EDGE('',*,*,#5476,.T.);
#7390=ORIENTED_EDGE('',*,*,#5479,.T.);
#7391=ORIENTED_EDGE('',*,*,#5487,.T.);
#7392=ORIENTED_EDGE('',*,*,#5489,.T.);
#7393=ORIENTED_EDGE('',*,*,#5490,.T.);
#7394=ORIENTED_EDGE('',*,*,#5484,.T.);
#7395=ORIENTED_EDGE('',*,*,#5491,.T.);
#7396=ORIENTED_EDGE('',*,*,#5492,.F.);
#7397=ORIENTED_EDGE('',*,*,#5493,.T.);
#7398=ORIENTED_EDGE('',*,*,#5491,.F.);
#7399=ORIENTED_EDGE('',*,*,#5493,.F.);
#7400=ORIENTED_EDGE('',*,*,#5494,.T.);
#7401=ORIENTED_EDGE('',*,*,#5495,.T.);
#7402=ORIENTED_EDGE('',*,*,#5496,.T.);
#7403=ORIENTED_EDGE('',*,*,#5497,.T.);
#7404=ORIENTED_EDGE('',*,*,#5498,.T.);
#7405=ORIENTED_EDGE('',*,*,#5499,.T.);
#7406=ORIENTED_EDGE('',*,*,#5500,.T.);
#7407=ORIENTED_EDGE('',*,*,#5501,.F.);
#7408=ORIENTED_EDGE('',*,*,#5502,.T.);
#7409=ORIENTED_EDGE('',*,*,#5503,.T.);
#7410=ORIENTED_EDGE('',*,*,#5504,.T.);
#7411=ORIENTED_EDGE('',*,*,#5505,.T.);
#7412=ORIENTED_EDGE('',*,*,#5492,.T.);
#7413=ORIENTED_EDGE('',*,*,#5506,.T.);
#7414=ORIENTED_EDGE('',*,*,#5507,.T.);
#7415=ORIENTED_EDGE('',*,*,#5494,.F.);
#7416=ORIENTED_EDGE('',*,*,#5508,.F.);
#7417=ORIENTED_EDGE('',*,*,#5508,.T.);
#7418=ORIENTED_EDGE('',*,*,#5501,.T.);
#7419=ORIENTED_EDGE('',*,*,#5509,.F.);
#7420=ORIENTED_EDGE('',*,*,#5510,.F.);
#7421=ORIENTED_EDGE('',*,*,#5511,.T.);
#7422=ORIENTED_EDGE('',*,*,#5512,.T.);
#7423=ORIENTED_EDGE('',*,*,#5495,.F.);
#7424=ORIENTED_EDGE('',*,*,#5507,.F.);
#7425=ORIENTED_EDGE('',*,*,#5513,.T.);
#7426=ORIENTED_EDGE('',*,*,#5509,.T.);
#7427=ORIENTED_EDGE('',*,*,#5500,.F.);
#7428=ORIENTED_EDGE('',*,*,#5514,.F.);
#7429=ORIENTED_EDGE('',*,*,#5515,.T.);
#7430=ORIENTED_EDGE('',*,*,#5516,.T.);
#7431=ORIENTED_EDGE('',*,*,#5496,.F.);
#7432=ORIENTED_EDGE('',*,*,#5512,.F.);
#7433=ORIENTED_EDGE('',*,*,#5517,.T.);
#7434=ORIENTED_EDGE('',*,*,#5514,.T.);
#7435=ORIENTED_EDGE('',*,*,#5499,.F.);
#7436=ORIENTED_EDGE('',*,*,#5518,.F.);
#7437=ORIENTED_EDGE('',*,*,#5519,.T.);
#7438=ORIENTED_EDGE('',*,*,#5520,.T.);
#7439=ORIENTED_EDGE('',*,*,#5497,.F.);
#7440=ORIENTED_EDGE('',*,*,#5516,.F.);
#7441=ORIENTED_EDGE('',*,*,#5521,.T.);
#7442=ORIENTED_EDGE('',*,*,#5518,.T.);
#7443=ORIENTED_EDGE('',*,*,#5498,.F.);
#7444=ORIENTED_EDGE('',*,*,#5520,.F.);
#7445=ORIENTED_EDGE('',*,*,#5502,.F.);
#7446=ORIENTED_EDGE('',*,*,#5522,.T.);
#7447=ORIENTED_EDGE('',*,*,#5523,.F.);
#7448=ORIENTED_EDGE('',*,*,#5522,.F.);
#7449=ORIENTED_EDGE('',*,*,#5503,.F.);
#7450=ORIENTED_EDGE('',*,*,#5524,.T.);
#7451=ORIENTED_EDGE('',*,*,#5525,.F.);
#7452=ORIENTED_EDGE('',*,*,#5524,.F.);
#7453=ORIENTED_EDGE('',*,*,#5504,.F.);
#7454=ORIENTED_EDGE('',*,*,#5526,.T.);
#7455=ORIENTED_EDGE('',*,*,#5527,.F.);
#7456=ORIENTED_EDGE('',*,*,#5526,.F.);
#7457=ORIENTED_EDGE('',*,*,#5505,.F.);
#7458=ORIENTED_EDGE('',*,*,#5528,.T.);
#7459=ORIENTED_EDGE('',*,*,#5529,.F.);
#7460=ORIENTED_EDGE('',*,*,#5528,.F.);
#7461=ORIENTED_EDGE('',*,*,#5530,.T.);
#7462=ORIENTED_EDGE('',*,*,#5531,.T.);
#7463=ORIENTED_EDGE('',*,*,#5506,.F.);
#7464=ORIENTED_EDGE('',*,*,#5532,.F.);
#7465=ORIENTED_EDGE('',*,*,#5532,.T.);
#7466=ORIENTED_EDGE('',*,*,#5510,.T.);
#7467=ORIENTED_EDGE('',*,*,#5533,.F.);
#7468=ORIENTED_EDGE('',*,*,#5534,.F.);
#7469=ORIENTED_EDGE('',*,*,#5535,.T.);
#7470=ORIENTED_EDGE('',*,*,#5536,.T.);
#7471=ORIENTED_EDGE('',*,*,#5511,.F.);
#7472=ORIENTED_EDGE('',*,*,#5531,.F.);
#7473=ORIENTED_EDGE('',*,*,#5537,.T.);
#7474=ORIENTED_EDGE('',*,*,#5538,.F.);
#7475=ORIENTED_EDGE('',*,*,#5539,.F.);
#7476=ORIENTED_EDGE('',*,*,#5540,.T.);
#7477=ORIENTED_EDGE('',*,*,#5541,.T.);
#7478=ORIENTED_EDGE('',*,*,#5542,.F.);
#7479=ORIENTED_EDGE('',*,*,#5543,.F.);
#7480=ORIENTED_EDGE('',*,*,#5544,.T.);
#7481=ORIENTED_EDGE('',*,*,#5545,.T.);
#7482=ORIENTED_EDGE('',*,*,#5533,.T.);
#7483=ORIENTED_EDGE('',*,*,#5513,.F.);
#7484=ORIENTED_EDGE('',*,*,#5546,.F.);
#7485=ORIENTED_EDGE('',*,*,#5547,.T.);
#7486=ORIENTED_EDGE('',*,*,#5548,.F.);
#7487=ORIENTED_EDGE('',*,*,#5549,.T.);
#7488=ORIENTED_EDGE('',*,*,#5550,.T.);
#7489=ORIENTED_EDGE('',*,*,#5551,.T.);
#7490=ORIENTED_EDGE('',*,*,#5552,.F.);
#7491=ORIENTED_EDGE('',*,*,#5553,.T.);
#7492=ORIENTED_EDGE('',*,*,#5554,.T.);
#7493=ORIENTED_EDGE('',*,*,#5555,.T.);
#7494=ORIENTED_EDGE('',*,*,#5556,.T.);
#7495=ORIENTED_EDGE('',*,*,#5515,.F.);
#7496=ORIENTED_EDGE('',*,*,#5536,.F.);
#7497=ORIENTED_EDGE('',*,*,#5557,.T.);
#7498=ORIENTED_EDGE('',*,*,#5546,.T.);
#7499=ORIENTED_EDGE('',*,*,#5517,.F.);
#7500=ORIENTED_EDGE('',*,*,#5558,.F.);
#7501=ORIENTED_EDGE('',*,*,#5559,.T.);
#7502=ORIENTED_EDGE('',*,*,#5560,.T.);
#7503=ORIENTED_EDGE('',*,*,#5519,.F.);
#7504=ORIENTED_EDGE('',*,*,#5556,.F.);
#7505=ORIENTED_EDGE('',*,*,#5561,.T.);
#7506=ORIENTED_EDGE('',*,*,#5558,.T.);
#7507=ORIENTED_EDGE('',*,*,#5521,.F.);
#7508=ORIENTED_EDGE('',*,*,#5560,.F.);
#7509=ORIENTED_EDGE('',*,*,#5523,.T.);
#7510=ORIENTED_EDGE('',*,*,#5525,.T.);
#7511=ORIENTED_EDGE('',*,*,#5562,.T.);
#7512=ORIENTED_EDGE('',*,*,#5563,.F.);
#7513=ORIENTED_EDGE('',*,*,#5562,.F.);
#7514=ORIENTED_EDGE('',*,*,#5527,.T.);
#7515=ORIENTED_EDGE('',*,*,#5529,.T.);
#7516=ORIENTED_EDGE('',*,*,#5530,.F.);
#7517=ORIENTED_EDGE('',*,*,#5534,.T.);
#7518=ORIENTED_EDGE('',*,*,#5545,.F.);
#7519=ORIENTED_EDGE('',*,*,#5564,.F.);
#7520=ORIENTED_EDGE('',*,*,#5541,.F.);
#7521=ORIENTED_EDGE('',*,*,#5565,.F.);
#7522=ORIENTED_EDGE('',*,*,#5537,.F.);
#7523=ORIENTED_EDGE('',*,*,#5557,.F.);
#7524=ORIENTED_EDGE('',*,*,#5561,.F.);
#7525=ORIENTED_EDGE('',*,*,#5559,.F.);
#7526=ORIENTED_EDGE('',*,*,#5555,.F.);
#7527=ORIENTED_EDGE('',*,*,#5566,.F.);
#7528=ORIENTED_EDGE('',*,*,#5551,.F.);
#7529=ORIENTED_EDGE('',*,*,#5567,.F.);
#7530=ORIENTED_EDGE('',*,*,#5547,.F.);
#7531=ORIENTED_EDGE('',*,*,#5535,.F.);
#7532=ORIENTED_EDGE('',*,*,#5568,.F.);
#7533=ORIENTED_EDGE('',*,*,#5569,.T.);
#7534=ORIENTED_EDGE('',*,*,#5570,.T.);
#7535=ORIENTED_EDGE('',*,*,#5571,.T.);
#7536=ORIENTED_EDGE('',*,*,#5572,.T.);
#7537=ORIENTED_EDGE('',*,*,#5538,.T.);
#7538=ORIENTED_EDGE('',*,*,#5573,.T.);
#7539=ORIENTED_EDGE('',*,*,#5574,.T.);
#7540=ORIENTED_EDGE('',*,*,#5575,.F.);
#7541=ORIENTED_EDGE('',*,*,#5576,.T.);
#7542=ORIENTED_EDGE('',*,*,#5577,.F.);
#7543=ORIENTED_EDGE('',*,*,#5578,.T.);
#7544=ORIENTED_EDGE('',*,*,#5579,.T.);
#7545=ORIENTED_EDGE('',*,*,#5580,.T.);
#7546=ORIENTED_EDGE('',*,*,#5581,.T.);
#7547=ORIENTED_EDGE('',*,*,#5582,.T.);
#7548=ORIENTED_EDGE('',*,*,#5583,.F.);
#7549=ORIENTED_EDGE('',*,*,#5584,.F.);
#7550=ORIENTED_EDGE('',*,*,#5585,.T.);
#7551=ORIENTED_EDGE('',*,*,#5539,.T.);
#7552=ORIENTED_EDGE('',*,*,#5572,.F.);
#7553=ORIENTED_EDGE('',*,*,#5586,.F.);
#7554=ORIENTED_EDGE('',*,*,#5587,.T.);
#7555=ORIENTED_EDGE('',*,*,#5588,.T.);
#7556=ORIENTED_EDGE('',*,*,#5589,.T.);
#7557=ORIENTED_EDGE('',*,*,#5590,.F.);
#7558=ORIENTED_EDGE('',*,*,#5591,.F.);
#7559=ORIENTED_EDGE('',*,*,#5592,.F.);
#7560=ORIENTED_EDGE('',*,*,#5593,.F.);
#7561=ORIENTED_EDGE('',*,*,#5594,.F.);
#7562=ORIENTED_EDGE('',*,*,#5595,.T.);
#7563=ORIENTED_EDGE('',*,*,#5596,.F.);
#7564=ORIENTED_EDGE('',*,*,#5597,.T.);
#7565=ORIENTED_EDGE('',*,*,#5598,.F.);
#7566=ORIENTED_EDGE('',*,*,#5599,.F.);
#7567=ORIENTED_EDGE('',*,*,#5540,.F.);
#7568=ORIENTED_EDGE('',*,*,#5585,.F.);
#7569=ORIENTED_EDGE('',*,*,#5600,.F.);
#7570=ORIENTED_EDGE('',*,*,#5601,.F.);
#7571=ORIENTED_EDGE('',*,*,#5602,.F.);
#7572=ORIENTED_EDGE('',*,*,#5603,.T.);
#7573=ORIENTED_EDGE('',*,*,#5604,.T.);
#7574=ORIENTED_EDGE('',*,*,#5605,.T.);
#7575=ORIENTED_EDGE('',*,*,#5606,.F.);
#7576=ORIENTED_EDGE('',*,*,#5607,.F.);
#7577=ORIENTED_EDGE('',*,*,#5608,.F.);
#7578=ORIENTED_EDGE('',*,*,#5609,.F.);
#7579=ORIENTED_EDGE('',*,*,#5610,.F.);
#7580=ORIENTED_EDGE('',*,*,#5611,.T.);
#7581=ORIENTED_EDGE('',*,*,#5612,.F.);
#7582=ORIENTED_EDGE('',*,*,#5613,.T.);
#7583=ORIENTED_EDGE('',*,*,#5614,.F.);
#7584=ORIENTED_EDGE('',*,*,#5615,.F.);
#7585=ORIENTED_EDGE('',*,*,#5544,.F.);
#7586=ORIENTED_EDGE('',*,*,#5616,.F.);
#7587=ORIENTED_EDGE('',*,*,#5617,.F.);
#7588=ORIENTED_EDGE('',*,*,#5618,.F.);
#7589=ORIENTED_EDGE('',*,*,#5619,.F.);
#7590=ORIENTED_EDGE('',*,*,#5620,.F.);
#7591=ORIENTED_EDGE('',*,*,#5621,.T.);
#7592=ORIENTED_EDGE('',*,*,#5622,.T.);
#7593=ORIENTED_EDGE('',*,*,#5623,.T.);
#7594=ORIENTED_EDGE('',*,*,#5624,.T.);
#7595=ORIENTED_EDGE('',*,*,#5542,.T.);
#7596=ORIENTED_EDGE('',*,*,#5625,.T.);
#7597=ORIENTED_EDGE('',*,*,#5626,.T.);
#7598=ORIENTED_EDGE('',*,*,#5627,.F.);
#7599=ORIENTED_EDGE('',*,*,#5628,.T.);
#7600=ORIENTED_EDGE('',*,*,#5629,.F.);
#7601=ORIENTED_EDGE('',*,*,#5630,.T.);
#7602=ORIENTED_EDGE('',*,*,#5631,.T.);
#7603=ORIENTED_EDGE('',*,*,#5632,.T.);
#7604=ORIENTED_EDGE('',*,*,#5633,.T.);
#7605=ORIENTED_EDGE('',*,*,#5634,.T.);
#7606=ORIENTED_EDGE('',*,*,#5635,.F.);
#7607=ORIENTED_EDGE('',*,*,#5636,.F.);
#7608=ORIENTED_EDGE('',*,*,#5616,.T.);
#7609=ORIENTED_EDGE('',*,*,#5543,.T.);
#7610=ORIENTED_EDGE('',*,*,#5624,.F.);
#7611=ORIENTED_EDGE('',*,*,#5637,.F.);
#7612=ORIENTED_EDGE('',*,*,#5638,.F.);
#7613=ORIENTED_EDGE('',*,*,#5639,.T.);
#7614=ORIENTED_EDGE('',*,*,#5640,.T.);
#7615=ORIENTED_EDGE('',*,*,#5641,.T.);
#7616=ORIENTED_EDGE('',*,*,#5642,.T.);
#7617=ORIENTED_EDGE('',*,*,#5548,.T.);
#7618=ORIENTED_EDGE('',*,*,#5643,.T.);
#7619=ORIENTED_EDGE('',*,*,#5644,.T.);
#7620=ORIENTED_EDGE('',*,*,#5645,.F.);
#7621=ORIENTED_EDGE('',*,*,#5646,.T.);
#7622=ORIENTED_EDGE('',*,*,#5647,.F.);
#7623=ORIENTED_EDGE('',*,*,#5648,.T.);
#7624=ORIENTED_EDGE('',*,*,#5649,.T.);
#7625=ORIENTED_EDGE('',*,*,#5650,.T.);
#7626=ORIENTED_EDGE('',*,*,#5651,.T.);
#7627=ORIENTED_EDGE('',*,*,#5652,.T.);
#7628=ORIENTED_EDGE('',*,*,#5653,.F.);
#7629=ORIENTED_EDGE('',*,*,#5654,.F.);
#7630=ORIENTED_EDGE('',*,*,#5642,.F.);
#7631=ORIENTED_EDGE('',*,*,#5655,.T.);
#7632=ORIENTED_EDGE('',*,*,#5656,.T.);
#7633=ORIENTED_EDGE('',*,*,#5549,.F.);
#7634=ORIENTED_EDGE('',*,*,#5657,.T.);
#7635=ORIENTED_EDGE('',*,*,#5658,.T.);
#7636=ORIENTED_EDGE('',*,*,#5659,.T.);
#7637=ORIENTED_EDGE('',*,*,#5660,.F.);
#7638=ORIENTED_EDGE('',*,*,#5661,.F.);
#7639=ORIENTED_EDGE('',*,*,#5662,.F.);
#7640=ORIENTED_EDGE('',*,*,#5663,.F.);
#7641=ORIENTED_EDGE('',*,*,#5664,.F.);
#7642=ORIENTED_EDGE('',*,*,#5665,.T.);
#7643=ORIENTED_EDGE('',*,*,#5666,.F.);
#7644=ORIENTED_EDGE('',*,*,#5667,.T.);
#7645=ORIENTED_EDGE('',*,*,#5668,.F.);
#7646=ORIENTED_EDGE('',*,*,#5669,.F.);
#7647=ORIENTED_EDGE('',*,*,#5550,.F.);
#7648=ORIENTED_EDGE('',*,*,#5656,.F.);
#7649=ORIENTED_EDGE('',*,*,#5670,.F.);
#7650=ORIENTED_EDGE('',*,*,#5671,.F.);
#7651=ORIENTED_EDGE('',*,*,#5672,.F.);
#7652=ORIENTED_EDGE('',*,*,#5673,.T.);
#7653=ORIENTED_EDGE('',*,*,#5674,.T.);
#7654=ORIENTED_EDGE('',*,*,#5675,.T.);
#7655=ORIENTED_EDGE('',*,*,#5676,.F.);
#7656=ORIENTED_EDGE('',*,*,#5677,.F.);
#7657=ORIENTED_EDGE('',*,*,#5678,.F.);
#7658=ORIENTED_EDGE('',*,*,#5679,.F.);
#7659=ORIENTED_EDGE('',*,*,#5680,.F.);
#7660=ORIENTED_EDGE('',*,*,#5681,.T.);
#7661=ORIENTED_EDGE('',*,*,#5682,.F.);
#7662=ORIENTED_EDGE('',*,*,#5683,.T.);
#7663=ORIENTED_EDGE('',*,*,#5684,.F.);
#7664=ORIENTED_EDGE('',*,*,#5685,.F.);
#7665=ORIENTED_EDGE('',*,*,#5554,.F.);
#7666=ORIENTED_EDGE('',*,*,#5686,.F.);
#7667=ORIENTED_EDGE('',*,*,#5687,.F.);
#7668=ORIENTED_EDGE('',*,*,#5688,.F.);
#7669=ORIENTED_EDGE('',*,*,#5689,.F.);
#7670=ORIENTED_EDGE('',*,*,#5690,.F.);
#7671=ORIENTED_EDGE('',*,*,#5691,.T.);
#7672=ORIENTED_EDGE('',*,*,#5692,.T.);
#7673=ORIENTED_EDGE('',*,*,#5693,.T.);
#7674=ORIENTED_EDGE('',*,*,#5694,.T.);
#7675=ORIENTED_EDGE('',*,*,#5552,.T.);
#7676=ORIENTED_EDGE('',*,*,#5695,.T.);
#7677=ORIENTED_EDGE('',*,*,#5696,.T.);
#7678=ORIENTED_EDGE('',*,*,#5697,.F.);
#7679=ORIENTED_EDGE('',*,*,#5698,.T.);
#7680=ORIENTED_EDGE('',*,*,#5699,.F.);
#7681=ORIENTED_EDGE('',*,*,#5700,.T.);
#7682=ORIENTED_EDGE('',*,*,#5701,.T.);
#7683=ORIENTED_EDGE('',*,*,#5702,.T.);
#7684=ORIENTED_EDGE('',*,*,#5703,.T.);
#7685=ORIENTED_EDGE('',*,*,#5704,.T.);
#7686=ORIENTED_EDGE('',*,*,#5705,.F.);
#7687=ORIENTED_EDGE('',*,*,#5706,.F.);
#7688=ORIENTED_EDGE('',*,*,#5694,.F.);
#7689=ORIENTED_EDGE('',*,*,#5707,.T.);
#7690=ORIENTED_EDGE('',*,*,#5686,.T.);
#7691=ORIENTED_EDGE('',*,*,#5553,.F.);
#7692=ORIENTED_EDGE('',*,*,#5563,.T.);
#7693=ORIENTED_EDGE('',*,*,#5615,.T.);
#7694=ORIENTED_EDGE('',*,*,#5708,.T.);
#7695=ORIENTED_EDGE('',*,*,#5625,.F.);
#7696=ORIENTED_EDGE('',*,*,#5564,.T.);
#7697=ORIENTED_EDGE('',*,*,#5643,.F.);
#7698=ORIENTED_EDGE('',*,*,#5567,.T.);
#7699=ORIENTED_EDGE('',*,*,#5669,.T.);
#7700=ORIENTED_EDGE('',*,*,#5709,.F.);
#7701=ORIENTED_EDGE('',*,*,#5599,.T.);
#7702=ORIENTED_EDGE('',*,*,#5710,.T.);
#7703=ORIENTED_EDGE('',*,*,#5573,.F.);
#7704=ORIENTED_EDGE('',*,*,#5565,.T.);
#7705=ORIENTED_EDGE('',*,*,#5695,.F.);
#7706=ORIENTED_EDGE('',*,*,#5566,.T.);
#7707=ORIENTED_EDGE('',*,*,#5685,.T.);
#7708=ORIENTED_EDGE('',*,*,#5711,.F.);
#7709=ORIENTED_EDGE('',*,*,#5587,.F.);
#7710=ORIENTED_EDGE('',*,*,#5712,.T.);
#7711=ORIENTED_EDGE('',*,*,#5568,.T.);
#7712=ORIENTED_EDGE('',*,*,#5713,.F.);
#7713=ORIENTED_EDGE('',*,*,#5712,.F.);
#7714=ORIENTED_EDGE('',*,*,#5602,.T.);
#7715=ORIENTED_EDGE('',*,*,#5714,.T.);
#7716=ORIENTED_EDGE('',*,*,#5569,.F.);
#7717=ORIENTED_EDGE('',*,*,#5713,.T.);
#7718=ORIENTED_EDGE('',*,*,#5584,.T.);
#7719=ORIENTED_EDGE('',*,*,#5715,.F.);
#7720=ORIENTED_EDGE('',*,*,#5588,.F.);
#7721=ORIENTED_EDGE('',*,*,#5601,.T.);
#7722=ORIENTED_EDGE('',*,*,#5716,.T.);
#7723=ORIENTED_EDGE('',*,*,#5570,.F.);
#7724=ORIENTED_EDGE('',*,*,#5714,.F.);
#7725=ORIENTED_EDGE('',*,*,#5589,.F.);
#7726=ORIENTED_EDGE('',*,*,#5715,.T.);
#7727=ORIENTED_EDGE('',*,*,#5583,.T.);
#7728=ORIENTED_EDGE('',*,*,#5717,.F.);
#7729=ORIENTED_EDGE('',*,*,#5600,.T.);
#7730=ORIENTED_EDGE('',*,*,#5586,.T.);
#7731=ORIENTED_EDGE('',*,*,#5571,.F.);
#7732=ORIENTED_EDGE('',*,*,#5716,.F.);
#7733=ORIENTED_EDGE('',*,*,#5718,.F.);
#7734=ORIENTED_EDGE('',*,*,#5590,.T.);
#7735=ORIENTED_EDGE('',*,*,#5717,.T.);
#7736=ORIENTED_EDGE('',*,*,#5582,.F.);
#7737=ORIENTED_EDGE('',*,*,#5591,.T.);
#7738=ORIENTED_EDGE('',*,*,#5718,.T.);
#7739=ORIENTED_EDGE('',*,*,#5581,.F.);
#7740=ORIENTED_EDGE('',*,*,#5719,.F.);
#7741=ORIENTED_EDGE('',*,*,#5720,.F.);
#7742=ORIENTED_EDGE('',*,*,#5592,.T.);
#7743=ORIENTED_EDGE('',*,*,#5719,.T.);
#7744=ORIENTED_EDGE('',*,*,#5580,.F.);
#7745=ORIENTED_EDGE('',*,*,#5593,.T.);
#7746=ORIENTED_EDGE('',*,*,#5720,.T.);
#7747=ORIENTED_EDGE('',*,*,#5579,.F.);
#7748=ORIENTED_EDGE('',*,*,#5721,.F.);
#7749=ORIENTED_EDGE('',*,*,#5598,.T.);
#7750=ORIENTED_EDGE('',*,*,#5722,.T.);
#7751=ORIENTED_EDGE('',*,*,#5574,.F.);
#7752=ORIENTED_EDGE('',*,*,#5710,.F.);
#7753=ORIENTED_EDGE('',*,*,#5594,.T.);
#7754=ORIENTED_EDGE('',*,*,#5721,.T.);
#7755=ORIENTED_EDGE('',*,*,#5578,.F.);
#7756=ORIENTED_EDGE('',*,*,#5723,.F.);
#7757=ORIENTED_EDGE('',*,*,#5597,.F.);
#7758=ORIENTED_EDGE('',*,*,#5724,.T.);
#7759=ORIENTED_EDGE('',*,*,#5575,.T.);
#7760=ORIENTED_EDGE('',*,*,#5722,.F.);
#7761=ORIENTED_EDGE('',*,*,#5595,.F.);
#7762=ORIENTED_EDGE('',*,*,#5723,.T.);
#7763=ORIENTED_EDGE('',*,*,#5577,.T.);
#7764=ORIENTED_EDGE('',*,*,#5725,.F.);
#7765=ORIENTED_EDGE('',*,*,#5724,.F.);
#7766=ORIENTED_EDGE('',*,*,#5596,.T.);
#7767=ORIENTED_EDGE('',*,*,#5725,.T.);
#7768=ORIENTED_EDGE('',*,*,#5576,.F.);
#7769=ORIENTED_EDGE('',*,*,#5603,.F.);
#7770=ORIENTED_EDGE('',*,*,#5726,.T.);
#7771=ORIENTED_EDGE('',*,*,#5620,.T.);
#7772=ORIENTED_EDGE('',*,*,#5727,.F.);
#7773=ORIENTED_EDGE('',*,*,#5726,.F.);
#7774=ORIENTED_EDGE('',*,*,#5619,.T.);
#7775=ORIENTED_EDGE('',*,*,#5728,.T.);
#7776=ORIENTED_EDGE('',*,*,#5621,.F.);
#7777=ORIENTED_EDGE('',*,*,#5727,.T.);
#7778=ORIENTED_EDGE('',*,*,#5636,.T.);
#7779=ORIENTED_EDGE('',*,*,#5729,.F.);
#7780=ORIENTED_EDGE('',*,*,#5604,.F.);
#7781=ORIENTED_EDGE('',*,*,#5618,.T.);
#7782=ORIENTED_EDGE('',*,*,#5730,.T.);
#7783=ORIENTED_EDGE('',*,*,#5622,.F.);
#7784=ORIENTED_EDGE('',*,*,#5728,.F.);
#7785=ORIENTED_EDGE('',*,*,#5605,.F.);
#7786=ORIENTED_EDGE('',*,*,#5729,.T.);
#7787=ORIENTED_EDGE('',*,*,#5635,.T.);
#7788=ORIENTED_EDGE('',*,*,#5731,.F.);
#7789=ORIENTED_EDGE('',*,*,#5617,.T.);
#7790=ORIENTED_EDGE('',*,*,#5637,.T.);
#7791=ORIENTED_EDGE('',*,*,#5623,.F.);
#7792=ORIENTED_EDGE('',*,*,#5730,.F.);
#7793=ORIENTED_EDGE('',*,*,#5732,.F.);
#7794=ORIENTED_EDGE('',*,*,#5606,.T.);
#7795=ORIENTED_EDGE('',*,*,#5731,.T.);
#7796=ORIENTED_EDGE('',*,*,#5634,.F.);
#7797=ORIENTED_EDGE('',*,*,#5607,.T.);
#7798=ORIENTED_EDGE('',*,*,#5732,.T.);
#7799=ORIENTED_EDGE('',*,*,#5633,.F.);
#7800=ORIENTED_EDGE('',*,*,#5733,.F.);
#7801=ORIENTED_EDGE('',*,*,#5734,.F.);
#7802=ORIENTED_EDGE('',*,*,#5608,.T.);
#7803=ORIENTED_EDGE('',*,*,#5733,.T.);
#7804=ORIENTED_EDGE('',*,*,#5632,.F.);
#7805=ORIENTED_EDGE('',*,*,#5609,.T.);
#7806=ORIENTED_EDGE('',*,*,#5734,.T.);
#7807=ORIENTED_EDGE('',*,*,#5631,.F.);
#7808=ORIENTED_EDGE('',*,*,#5735,.F.);
#7809=ORIENTED_EDGE('',*,*,#5614,.T.);
#7810=ORIENTED_EDGE('',*,*,#5736,.T.);
#7811=ORIENTED_EDGE('',*,*,#5626,.F.);
#7812=ORIENTED_EDGE('',*,*,#5708,.F.);
#7813=ORIENTED_EDGE('',*,*,#5610,.T.);
#7814=ORIENTED_EDGE('',*,*,#5735,.T.);
#7815=ORIENTED_EDGE('',*,*,#5630,.F.);
#7816=ORIENTED_EDGE('',*,*,#5737,.F.);
#7817=ORIENTED_EDGE('',*,*,#5613,.F.);
#7818=ORIENTED_EDGE('',*,*,#5738,.T.);
#7819=ORIENTED_EDGE('',*,*,#5627,.T.);
#7820=ORIENTED_EDGE('',*,*,#5736,.F.);
#7821=ORIENTED_EDGE('',*,*,#5611,.F.);
#7822=ORIENTED_EDGE('',*,*,#5737,.T.);
#7823=ORIENTED_EDGE('',*,*,#5629,.T.);
#7824=ORIENTED_EDGE('',*,*,#5739,.F.);
#7825=ORIENTED_EDGE('',*,*,#5738,.F.);
#7826=ORIENTED_EDGE('',*,*,#5612,.T.);
#7827=ORIENTED_EDGE('',*,*,#5739,.T.);
#7828=ORIENTED_EDGE('',*,*,#5628,.F.);
#7829=ORIENTED_EDGE('',*,*,#5638,.T.);
#7830=ORIENTED_EDGE('',*,*,#5740,.T.);
#7831=ORIENTED_EDGE('',*,*,#5657,.F.);
#7832=ORIENTED_EDGE('',*,*,#5741,.F.);
#7833=ORIENTED_EDGE('',*,*,#5639,.F.);
#7834=ORIENTED_EDGE('',*,*,#5741,.T.);
#7835=ORIENTED_EDGE('',*,*,#5672,.T.);
#7836=ORIENTED_EDGE('',*,*,#5742,.F.);
#7837=ORIENTED_EDGE('',*,*,#5654,.T.);
#7838=ORIENTED_EDGE('',*,*,#5743,.T.);
#7839=ORIENTED_EDGE('',*,*,#5658,.F.);
#7840=ORIENTED_EDGE('',*,*,#5740,.F.);
#7841=ORIENTED_EDGE('',*,*,#5640,.F.);
#7842=ORIENTED_EDGE('',*,*,#5742,.T.);
#7843=ORIENTED_EDGE('',*,*,#5671,.T.);
#7844=ORIENTED_EDGE('',*,*,#5744,.F.);
#7845=ORIENTED_EDGE('',*,*,#5653,.T.);
#7846=ORIENTED_EDGE('',*,*,#5745,.T.);
#7847=ORIENTED_EDGE('',*,*,#5659,.F.);
#7848=ORIENTED_EDGE('',*,*,#5743,.F.);
#7849=ORIENTED_EDGE('',*,*,#5744,.T.);
#7850=ORIENTED_EDGE('',*,*,#5670,.T.);
#7851=ORIENTED_EDGE('',*,*,#5655,.F.);
#7852=ORIENTED_EDGE('',*,*,#5641,.F.);
#7853=ORIENTED_EDGE('',*,*,#5652,.F.);
#7854=ORIENTED_EDGE('',*,*,#5746,.T.);
#7855=ORIENTED_EDGE('',*,*,#5660,.T.);
#7856=ORIENTED_EDGE('',*,*,#5745,.F.);
#7857=ORIENTED_EDGE('',*,*,#5651,.F.);
#7858=ORIENTED_EDGE('',*,*,#5747,.T.);
#7859=ORIENTED_EDGE('',*,*,#5661,.T.);
#7860=ORIENTED_EDGE('',*,*,#5746,.F.);
#7861=ORIENTED_EDGE('',*,*,#5748,.T.);
#7862=ORIENTED_EDGE('',*,*,#5662,.T.);
#7863=ORIENTED_EDGE('',*,*,#5747,.F.);
#7864=ORIENTED_EDGE('',*,*,#5650,.F.);
#7865=ORIENTED_EDGE('',*,*,#5649,.F.);
#7866=ORIENTED_EDGE('',*,*,#5749,.T.);
#7867=ORIENTED_EDGE('',*,*,#5663,.T.);
#7868=ORIENTED_EDGE('',*,*,#5748,.F.);
#7869=ORIENTED_EDGE('',*,*,#5709,.T.);
#7870=ORIENTED_EDGE('',*,*,#5668,.T.);
#7871=ORIENTED_EDGE('',*,*,#5750,.F.);
#7872=ORIENTED_EDGE('',*,*,#5644,.F.);
#7873=ORIENTED_EDGE('',*,*,#5751,.T.);
#7874=ORIENTED_EDGE('',*,*,#5664,.T.);
#7875=ORIENTED_EDGE('',*,*,#5749,.F.);
#7876=ORIENTED_EDGE('',*,*,#5648,.F.);
#7877=ORIENTED_EDGE('',*,*,#5645,.T.);
#7878=ORIENTED_EDGE('',*,*,#5750,.T.);
#7879=ORIENTED_EDGE('',*,*,#5667,.F.);
#7880=ORIENTED_EDGE('',*,*,#5752,.F.);
#7881=ORIENTED_EDGE('',*,*,#5647,.T.);
#7882=ORIENTED_EDGE('',*,*,#5753,.T.);
#7883=ORIENTED_EDGE('',*,*,#5665,.F.);
#7884=ORIENTED_EDGE('',*,*,#5751,.F.);
#7885=ORIENTED_EDGE('',*,*,#5646,.F.);
#7886=ORIENTED_EDGE('',*,*,#5752,.T.);
#7887=ORIENTED_EDGE('',*,*,#5666,.T.);
#7888=ORIENTED_EDGE('',*,*,#5753,.F.);
#7889=ORIENTED_EDGE('',*,*,#5690,.T.);
#7890=ORIENTED_EDGE('',*,*,#5754,.T.);
#7891=ORIENTED_EDGE('',*,*,#5673,.F.);
#7892=ORIENTED_EDGE('',*,*,#5755,.F.);
#7893=ORIENTED_EDGE('',*,*,#5691,.F.);
#7894=ORIENTED_EDGE('',*,*,#5755,.T.);
#7895=ORIENTED_EDGE('',*,*,#5689,.T.);
#7896=ORIENTED_EDGE('',*,*,#5756,.F.);
#7897=ORIENTED_EDGE('',*,*,#5706,.T.);
#7898=ORIENTED_EDGE('',*,*,#5757,.T.);
#7899=ORIENTED_EDGE('',*,*,#5674,.F.);
#7900=ORIENTED_EDGE('',*,*,#5754,.F.);
#7901=ORIENTED_EDGE('',*,*,#5692,.F.);
#7902=ORIENTED_EDGE('',*,*,#5756,.T.);
#7903=ORIENTED_EDGE('',*,*,#5688,.T.);
#7904=ORIENTED_EDGE('',*,*,#5758,.F.);
#7905=ORIENTED_EDGE('',*,*,#5705,.T.);
#7906=ORIENTED_EDGE('',*,*,#5759,.T.);
#7907=ORIENTED_EDGE('',*,*,#5675,.F.);
#7908=ORIENTED_EDGE('',*,*,#5757,.F.);
#7909=ORIENTED_EDGE('',*,*,#5758,.T.);
#7910=ORIENTED_EDGE('',*,*,#5687,.T.);
#7911=ORIENTED_EDGE('',*,*,#5707,.F.);
#7912=ORIENTED_EDGE('',*,*,#5693,.F.);
#7913=ORIENTED_EDGE('',*,*,#5704,.F.);
#7914=ORIENTED_EDGE('',*,*,#5760,.T.);
#7915=ORIENTED_EDGE('',*,*,#5676,.T.);
#7916=ORIENTED_EDGE('',*,*,#5759,.F.);
#7917=ORIENTED_EDGE('',*,*,#5703,.F.);
#7918=ORIENTED_EDGE('',*,*,#5761,.T.);
#7919=ORIENTED_EDGE('',*,*,#5677,.T.);
#7920=ORIENTED_EDGE('',*,*,#5760,.F.);
#7921=ORIENTED_EDGE('',*,*,#5762,.T.);
#7922=ORIENTED_EDGE('',*,*,#5678,.T.);
#7923=ORIENTED_EDGE('',*,*,#5761,.F.);
#7924=ORIENTED_EDGE('',*,*,#5702,.F.);
#7925=ORIENTED_EDGE('',*,*,#5701,.F.);
#7926=ORIENTED_EDGE('',*,*,#5763,.T.);
#7927=ORIENTED_EDGE('',*,*,#5679,.T.);
#7928=ORIENTED_EDGE('',*,*,#5762,.F.);
#7929=ORIENTED_EDGE('',*,*,#5711,.T.);
#7930=ORIENTED_EDGE('',*,*,#5684,.T.);
#7931=ORIENTED_EDGE('',*,*,#5764,.F.);
#7932=ORIENTED_EDGE('',*,*,#5696,.F.);
#7933=ORIENTED_EDGE('',*,*,#5765,.T.);
#7934=ORIENTED_EDGE('',*,*,#5680,.T.);
#7935=ORIENTED_EDGE('',*,*,#5763,.F.);
#7936=ORIENTED_EDGE('',*,*,#5700,.F.);
#7937=ORIENTED_EDGE('',*,*,#5697,.T.);
#7938=ORIENTED_EDGE('',*,*,#5764,.T.);
#7939=ORIENTED_EDGE('',*,*,#5683,.F.);
#7940=ORIENTED_EDGE('',*,*,#5766,.F.);
#7941=ORIENTED_EDGE('',*,*,#5699,.T.);
#7942=ORIENTED_EDGE('',*,*,#5767,.T.);
#7943=ORIENTED_EDGE('',*,*,#5681,.F.);
#7944=ORIENTED_EDGE('',*,*,#5765,.F.);
#7945=ORIENTED_EDGE('',*,*,#5698,.F.);
#7946=ORIENTED_EDGE('',*,*,#5766,.T.);
#7947=ORIENTED_EDGE('',*,*,#5682,.T.);
#7948=ORIENTED_EDGE('',*,*,#5767,.F.);
#7949=ORIENTED_EDGE('',*,*,#5768,.T.);
#7950=ORIENTED_EDGE('',*,*,#5769,.T.);
#7951=ORIENTED_EDGE('',*,*,#5770,.F.);
#7952=ORIENTED_EDGE('',*,*,#5771,.F.);
#7953=ORIENTED_EDGE('',*,*,#5772,.T.);
#7954=ORIENTED_EDGE('',*,*,#5773,.F.);
#7955=ORIENTED_EDGE('',*,*,#5774,.F.);
#7956=ORIENTED_EDGE('',*,*,#5775,.T.);
#7957=ORIENTED_EDGE('',*,*,#5776,.T.);
#7958=ORIENTED_EDGE('',*,*,#5777,.T.);
#7959=ORIENTED_EDGE('',*,*,#5778,.F.);
#7960=ORIENTED_EDGE('',*,*,#5779,.F.);
#7961=ORIENTED_EDGE('',*,*,#5768,.F.);
#7962=ORIENTED_EDGE('',*,*,#5780,.T.);
#7963=ORIENTED_EDGE('',*,*,#5771,.T.);
#7964=ORIENTED_EDGE('',*,*,#5781,.T.);
#7965=ORIENTED_EDGE('',*,*,#5782,.F.);
#7966=ORIENTED_EDGE('',*,*,#5780,.F.);
#7967=ORIENTED_EDGE('',*,*,#5779,.T.);
#7968=ORIENTED_EDGE('',*,*,#5783,.T.);
#7969=ORIENTED_EDGE('',*,*,#5784,.F.);
#7970=ORIENTED_EDGE('',*,*,#5769,.F.);
#7971=ORIENTED_EDGE('',*,*,#5785,.F.);
#7972=ORIENTED_EDGE('',*,*,#5781,.F.);
#7973=ORIENTED_EDGE('',*,*,#5770,.T.);
#7974=ORIENTED_EDGE('',*,*,#5784,.T.);
#7975=ORIENTED_EDGE('',*,*,#5786,.T.);
#7976=ORIENTED_EDGE('',*,*,#5787,.F.);
#7977=ORIENTED_EDGE('',*,*,#5788,.F.);
#7978=ORIENTED_EDGE('',*,*,#5789,.F.);
#7979=ORIENTED_EDGE('',*,*,#5790,.T.);
#7980=ORIENTED_EDGE('',*,*,#5791,.T.);
#7981=ORIENTED_EDGE('',*,*,#5785,.T.);
#7982=ORIENTED_EDGE('',*,*,#5792,.F.);
#7983=ORIENTED_EDGE('',*,*,#5772,.F.);
#7984=ORIENTED_EDGE('',*,*,#5782,.T.);
#7985=ORIENTED_EDGE('',*,*,#5773,.T.);
#7986=ORIENTED_EDGE('',*,*,#5792,.T.);
#7987=ORIENTED_EDGE('',*,*,#5791,.F.);
#7988=ORIENTED_EDGE('',*,*,#5793,.F.);
#7989=ORIENTED_EDGE('',*,*,#5774,.T.);
#7990=ORIENTED_EDGE('',*,*,#5794,.T.);
#7991=ORIENTED_EDGE('',*,*,#5795,.T.);
#7992=ORIENTED_EDGE('',*,*,#5796,.T.);
#7993=ORIENTED_EDGE('',*,*,#5797,.F.);
#7994=ORIENTED_EDGE('',*,*,#5798,.F.);
#7995=ORIENTED_EDGE('',*,*,#5776,.F.);
#7996=ORIENTED_EDGE('',*,*,#5775,.F.);
#7997=ORIENTED_EDGE('',*,*,#5786,.F.);
#7998=ORIENTED_EDGE('',*,*,#5783,.F.);
#7999=ORIENTED_EDGE('',*,*,#5778,.T.);
#8000=ORIENTED_EDGE('',*,*,#5799,.T.);
#8001=ORIENTED_EDGE('',*,*,#5800,.T.);
#8002=ORIENTED_EDGE('',*,*,#5787,.T.);
#8003=ORIENTED_EDGE('',*,*,#5799,.F.);
#8004=ORIENTED_EDGE('',*,*,#5777,.F.);
#8005=ORIENTED_EDGE('',*,*,#5790,.F.);
#8006=ORIENTED_EDGE('',*,*,#5789,.T.);
#8007=ORIENTED_EDGE('',*,*,#5788,.T.);
#8008=ORIENTED_EDGE('',*,*,#5801,.T.);
#8009=ORIENTED_EDGE('',*,*,#5802,.T.);
#8010=ORIENTED_EDGE('',*,*,#5803,.F.);
#8011=ORIENTED_EDGE('',*,*,#5804,.F.);
#8012=ORIENTED_EDGE('',*,*,#5805,.F.);
#8013=ORIENTED_EDGE('',*,*,#5793,.T.);
#8014=ORIENTED_EDGE('',*,*,#5805,.T.);
#8015=ORIENTED_EDGE('',*,*,#5806,.F.);
#8016=ORIENTED_EDGE('',*,*,#5794,.F.);
#8017=ORIENTED_EDGE('',*,*,#5807,.T.);
#8018=ORIENTED_EDGE('',*,*,#5808,.F.);
#8019=ORIENTED_EDGE('',*,*,#5809,.T.);
#8020=ORIENTED_EDGE('',*,*,#5810,.T.);
#8021=ORIENTED_EDGE('',*,*,#5811,.F.);
#8022=ORIENTED_EDGE('',*,*,#5812,.F.);
#8023=ORIENTED_EDGE('',*,*,#5797,.T.);
#8024=ORIENTED_EDGE('',*,*,#5796,.F.);
#8025=ORIENTED_EDGE('',*,*,#5795,.F.);
#8026=ORIENTED_EDGE('',*,*,#5813,.T.);
#8027=ORIENTED_EDGE('',*,*,#5798,.T.);
#8028=ORIENTED_EDGE('',*,*,#5814,.T.);
#8029=ORIENTED_EDGE('',*,*,#5815,.F.);
#8030=ORIENTED_EDGE('',*,*,#5816,.F.);
#8031=ORIENTED_EDGE('',*,*,#5816,.T.);
#8032=ORIENTED_EDGE('',*,*,#5817,.T.);
#8033=ORIENTED_EDGE('',*,*,#5818,.F.);
#8034=ORIENTED_EDGE('',*,*,#5800,.F.);
#8035=ORIENTED_EDGE('',*,*,#5819,.F.);
#8036=ORIENTED_EDGE('',*,*,#5820,.F.);
#8037=ORIENTED_EDGE('',*,*,#5804,.T.);
#8038=ORIENTED_EDGE('',*,*,#5803,.T.);
#8039=ORIENTED_EDGE('',*,*,#5802,.F.);
#8040=ORIENTED_EDGE('',*,*,#5821,.T.);
#8041=ORIENTED_EDGE('',*,*,#5822,.T.);
#8042=ORIENTED_EDGE('',*,*,#5823,.F.);
#8043=ORIENTED_EDGE('',*,*,#5824,.F.);
#8044=ORIENTED_EDGE('',*,*,#5825,.T.);
#8045=ORIENTED_EDGE('',*,*,#5801,.F.);
#8046=ORIENTED_EDGE('',*,*,#5818,.T.);
#8047=ORIENTED_EDGE('',*,*,#5826,.T.);
#8048=ORIENTED_EDGE('',*,*,#5827,.F.);
#8049=ORIENTED_EDGE('',*,*,#5806,.T.);
#8050=ORIENTED_EDGE('',*,*,#5820,.T.);
#8051=ORIENTED_EDGE('',*,*,#5828,.F.);
#8052=ORIENTED_EDGE('',*,*,#5813,.F.);
#8053=ORIENTED_EDGE('',*,*,#5819,.T.);
#8054=ORIENTED_EDGE('',*,*,#5829,.F.);
#8055=ORIENTED_EDGE('',*,*,#5807,.F.);
#8056=ORIENTED_EDGE('',*,*,#5828,.T.);
#8057=ORIENTED_EDGE('',*,*,#5808,.T.);
#8058=ORIENTED_EDGE('',*,*,#5829,.T.);
#8059=ORIENTED_EDGE('',*,*,#5825,.F.);
#8060=ORIENTED_EDGE('',*,*,#5830,.F.);
#8061=ORIENTED_EDGE('',*,*,#5809,.F.);
#8062=ORIENTED_EDGE('',*,*,#5830,.T.);
#8063=ORIENTED_EDGE('',*,*,#5824,.T.);
#8064=ORIENTED_EDGE('',*,*,#5831,.F.);
#8065=ORIENTED_EDGE('',*,*,#5831,.T.);
#8066=ORIENTED_EDGE('',*,*,#5823,.T.);
#8067=ORIENTED_EDGE('',*,*,#5832,.F.);
#8068=ORIENTED_EDGE('',*,*,#5810,.F.);
#8069=ORIENTED_EDGE('',*,*,#5822,.F.);
#8070=ORIENTED_EDGE('',*,*,#5833,.F.);
#8071=ORIENTED_EDGE('',*,*,#5811,.T.);
#8072=ORIENTED_EDGE('',*,*,#5832,.T.);
#8073=ORIENTED_EDGE('',*,*,#5812,.T.);
#8074=ORIENTED_EDGE('',*,*,#5833,.T.);
#8075=ORIENTED_EDGE('',*,*,#5821,.F.);
#8076=ORIENTED_EDGE('',*,*,#5834,.F.);
#8077=ORIENTED_EDGE('',*,*,#5814,.F.);
#8078=ORIENTED_EDGE('',*,*,#5834,.T.);
#8079=ORIENTED_EDGE('',*,*,#5827,.T.);
#8080=ORIENTED_EDGE('',*,*,#5835,.F.);
#8081=ORIENTED_EDGE('',*,*,#5817,.F.);
#8082=ORIENTED_EDGE('',*,*,#5815,.T.);
#8083=ORIENTED_EDGE('',*,*,#5835,.T.);
#8084=ORIENTED_EDGE('',*,*,#5826,.F.);
#8085=ORIENTED_EDGE('',*,*,#5836,.F.);
#8086=ORIENTED_EDGE('',*,*,#5837,.T.);
#8087=ORIENTED_EDGE('',*,*,#5838,.T.);
#8088=ORIENTED_EDGE('',*,*,#5839,.F.);
#8089=ORIENTED_EDGE('',*,*,#5840,.F.);
#8090=ORIENTED_EDGE('',*,*,#5841,.T.);
#8091=ORIENTED_EDGE('',*,*,#5842,.T.);
#8092=ORIENTED_EDGE('',*,*,#5837,.F.);
#8093=ORIENTED_EDGE('',*,*,#5843,.F.);
#8094=ORIENTED_EDGE('',*,*,#5844,.T.);
#8095=ORIENTED_EDGE('',*,*,#5845,.T.);
#8096=ORIENTED_EDGE('',*,*,#5841,.F.);
#8097=ORIENTED_EDGE('',*,*,#5846,.F.);
#8098=ORIENTED_EDGE('',*,*,#5847,.T.);
#8099=ORIENTED_EDGE('',*,*,#5848,.T.);
#8100=ORIENTED_EDGE('',*,*,#5844,.F.);
#8101=ORIENTED_EDGE('',*,*,#5849,.F.);
#8102=ORIENTED_EDGE('',*,*,#5850,.T.);
#8103=ORIENTED_EDGE('',*,*,#5851,.T.);
#8104=ORIENTED_EDGE('',*,*,#5847,.F.);
#8105=ORIENTED_EDGE('',*,*,#5852,.F.);
#8106=ORIENTED_EDGE('',*,*,#5853,.T.);
#8107=ORIENTED_EDGE('',*,*,#5854,.T.);
#8108=ORIENTED_EDGE('',*,*,#5850,.F.);
#8109=ORIENTED_EDGE('',*,*,#5855,.F.);
#8110=ORIENTED_EDGE('',*,*,#5856,.T.);
#8111=ORIENTED_EDGE('',*,*,#5857,.T.);
#8112=ORIENTED_EDGE('',*,*,#5853,.F.);
#8113=ORIENTED_EDGE('',*,*,#5858,.F.);
#8114=ORIENTED_EDGE('',*,*,#5859,.T.);
#8115=ORIENTED_EDGE('',*,*,#5860,.T.);
#8116=ORIENTED_EDGE('',*,*,#5856,.F.);
#8117=ORIENTED_EDGE('',*,*,#5861,.F.);
#8118=ORIENTED_EDGE('',*,*,#5862,.T.);
#8119=ORIENTED_EDGE('',*,*,#5863,.T.);
#8120=ORIENTED_EDGE('',*,*,#5859,.F.);
#8121=ORIENTED_EDGE('',*,*,#5864,.F.);
#8122=ORIENTED_EDGE('',*,*,#5865,.T.);
#8123=ORIENTED_EDGE('',*,*,#5866,.T.);
#8124=ORIENTED_EDGE('',*,*,#5862,.F.);
#8125=ORIENTED_EDGE('',*,*,#5867,.F.);
#8126=ORIENTED_EDGE('',*,*,#5868,.T.);
#8127=ORIENTED_EDGE('',*,*,#5869,.T.);
#8128=ORIENTED_EDGE('',*,*,#5865,.F.);
#8129=ORIENTED_EDGE('',*,*,#5870,.F.);
#8130=ORIENTED_EDGE('',*,*,#5871,.T.);
#8131=ORIENTED_EDGE('',*,*,#5872,.T.);
#8132=ORIENTED_EDGE('',*,*,#5868,.F.);
#8133=ORIENTED_EDGE('',*,*,#5873,.F.);
#8134=ORIENTED_EDGE('',*,*,#5874,.T.);
#8135=ORIENTED_EDGE('',*,*,#5875,.T.);
#8136=ORIENTED_EDGE('',*,*,#5871,.F.);
#8137=ORIENTED_EDGE('',*,*,#5876,.F.);
#8138=ORIENTED_EDGE('',*,*,#5877,.T.);
#8139=ORIENTED_EDGE('',*,*,#5878,.T.);
#8140=ORIENTED_EDGE('',*,*,#5874,.F.);
#8141=ORIENTED_EDGE('',*,*,#5879,.F.);
#8142=ORIENTED_EDGE('',*,*,#5880,.T.);
#8143=ORIENTED_EDGE('',*,*,#5881,.T.);
#8144=ORIENTED_EDGE('',*,*,#5877,.F.);
#8145=ORIENTED_EDGE('',*,*,#5882,.F.);
#8146=ORIENTED_EDGE('',*,*,#5883,.T.);
#8147=ORIENTED_EDGE('',*,*,#5884,.T.);
#8148=ORIENTED_EDGE('',*,*,#5880,.F.);
#8149=ORIENTED_EDGE('',*,*,#5885,.F.);
#8150=ORIENTED_EDGE('',*,*,#5886,.T.);
#8151=ORIENTED_EDGE('',*,*,#5887,.T.);
#8152=ORIENTED_EDGE('',*,*,#5883,.F.);
#8153=ORIENTED_EDGE('',*,*,#5888,.F.);
#8154=ORIENTED_EDGE('',*,*,#5889,.T.);
#8155=ORIENTED_EDGE('',*,*,#5890,.T.);
#8156=ORIENTED_EDGE('',*,*,#5886,.F.);
#8157=ORIENTED_EDGE('',*,*,#5891,.F.);
#8158=ORIENTED_EDGE('',*,*,#5839,.T.);
#8159=ORIENTED_EDGE('',*,*,#5892,.T.);
#8160=ORIENTED_EDGE('',*,*,#5889,.F.);
#8161=ORIENTED_EDGE('',*,*,#5892,.F.);
#8162=ORIENTED_EDGE('',*,*,#5838,.F.);
#8163=ORIENTED_EDGE('',*,*,#5842,.F.);
#8164=ORIENTED_EDGE('',*,*,#5845,.F.);
#8165=ORIENTED_EDGE('',*,*,#5848,.F.);
#8166=ORIENTED_EDGE('',*,*,#5851,.F.);
#8167=ORIENTED_EDGE('',*,*,#5854,.F.);
#8168=ORIENTED_EDGE('',*,*,#5857,.F.);
#8169=ORIENTED_EDGE('',*,*,#5860,.F.);
#8170=ORIENTED_EDGE('',*,*,#5863,.F.);
#8171=ORIENTED_EDGE('',*,*,#5866,.F.);
#8172=ORIENTED_EDGE('',*,*,#5869,.F.);
#8173=ORIENTED_EDGE('',*,*,#5872,.F.);
#8174=ORIENTED_EDGE('',*,*,#5875,.F.);
#8175=ORIENTED_EDGE('',*,*,#5878,.F.);
#8176=ORIENTED_EDGE('',*,*,#5881,.F.);
#8177=ORIENTED_EDGE('',*,*,#5884,.F.);
#8178=ORIENTED_EDGE('',*,*,#5887,.F.);
#8179=ORIENTED_EDGE('',*,*,#5890,.F.);
#8180=ORIENTED_EDGE('',*,*,#5893,.F.);
#8181=ORIENTED_EDGE('',*,*,#5894,.T.);
#8182=ORIENTED_EDGE('',*,*,#5895,.T.);
#8183=ORIENTED_EDGE('',*,*,#5896,.F.);
#8184=ORIENTED_EDGE('',*,*,#5897,.F.);
#8185=ORIENTED_EDGE('',*,*,#5898,.T.);
#8186=ORIENTED_EDGE('',*,*,#5899,.T.);
#8187=ORIENTED_EDGE('',*,*,#5894,.F.);
#8188=ORIENTED_EDGE('',*,*,#5900,.F.);
#8189=ORIENTED_EDGE('',*,*,#5901,.T.);
#8190=ORIENTED_EDGE('',*,*,#5902,.T.);
#8191=ORIENTED_EDGE('',*,*,#5898,.F.);
#8192=ORIENTED_EDGE('',*,*,#5903,.F.);
#8193=ORIENTED_EDGE('',*,*,#5896,.T.);
#8194=ORIENTED_EDGE('',*,*,#5904,.T.);
#8195=ORIENTED_EDGE('',*,*,#5901,.F.);
#8196=ORIENTED_EDGE('',*,*,#5904,.F.);
#8197=ORIENTED_EDGE('',*,*,#5895,.F.);
#8198=ORIENTED_EDGE('',*,*,#5899,.F.);
#8199=ORIENTED_EDGE('',*,*,#5902,.F.);
#8200=ORIENTED_EDGE('',*,*,#5905,.F.);
#8201=ORIENTED_EDGE('',*,*,#5906,.T.);
#8202=ORIENTED_EDGE('',*,*,#5907,.T.);
#8203=ORIENTED_EDGE('',*,*,#5908,.F.);
#8204=ORIENTED_EDGE('',*,*,#5909,.F.);
#8205=ORIENTED_EDGE('',*,*,#5910,.T.);
#8206=ORIENTED_EDGE('',*,*,#5911,.T.);
#8207=ORIENTED_EDGE('',*,*,#5906,.F.);
#8208=ORIENTED_EDGE('',*,*,#5912,.F.);
#8209=ORIENTED_EDGE('',*,*,#5913,.T.);
#8210=ORIENTED_EDGE('',*,*,#5914,.T.);
#8211=ORIENTED_EDGE('',*,*,#5910,.F.);
#8212=ORIENTED_EDGE('',*,*,#5915,.F.);
#8213=ORIENTED_EDGE('',*,*,#5916,.T.);
#8214=ORIENTED_EDGE('',*,*,#5917,.T.);
#8215=ORIENTED_EDGE('',*,*,#5913,.F.);
#8216=ORIENTED_EDGE('',*,*,#5918,.F.);
#8217=ORIENTED_EDGE('',*,*,#5919,.T.);
#8218=ORIENTED_EDGE('',*,*,#5920,.T.);
#8219=ORIENTED_EDGE('',*,*,#5916,.F.);
#8220=ORIENTED_EDGE('',*,*,#5921,.F.);
#8221=ORIENTED_EDGE('',*,*,#5922,.T.);
#8222=ORIENTED_EDGE('',*,*,#5923,.T.);
#8223=ORIENTED_EDGE('',*,*,#5919,.F.);
#8224=ORIENTED_EDGE('',*,*,#5924,.F.);
#8225=ORIENTED_EDGE('',*,*,#5925,.T.);
#8226=ORIENTED_EDGE('',*,*,#5926,.T.);
#8227=ORIENTED_EDGE('',*,*,#5922,.F.);
#8228=ORIENTED_EDGE('',*,*,#5927,.F.);
#8229=ORIENTED_EDGE('',*,*,#5928,.T.);
#8230=ORIENTED_EDGE('',*,*,#5929,.T.);
#8231=ORIENTED_EDGE('',*,*,#5925,.F.);
#8232=ORIENTED_EDGE('',*,*,#5930,.F.);
#8233=ORIENTED_EDGE('',*,*,#5931,.T.);
#8234=ORIENTED_EDGE('',*,*,#5932,.T.);
#8235=ORIENTED_EDGE('',*,*,#5928,.F.);
#8236=ORIENTED_EDGE('',*,*,#5933,.F.);
#8237=ORIENTED_EDGE('',*,*,#5934,.T.);
#8238=ORIENTED_EDGE('',*,*,#5935,.T.);
#8239=ORIENTED_EDGE('',*,*,#5931,.F.);
#8240=ORIENTED_EDGE('',*,*,#5936,.F.);
#8241=ORIENTED_EDGE('',*,*,#5937,.T.);
#8242=ORIENTED_EDGE('',*,*,#5938,.T.);
#8243=ORIENTED_EDGE('',*,*,#5934,.F.);
#8244=ORIENTED_EDGE('',*,*,#5939,.F.);
#8245=ORIENTED_EDGE('',*,*,#5940,.T.);
#8246=ORIENTED_EDGE('',*,*,#5941,.T.);
#8247=ORIENTED_EDGE('',*,*,#5937,.F.);
#8248=ORIENTED_EDGE('',*,*,#5942,.F.);
#8249=ORIENTED_EDGE('',*,*,#5943,.T.);
#8250=ORIENTED_EDGE('',*,*,#5944,.T.);
#8251=ORIENTED_EDGE('',*,*,#5940,.F.);
#8252=ORIENTED_EDGE('',*,*,#5945,.F.);
#8253=ORIENTED_EDGE('',*,*,#5946,.T.);
#8254=ORIENTED_EDGE('',*,*,#5947,.T.);
#8255=ORIENTED_EDGE('',*,*,#5943,.F.);
#8256=ORIENTED_EDGE('',*,*,#5948,.F.);
#8257=ORIENTED_EDGE('',*,*,#5949,.T.);
#8258=ORIENTED_EDGE('',*,*,#5950,.T.);
#8259=ORIENTED_EDGE('',*,*,#5946,.F.);
#8260=ORIENTED_EDGE('',*,*,#5951,.F.);
#8261=ORIENTED_EDGE('',*,*,#5952,.T.);
#8262=ORIENTED_EDGE('',*,*,#5953,.T.);
#8263=ORIENTED_EDGE('',*,*,#5949,.F.);
#8264=ORIENTED_EDGE('',*,*,#5954,.F.);
#8265=ORIENTED_EDGE('',*,*,#5955,.T.);
#8266=ORIENTED_EDGE('',*,*,#5956,.T.);
#8267=ORIENTED_EDGE('',*,*,#5952,.F.);
#8268=ORIENTED_EDGE('',*,*,#5957,.F.);
#8269=ORIENTED_EDGE('',*,*,#5908,.T.);
#8270=ORIENTED_EDGE('',*,*,#5958,.T.);
#8271=ORIENTED_EDGE('',*,*,#5955,.F.);
#8272=ORIENTED_EDGE('',*,*,#5958,.F.);
#8273=ORIENTED_EDGE('',*,*,#5907,.F.);
#8274=ORIENTED_EDGE('',*,*,#5911,.F.);
#8275=ORIENTED_EDGE('',*,*,#5914,.F.);
#8276=ORIENTED_EDGE('',*,*,#5917,.F.);
#8277=ORIENTED_EDGE('',*,*,#5920,.F.);
#8278=ORIENTED_EDGE('',*,*,#5923,.F.);
#8279=ORIENTED_EDGE('',*,*,#5926,.F.);
#8280=ORIENTED_EDGE('',*,*,#5929,.F.);
#8281=ORIENTED_EDGE('',*,*,#5932,.F.);
#8282=ORIENTED_EDGE('',*,*,#5935,.F.);
#8283=ORIENTED_EDGE('',*,*,#5938,.F.);
#8284=ORIENTED_EDGE('',*,*,#5941,.F.);
#8285=ORIENTED_EDGE('',*,*,#5944,.F.);
#8286=ORIENTED_EDGE('',*,*,#5947,.F.);
#8287=ORIENTED_EDGE('',*,*,#5950,.F.);
#8288=ORIENTED_EDGE('',*,*,#5953,.F.);
#8289=ORIENTED_EDGE('',*,*,#5956,.F.);
#8290=ORIENTED_EDGE('',*,*,#5959,.F.);
#8291=ORIENTED_EDGE('',*,*,#5960,.T.);
#8292=ORIENTED_EDGE('',*,*,#5961,.T.);
#8293=ORIENTED_EDGE('',*,*,#5962,.F.);
#8294=ORIENTED_EDGE('',*,*,#5963,.F.);
#8295=ORIENTED_EDGE('',*,*,#5964,.T.);
#8296=ORIENTED_EDGE('',*,*,#5965,.T.);
#8297=ORIENTED_EDGE('',*,*,#5960,.F.);
#8298=ORIENTED_EDGE('',*,*,#5966,.F.);
#8299=ORIENTED_EDGE('',*,*,#5967,.T.);
#8300=ORIENTED_EDGE('',*,*,#5968,.T.);
#8301=ORIENTED_EDGE('',*,*,#5964,.F.);
#8302=ORIENTED_EDGE('',*,*,#5969,.F.);
#8303=ORIENTED_EDGE('',*,*,#5970,.T.);
#8304=ORIENTED_EDGE('',*,*,#5971,.T.);
#8305=ORIENTED_EDGE('',*,*,#5967,.F.);
#8306=ORIENTED_EDGE('',*,*,#5972,.F.);
#8307=ORIENTED_EDGE('',*,*,#5973,.T.);
#8308=ORIENTED_EDGE('',*,*,#5974,.T.);
#8309=ORIENTED_EDGE('',*,*,#5970,.F.);
#8310=ORIENTED_EDGE('',*,*,#5975,.F.);
#8311=ORIENTED_EDGE('',*,*,#5976,.T.);
#8312=ORIENTED_EDGE('',*,*,#5977,.T.);
#8313=ORIENTED_EDGE('',*,*,#5973,.F.);
#8314=ORIENTED_EDGE('',*,*,#5978,.F.);
#8315=ORIENTED_EDGE('',*,*,#5979,.T.);
#8316=ORIENTED_EDGE('',*,*,#5980,.T.);
#8317=ORIENTED_EDGE('',*,*,#5976,.F.);
#8318=ORIENTED_EDGE('',*,*,#5981,.F.);
#8319=ORIENTED_EDGE('',*,*,#5982,.T.);
#8320=ORIENTED_EDGE('',*,*,#5983,.T.);
#8321=ORIENTED_EDGE('',*,*,#5979,.F.);
#8322=ORIENTED_EDGE('',*,*,#5984,.F.);
#8323=ORIENTED_EDGE('',*,*,#5985,.T.);
#8324=ORIENTED_EDGE('',*,*,#5986,.T.);
#8325=ORIENTED_EDGE('',*,*,#5982,.F.);
#8326=ORIENTED_EDGE('',*,*,#5987,.F.);
#8327=ORIENTED_EDGE('',*,*,#5962,.T.);
#8328=ORIENTED_EDGE('',*,*,#5988,.T.);
#8329=ORIENTED_EDGE('',*,*,#5985,.F.);
#8330=ORIENTED_EDGE('',*,*,#5989,.F.);
#8331=ORIENTED_EDGE('',*,*,#5990,.T.);
#8332=ORIENTED_EDGE('',*,*,#5991,.T.);
#8333=ORIENTED_EDGE('',*,*,#5992,.F.);
#8334=ORIENTED_EDGE('',*,*,#5993,.F.);
#8335=ORIENTED_EDGE('',*,*,#5994,.T.);
#8336=ORIENTED_EDGE('',*,*,#5995,.T.);
#8337=ORIENTED_EDGE('',*,*,#5990,.F.);
#8338=ORIENTED_EDGE('',*,*,#5996,.F.);
#8339=ORIENTED_EDGE('',*,*,#5997,.T.);
#8340=ORIENTED_EDGE('',*,*,#5998,.T.);
#8341=ORIENTED_EDGE('',*,*,#5994,.F.);
#8342=ORIENTED_EDGE('',*,*,#5999,.F.);
#8343=ORIENTED_EDGE('',*,*,#6000,.T.);
#8344=ORIENTED_EDGE('',*,*,#6001,.T.);
#8345=ORIENTED_EDGE('',*,*,#5997,.F.);
#8346=ORIENTED_EDGE('',*,*,#6002,.F.);
#8347=ORIENTED_EDGE('',*,*,#6003,.T.);
#8348=ORIENTED_EDGE('',*,*,#6004,.T.);
#8349=ORIENTED_EDGE('',*,*,#6000,.F.);
#8350=ORIENTED_EDGE('',*,*,#6005,.F.);
#8351=ORIENTED_EDGE('',*,*,#6006,.T.);
#8352=ORIENTED_EDGE('',*,*,#6007,.T.);
#8353=ORIENTED_EDGE('',*,*,#6003,.F.);
#8354=ORIENTED_EDGE('',*,*,#6008,.F.);
#8355=ORIENTED_EDGE('',*,*,#6009,.T.);
#8356=ORIENTED_EDGE('',*,*,#6010,.T.);
#8357=ORIENTED_EDGE('',*,*,#6006,.F.);
#8358=ORIENTED_EDGE('',*,*,#6011,.F.);
#8359=ORIENTED_EDGE('',*,*,#6012,.T.);
#8360=ORIENTED_EDGE('',*,*,#6013,.T.);
#8361=ORIENTED_EDGE('',*,*,#6009,.F.);
#8362=ORIENTED_EDGE('',*,*,#6014,.F.);
#8363=ORIENTED_EDGE('',*,*,#6015,.T.);
#8364=ORIENTED_EDGE('',*,*,#6016,.T.);
#8365=ORIENTED_EDGE('',*,*,#6012,.F.);
#8366=ORIENTED_EDGE('',*,*,#6017,.F.);
#8367=ORIENTED_EDGE('',*,*,#6018,.T.);
#8368=ORIENTED_EDGE('',*,*,#6019,.T.);
#8369=ORIENTED_EDGE('',*,*,#6015,.F.);
#8370=ORIENTED_EDGE('',*,*,#6020,.F.);
#8371=ORIENTED_EDGE('',*,*,#6021,.T.);
#8372=ORIENTED_EDGE('',*,*,#6022,.T.);
#8373=ORIENTED_EDGE('',*,*,#6018,.F.);
#8374=ORIENTED_EDGE('',*,*,#6023,.F.);
#8375=ORIENTED_EDGE('',*,*,#6024,.T.);
#8376=ORIENTED_EDGE('',*,*,#6025,.T.);
#8377=ORIENTED_EDGE('',*,*,#6021,.F.);
#8378=ORIENTED_EDGE('',*,*,#6026,.F.);
#8379=ORIENTED_EDGE('',*,*,#6027,.T.);
#8380=ORIENTED_EDGE('',*,*,#6028,.T.);
#8381=ORIENTED_EDGE('',*,*,#6024,.F.);
#8382=ORIENTED_EDGE('',*,*,#6029,.F.);
#8383=ORIENTED_EDGE('',*,*,#6030,.T.);
#8384=ORIENTED_EDGE('',*,*,#6031,.T.);
#8385=ORIENTED_EDGE('',*,*,#6027,.F.);
#8386=ORIENTED_EDGE('',*,*,#6032,.F.);
#8387=ORIENTED_EDGE('',*,*,#6033,.T.);
#8388=ORIENTED_EDGE('',*,*,#6034,.T.);
#8389=ORIENTED_EDGE('',*,*,#6030,.F.);
#8390=ORIENTED_EDGE('',*,*,#6035,.F.);
#8391=ORIENTED_EDGE('',*,*,#6036,.T.);
#8392=ORIENTED_EDGE('',*,*,#6037,.T.);
#8393=ORIENTED_EDGE('',*,*,#6033,.F.);
#8394=ORIENTED_EDGE('',*,*,#6038,.F.);
#8395=ORIENTED_EDGE('',*,*,#6039,.T.);
#8396=ORIENTED_EDGE('',*,*,#6040,.T.);
#8397=ORIENTED_EDGE('',*,*,#6036,.F.);
#8398=ORIENTED_EDGE('',*,*,#6041,.F.);
#8399=ORIENTED_EDGE('',*,*,#6042,.T.);
#8400=ORIENTED_EDGE('',*,*,#6043,.T.);
#8401=ORIENTED_EDGE('',*,*,#6039,.F.);
#8402=ORIENTED_EDGE('',*,*,#6044,.F.);
#8403=ORIENTED_EDGE('',*,*,#6045,.T.);
#8404=ORIENTED_EDGE('',*,*,#6046,.T.);
#8405=ORIENTED_EDGE('',*,*,#6042,.F.);
#8406=ORIENTED_EDGE('',*,*,#6047,.F.);
#8407=ORIENTED_EDGE('',*,*,#6048,.T.);
#8408=ORIENTED_EDGE('',*,*,#6049,.T.);
#8409=ORIENTED_EDGE('',*,*,#6045,.F.);
#8410=ORIENTED_EDGE('',*,*,#6050,.F.);
#8411=ORIENTED_EDGE('',*,*,#6051,.T.);
#8412=ORIENTED_EDGE('',*,*,#6052,.T.);
#8413=ORIENTED_EDGE('',*,*,#6048,.F.);
#8414=ORIENTED_EDGE('',*,*,#6053,.F.);
#8415=ORIENTED_EDGE('',*,*,#6054,.T.);
#8416=ORIENTED_EDGE('',*,*,#6055,.T.);
#8417=ORIENTED_EDGE('',*,*,#6051,.F.);
#8418=ORIENTED_EDGE('',*,*,#6056,.F.);
#8419=ORIENTED_EDGE('',*,*,#6057,.T.);
#8420=ORIENTED_EDGE('',*,*,#6058,.T.);
#8421=ORIENTED_EDGE('',*,*,#6054,.F.);
#8422=ORIENTED_EDGE('',*,*,#6059,.F.);
#8423=ORIENTED_EDGE('',*,*,#6060,.T.);
#8424=ORIENTED_EDGE('',*,*,#6061,.T.);
#8425=ORIENTED_EDGE('',*,*,#6057,.F.);
#8426=ORIENTED_EDGE('',*,*,#6062,.F.);
#8427=ORIENTED_EDGE('',*,*,#6063,.T.);
#8428=ORIENTED_EDGE('',*,*,#6064,.T.);
#8429=ORIENTED_EDGE('',*,*,#6060,.F.);
#8430=ORIENTED_EDGE('',*,*,#6065,.F.);
#8431=ORIENTED_EDGE('',*,*,#6066,.T.);
#8432=ORIENTED_EDGE('',*,*,#6067,.T.);
#8433=ORIENTED_EDGE('',*,*,#6063,.F.);
#8434=ORIENTED_EDGE('',*,*,#6068,.F.);
#8435=ORIENTED_EDGE('',*,*,#5992,.T.);
#8436=ORIENTED_EDGE('',*,*,#6069,.T.);
#8437=ORIENTED_EDGE('',*,*,#6066,.F.);
#8438=ORIENTED_EDGE('',*,*,#6069,.F.);
#8439=ORIENTED_EDGE('',*,*,#5991,.F.);
#8440=ORIENTED_EDGE('',*,*,#5995,.F.);
#8441=ORIENTED_EDGE('',*,*,#5998,.F.);
#8442=ORIENTED_EDGE('',*,*,#6001,.F.);
#8443=ORIENTED_EDGE('',*,*,#6004,.F.);
#8444=ORIENTED_EDGE('',*,*,#6007,.F.);
#8445=ORIENTED_EDGE('',*,*,#6010,.F.);
#8446=ORIENTED_EDGE('',*,*,#6013,.F.);
#8447=ORIENTED_EDGE('',*,*,#6016,.F.);
#8448=ORIENTED_EDGE('',*,*,#6019,.F.);
#8449=ORIENTED_EDGE('',*,*,#6022,.F.);
#8450=ORIENTED_EDGE('',*,*,#6025,.F.);
#8451=ORIENTED_EDGE('',*,*,#6028,.F.);
#8452=ORIENTED_EDGE('',*,*,#6031,.F.);
#8453=ORIENTED_EDGE('',*,*,#6034,.F.);
#8454=ORIENTED_EDGE('',*,*,#6037,.F.);
#8455=ORIENTED_EDGE('',*,*,#6040,.F.);
#8456=ORIENTED_EDGE('',*,*,#6043,.F.);
#8457=ORIENTED_EDGE('',*,*,#6046,.F.);
#8458=ORIENTED_EDGE('',*,*,#6049,.F.);
#8459=ORIENTED_EDGE('',*,*,#6052,.F.);
#8460=ORIENTED_EDGE('',*,*,#6055,.F.);
#8461=ORIENTED_EDGE('',*,*,#6058,.F.);
#8462=ORIENTED_EDGE('',*,*,#6061,.F.);
#8463=ORIENTED_EDGE('',*,*,#6064,.F.);
#8464=ORIENTED_EDGE('',*,*,#6067,.F.);
#8465=ORIENTED_EDGE('',*,*,#5988,.F.);
#8466=ORIENTED_EDGE('',*,*,#5961,.F.);
#8467=ORIENTED_EDGE('',*,*,#5965,.F.);
#8468=ORIENTED_EDGE('',*,*,#5968,.F.);
#8469=ORIENTED_EDGE('',*,*,#5971,.F.);
#8470=ORIENTED_EDGE('',*,*,#5974,.F.);
#8471=ORIENTED_EDGE('',*,*,#5977,.F.);
#8472=ORIENTED_EDGE('',*,*,#5980,.F.);
#8473=ORIENTED_EDGE('',*,*,#5983,.F.);
#8474=ORIENTED_EDGE('',*,*,#5986,.F.);
#8475=ORIENTED_EDGE('',*,*,#6070,.F.);
#8476=ORIENTED_EDGE('',*,*,#6071,.T.);
#8477=ORIENTED_EDGE('',*,*,#6072,.T.);
#8478=ORIENTED_EDGE('',*,*,#6073,.F.);
#8479=ORIENTED_EDGE('',*,*,#6074,.F.);
#8480=ORIENTED_EDGE('',*,*,#6075,.T.);
#8481=ORIENTED_EDGE('',*,*,#6076,.T.);
#8482=ORIENTED_EDGE('',*,*,#6071,.F.);
#8483=ORIENTED_EDGE('',*,*,#6077,.F.);
#8484=ORIENTED_EDGE('',*,*,#6078,.T.);
#8485=ORIENTED_EDGE('',*,*,#6079,.T.);
#8486=ORIENTED_EDGE('',*,*,#6075,.F.);
#8487=ORIENTED_EDGE('',*,*,#6080,.F.);
#8488=ORIENTED_EDGE('',*,*,#6081,.T.);
#8489=ORIENTED_EDGE('',*,*,#6082,.T.);
#8490=ORIENTED_EDGE('',*,*,#6078,.F.);
#8491=ORIENTED_EDGE('',*,*,#6083,.F.);
#8492=ORIENTED_EDGE('',*,*,#6084,.T.);
#8493=ORIENTED_EDGE('',*,*,#6085,.T.);
#8494=ORIENTED_EDGE('',*,*,#6081,.F.);
#8495=ORIENTED_EDGE('',*,*,#6086,.F.);
#8496=ORIENTED_EDGE('',*,*,#6087,.T.);
#8497=ORIENTED_EDGE('',*,*,#6088,.T.);
#8498=ORIENTED_EDGE('',*,*,#6084,.F.);
#8499=ORIENTED_EDGE('',*,*,#6089,.F.);
#8500=ORIENTED_EDGE('',*,*,#6090,.T.);
#8501=ORIENTED_EDGE('',*,*,#6091,.T.);
#8502=ORIENTED_EDGE('',*,*,#6087,.F.);
#8503=ORIENTED_EDGE('',*,*,#6092,.F.);
#8504=ORIENTED_EDGE('',*,*,#6093,.T.);
#8505=ORIENTED_EDGE('',*,*,#6094,.T.);
#8506=ORIENTED_EDGE('',*,*,#6090,.F.);
#8507=ORIENTED_EDGE('',*,*,#6095,.F.);
#8508=ORIENTED_EDGE('',*,*,#6096,.T.);
#8509=ORIENTED_EDGE('',*,*,#6097,.T.);
#8510=ORIENTED_EDGE('',*,*,#6093,.F.);
#8511=ORIENTED_EDGE('',*,*,#6098,.F.);
#8512=ORIENTED_EDGE('',*,*,#6099,.T.);
#8513=ORIENTED_EDGE('',*,*,#6100,.T.);
#8514=ORIENTED_EDGE('',*,*,#6096,.F.);
#8515=ORIENTED_EDGE('',*,*,#6101,.F.);
#8516=ORIENTED_EDGE('',*,*,#6102,.T.);
#8517=ORIENTED_EDGE('',*,*,#6103,.T.);
#8518=ORIENTED_EDGE('',*,*,#6099,.F.);
#8519=ORIENTED_EDGE('',*,*,#6104,.F.);
#8520=ORIENTED_EDGE('',*,*,#6105,.T.);
#8521=ORIENTED_EDGE('',*,*,#6106,.T.);
#8522=ORIENTED_EDGE('',*,*,#6102,.F.);
#8523=ORIENTED_EDGE('',*,*,#6107,.F.);
#8524=ORIENTED_EDGE('',*,*,#6108,.T.);
#8525=ORIENTED_EDGE('',*,*,#6109,.T.);
#8526=ORIENTED_EDGE('',*,*,#6105,.F.);
#8527=ORIENTED_EDGE('',*,*,#6110,.F.);
#8528=ORIENTED_EDGE('',*,*,#6111,.T.);
#8529=ORIENTED_EDGE('',*,*,#6112,.T.);
#8530=ORIENTED_EDGE('',*,*,#6108,.F.);
#8531=ORIENTED_EDGE('',*,*,#6113,.F.);
#8532=ORIENTED_EDGE('',*,*,#6114,.T.);
#8533=ORIENTED_EDGE('',*,*,#6115,.T.);
#8534=ORIENTED_EDGE('',*,*,#6111,.F.);
#8535=ORIENTED_EDGE('',*,*,#6116,.F.);
#8536=ORIENTED_EDGE('',*,*,#6117,.T.);
#8537=ORIENTED_EDGE('',*,*,#6118,.T.);
#8538=ORIENTED_EDGE('',*,*,#6114,.F.);
#8539=ORIENTED_EDGE('',*,*,#6119,.F.);
#8540=ORIENTED_EDGE('',*,*,#6073,.T.);
#8541=ORIENTED_EDGE('',*,*,#6120,.T.);
#8542=ORIENTED_EDGE('',*,*,#6117,.F.);
#8543=ORIENTED_EDGE('',*,*,#6120,.F.);
#8544=ORIENTED_EDGE('',*,*,#6072,.F.);
#8545=ORIENTED_EDGE('',*,*,#6076,.F.);
#8546=ORIENTED_EDGE('',*,*,#6079,.F.);
#8547=ORIENTED_EDGE('',*,*,#6082,.F.);
#8548=ORIENTED_EDGE('',*,*,#6085,.F.);
#8549=ORIENTED_EDGE('',*,*,#6088,.F.);
#8550=ORIENTED_EDGE('',*,*,#6091,.F.);
#8551=ORIENTED_EDGE('',*,*,#6094,.F.);
#8552=ORIENTED_EDGE('',*,*,#6097,.F.);
#8553=ORIENTED_EDGE('',*,*,#6100,.F.);
#8554=ORIENTED_EDGE('',*,*,#6103,.F.);
#8555=ORIENTED_EDGE('',*,*,#6106,.F.);
#8556=ORIENTED_EDGE('',*,*,#6109,.F.);
#8557=ORIENTED_EDGE('',*,*,#6112,.F.);
#8558=ORIENTED_EDGE('',*,*,#6115,.F.);
#8559=ORIENTED_EDGE('',*,*,#6118,.F.);
#8560=ORIENTED_EDGE('',*,*,#6121,.F.);
#8561=ORIENTED_EDGE('',*,*,#6122,.T.);
#8562=ORIENTED_EDGE('',*,*,#6123,.T.);
#8563=ORIENTED_EDGE('',*,*,#6124,.F.);
#8564=ORIENTED_EDGE('',*,*,#6125,.F.);
#8565=ORIENTED_EDGE('',*,*,#6126,.T.);
#8566=ORIENTED_EDGE('',*,*,#6127,.T.);
#8567=ORIENTED_EDGE('',*,*,#6122,.F.);
#8568=ORIENTED_EDGE('',*,*,#6128,.F.);
#8569=ORIENTED_EDGE('',*,*,#6129,.T.);
#8570=ORIENTED_EDGE('',*,*,#6130,.T.);
#8571=ORIENTED_EDGE('',*,*,#6126,.F.);
#8572=ORIENTED_EDGE('',*,*,#6131,.F.);
#8573=ORIENTED_EDGE('',*,*,#6132,.T.);
#8574=ORIENTED_EDGE('',*,*,#6133,.T.);
#8575=ORIENTED_EDGE('',*,*,#6129,.F.);
#8576=ORIENTED_EDGE('',*,*,#6134,.F.);
#8577=ORIENTED_EDGE('',*,*,#6124,.T.);
#8578=ORIENTED_EDGE('',*,*,#6135,.T.);
#8579=ORIENTED_EDGE('',*,*,#6132,.F.);
#8580=ORIENTED_EDGE('',*,*,#6136,.F.);
#8581=ORIENTED_EDGE('',*,*,#6137,.T.);
#8582=ORIENTED_EDGE('',*,*,#6138,.T.);
#8583=ORIENTED_EDGE('',*,*,#6139,.F.);
#8584=ORIENTED_EDGE('',*,*,#6140,.F.);
#8585=ORIENTED_EDGE('',*,*,#6141,.T.);
#8586=ORIENTED_EDGE('',*,*,#6142,.T.);
#8587=ORIENTED_EDGE('',*,*,#6137,.F.);
#8588=ORIENTED_EDGE('',*,*,#6143,.F.);
#8589=ORIENTED_EDGE('',*,*,#6144,.T.);
#8590=ORIENTED_EDGE('',*,*,#6145,.T.);
#8591=ORIENTED_EDGE('',*,*,#6141,.F.);
#8592=ORIENTED_EDGE('',*,*,#6146,.F.);
#8593=ORIENTED_EDGE('',*,*,#6147,.T.);
#8594=ORIENTED_EDGE('',*,*,#6148,.T.);
#8595=ORIENTED_EDGE('',*,*,#6144,.F.);
#8596=ORIENTED_EDGE('',*,*,#6149,.F.);
#8597=ORIENTED_EDGE('',*,*,#6150,.T.);
#8598=ORIENTED_EDGE('',*,*,#6151,.T.);
#8599=ORIENTED_EDGE('',*,*,#6147,.F.);
#8600=ORIENTED_EDGE('',*,*,#6152,.F.);
#8601=ORIENTED_EDGE('',*,*,#6153,.T.);
#8602=ORIENTED_EDGE('',*,*,#6154,.T.);
#8603=ORIENTED_EDGE('',*,*,#6150,.F.);
#8604=ORIENTED_EDGE('',*,*,#6155,.F.);
#8605=ORIENTED_EDGE('',*,*,#6156,.T.);
#8606=ORIENTED_EDGE('',*,*,#6157,.T.);
#8607=ORIENTED_EDGE('',*,*,#6153,.F.);
#8608=ORIENTED_EDGE('',*,*,#6158,.F.);
#8609=ORIENTED_EDGE('',*,*,#6159,.T.);
#8610=ORIENTED_EDGE('',*,*,#6160,.T.);
#8611=ORIENTED_EDGE('',*,*,#6156,.F.);
#8612=ORIENTED_EDGE('',*,*,#6161,.F.);
#8613=ORIENTED_EDGE('',*,*,#6162,.T.);
#8614=ORIENTED_EDGE('',*,*,#6163,.T.);
#8615=ORIENTED_EDGE('',*,*,#6159,.F.);
#8616=ORIENTED_EDGE('',*,*,#6164,.F.);
#8617=ORIENTED_EDGE('',*,*,#6165,.T.);
#8618=ORIENTED_EDGE('',*,*,#6166,.T.);
#8619=ORIENTED_EDGE('',*,*,#6162,.F.);
#8620=ORIENTED_EDGE('',*,*,#6167,.F.);
#8621=ORIENTED_EDGE('',*,*,#6168,.T.);
#8622=ORIENTED_EDGE('',*,*,#6169,.T.);
#8623=ORIENTED_EDGE('',*,*,#6165,.F.);
#8624=ORIENTED_EDGE('',*,*,#6170,.F.);
#8625=ORIENTED_EDGE('',*,*,#6171,.T.);
#8626=ORIENTED_EDGE('',*,*,#6172,.T.);
#8627=ORIENTED_EDGE('',*,*,#6168,.F.);
#8628=ORIENTED_EDGE('',*,*,#6173,.F.);
#8629=ORIENTED_EDGE('',*,*,#6174,.T.);
#8630=ORIENTED_EDGE('',*,*,#6175,.T.);
#8631=ORIENTED_EDGE('',*,*,#6171,.F.);
#8632=ORIENTED_EDGE('',*,*,#6176,.F.);
#8633=ORIENTED_EDGE('',*,*,#6177,.T.);
#8634=ORIENTED_EDGE('',*,*,#6178,.T.);
#8635=ORIENTED_EDGE('',*,*,#6174,.F.);
#8636=ORIENTED_EDGE('',*,*,#6179,.F.);
#8637=ORIENTED_EDGE('',*,*,#6139,.T.);
#8638=ORIENTED_EDGE('',*,*,#6180,.T.);
#8639=ORIENTED_EDGE('',*,*,#6177,.F.);
#8640=ORIENTED_EDGE('',*,*,#6180,.F.);
#8641=ORIENTED_EDGE('',*,*,#6138,.F.);
#8642=ORIENTED_EDGE('',*,*,#6142,.F.);
#8643=ORIENTED_EDGE('',*,*,#6145,.F.);
#8644=ORIENTED_EDGE('',*,*,#6148,.F.);
#8645=ORIENTED_EDGE('',*,*,#6151,.F.);
#8646=ORIENTED_EDGE('',*,*,#6154,.F.);
#8647=ORIENTED_EDGE('',*,*,#6157,.F.);
#8648=ORIENTED_EDGE('',*,*,#6160,.F.);
#8649=ORIENTED_EDGE('',*,*,#6163,.F.);
#8650=ORIENTED_EDGE('',*,*,#6166,.F.);
#8651=ORIENTED_EDGE('',*,*,#6169,.F.);
#8652=ORIENTED_EDGE('',*,*,#6172,.F.);
#8653=ORIENTED_EDGE('',*,*,#6175,.F.);
#8654=ORIENTED_EDGE('',*,*,#6178,.F.);
#8655=ORIENTED_EDGE('',*,*,#6135,.F.);
#8656=ORIENTED_EDGE('',*,*,#6123,.F.);
#8657=ORIENTED_EDGE('',*,*,#6127,.F.);
#8658=ORIENTED_EDGE('',*,*,#6130,.F.);
#8659=ORIENTED_EDGE('',*,*,#6133,.F.);
#8660=ORIENTED_EDGE('',*,*,#6181,.F.);
#8661=ORIENTED_EDGE('',*,*,#6182,.T.);
#8662=ORIENTED_EDGE('',*,*,#6183,.T.);
#8663=ORIENTED_EDGE('',*,*,#6184,.F.);
#8664=ORIENTED_EDGE('',*,*,#6185,.F.);
#8665=ORIENTED_EDGE('',*,*,#6186,.T.);
#8666=ORIENTED_EDGE('',*,*,#6187,.T.);
#8667=ORIENTED_EDGE('',*,*,#6182,.F.);
#8668=ORIENTED_EDGE('',*,*,#6188,.F.);
#8669=ORIENTED_EDGE('',*,*,#6189,.T.);
#8670=ORIENTED_EDGE('',*,*,#6190,.T.);
#8671=ORIENTED_EDGE('',*,*,#6186,.F.);
#8672=ORIENTED_EDGE('',*,*,#6191,.F.);
#8673=ORIENTED_EDGE('',*,*,#6192,.T.);
#8674=ORIENTED_EDGE('',*,*,#6193,.T.);
#8675=ORIENTED_EDGE('',*,*,#6189,.F.);
#8676=ORIENTED_EDGE('',*,*,#6194,.F.);
#8677=ORIENTED_EDGE('',*,*,#6195,.T.);
#8678=ORIENTED_EDGE('',*,*,#6196,.T.);
#8679=ORIENTED_EDGE('',*,*,#6192,.F.);
#8680=ORIENTED_EDGE('',*,*,#6197,.F.);
#8681=ORIENTED_EDGE('',*,*,#6198,.T.);
#8682=ORIENTED_EDGE('',*,*,#6199,.T.);
#8683=ORIENTED_EDGE('',*,*,#6195,.F.);
#8684=ORIENTED_EDGE('',*,*,#6200,.F.);
#8685=ORIENTED_EDGE('',*,*,#6201,.T.);
#8686=ORIENTED_EDGE('',*,*,#6202,.T.);
#8687=ORIENTED_EDGE('',*,*,#6198,.F.);
#8688=ORIENTED_EDGE('',*,*,#6203,.F.);
#8689=ORIENTED_EDGE('',*,*,#6204,.T.);
#8690=ORIENTED_EDGE('',*,*,#6205,.T.);
#8691=ORIENTED_EDGE('',*,*,#6201,.F.);
#8692=ORIENTED_EDGE('',*,*,#6206,.F.);
#8693=ORIENTED_EDGE('',*,*,#6207,.T.);
#8694=ORIENTED_EDGE('',*,*,#6208,.T.);
#8695=ORIENTED_EDGE('',*,*,#6204,.F.);
#8696=ORIENTED_EDGE('',*,*,#6209,.F.);
#8697=ORIENTED_EDGE('',*,*,#6210,.T.);
#8698=ORIENTED_EDGE('',*,*,#6211,.T.);
#8699=ORIENTED_EDGE('',*,*,#6207,.F.);
#8700=ORIENTED_EDGE('',*,*,#6212,.F.);
#8701=ORIENTED_EDGE('',*,*,#6213,.T.);
#8702=ORIENTED_EDGE('',*,*,#6214,.T.);
#8703=ORIENTED_EDGE('',*,*,#6210,.F.);
#8704=ORIENTED_EDGE('',*,*,#6215,.F.);
#8705=ORIENTED_EDGE('',*,*,#6216,.T.);
#8706=ORIENTED_EDGE('',*,*,#6217,.T.);
#8707=ORIENTED_EDGE('',*,*,#6213,.F.);
#8708=ORIENTED_EDGE('',*,*,#6218,.F.);
#8709=ORIENTED_EDGE('',*,*,#6219,.T.);
#8710=ORIENTED_EDGE('',*,*,#6220,.T.);
#8711=ORIENTED_EDGE('',*,*,#6216,.F.);
#8712=ORIENTED_EDGE('',*,*,#6221,.F.);
#8713=ORIENTED_EDGE('',*,*,#6222,.T.);
#8714=ORIENTED_EDGE('',*,*,#6223,.T.);
#8715=ORIENTED_EDGE('',*,*,#6219,.F.);
#8716=ORIENTED_EDGE('',*,*,#6224,.F.);
#8717=ORIENTED_EDGE('',*,*,#6225,.T.);
#8718=ORIENTED_EDGE('',*,*,#6226,.T.);
#8719=ORIENTED_EDGE('',*,*,#6222,.F.);
#8720=ORIENTED_EDGE('',*,*,#6227,.F.);
#8721=ORIENTED_EDGE('',*,*,#6228,.T.);
#8722=ORIENTED_EDGE('',*,*,#6229,.T.);
#8723=ORIENTED_EDGE('',*,*,#6225,.F.);
#8724=ORIENTED_EDGE('',*,*,#6230,.F.);
#8725=ORIENTED_EDGE('',*,*,#6231,.T.);
#8726=ORIENTED_EDGE('',*,*,#6232,.T.);
#8727=ORIENTED_EDGE('',*,*,#6228,.F.);
#8728=ORIENTED_EDGE('',*,*,#6233,.F.);
#8729=ORIENTED_EDGE('',*,*,#6234,.T.);
#8730=ORIENTED_EDGE('',*,*,#6235,.T.);
#8731=ORIENTED_EDGE('',*,*,#6231,.F.);
#8732=ORIENTED_EDGE('',*,*,#6236,.F.);
#8733=ORIENTED_EDGE('',*,*,#6237,.T.);
#8734=ORIENTED_EDGE('',*,*,#6238,.T.);
#8735=ORIENTED_EDGE('',*,*,#6234,.F.);
#8736=ORIENTED_EDGE('',*,*,#6239,.F.);
#8737=ORIENTED_EDGE('',*,*,#6240,.T.);
#8738=ORIENTED_EDGE('',*,*,#6241,.T.);
#8739=ORIENTED_EDGE('',*,*,#6237,.F.);
#8740=ORIENTED_EDGE('',*,*,#6242,.F.);
#8741=ORIENTED_EDGE('',*,*,#6243,.T.);
#8742=ORIENTED_EDGE('',*,*,#6244,.T.);
#8743=ORIENTED_EDGE('',*,*,#6240,.F.);
#8744=ORIENTED_EDGE('',*,*,#6245,.F.);
#8745=ORIENTED_EDGE('',*,*,#6184,.T.);
#8746=ORIENTED_EDGE('',*,*,#6246,.T.);
#8747=ORIENTED_EDGE('',*,*,#6243,.F.);
#8748=ORIENTED_EDGE('',*,*,#6246,.F.);
#8749=ORIENTED_EDGE('',*,*,#6183,.F.);
#8750=ORIENTED_EDGE('',*,*,#6187,.F.);
#8751=ORIENTED_EDGE('',*,*,#6190,.F.);
#8752=ORIENTED_EDGE('',*,*,#6193,.F.);
#8753=ORIENTED_EDGE('',*,*,#6196,.F.);
#8754=ORIENTED_EDGE('',*,*,#6199,.F.);
#8755=ORIENTED_EDGE('',*,*,#6202,.F.);
#8756=ORIENTED_EDGE('',*,*,#6205,.F.);
#8757=ORIENTED_EDGE('',*,*,#6208,.F.);
#8758=ORIENTED_EDGE('',*,*,#6211,.F.);
#8759=ORIENTED_EDGE('',*,*,#6214,.F.);
#8760=ORIENTED_EDGE('',*,*,#6217,.F.);
#8761=ORIENTED_EDGE('',*,*,#6220,.F.);
#8762=ORIENTED_EDGE('',*,*,#6223,.F.);
#8763=ORIENTED_EDGE('',*,*,#6226,.F.);
#8764=ORIENTED_EDGE('',*,*,#6229,.F.);
#8765=ORIENTED_EDGE('',*,*,#6232,.F.);
#8766=ORIENTED_EDGE('',*,*,#6235,.F.);
#8767=ORIENTED_EDGE('',*,*,#6238,.F.);
#8768=ORIENTED_EDGE('',*,*,#6241,.F.);
#8769=ORIENTED_EDGE('',*,*,#6244,.F.);
#8770=ORIENTED_EDGE('',*,*,#6247,.F.);
#8771=ORIENTED_EDGE('',*,*,#6248,.T.);
#8772=ORIENTED_EDGE('',*,*,#6249,.T.);
#8773=ORIENTED_EDGE('',*,*,#6250,.F.);
#8774=ORIENTED_EDGE('',*,*,#6251,.F.);
#8775=ORIENTED_EDGE('',*,*,#6252,.T.);
#8776=ORIENTED_EDGE('',*,*,#6253,.T.);
#8777=ORIENTED_EDGE('',*,*,#6248,.F.);
#8778=ORIENTED_EDGE('',*,*,#6254,.F.);
#8779=ORIENTED_EDGE('',*,*,#6255,.T.);
#8780=ORIENTED_EDGE('',*,*,#6256,.T.);
#8781=ORIENTED_EDGE('',*,*,#6252,.F.);
#8782=ORIENTED_EDGE('',*,*,#6257,.F.);
#8783=ORIENTED_EDGE('',*,*,#6258,.T.);
#8784=ORIENTED_EDGE('',*,*,#6259,.T.);
#8785=ORIENTED_EDGE('',*,*,#6255,.F.);
#8786=ORIENTED_EDGE('',*,*,#6260,.F.);
#8787=ORIENTED_EDGE('',*,*,#6261,.T.);
#8788=ORIENTED_EDGE('',*,*,#6262,.T.);
#8789=ORIENTED_EDGE('',*,*,#6258,.F.);
#8790=ORIENTED_EDGE('',*,*,#6263,.F.);
#8791=ORIENTED_EDGE('',*,*,#6264,.T.);
#8792=ORIENTED_EDGE('',*,*,#6265,.T.);
#8793=ORIENTED_EDGE('',*,*,#6261,.F.);
#8794=ORIENTED_EDGE('',*,*,#6266,.F.);
#8795=ORIENTED_EDGE('',*,*,#6267,.T.);
#8796=ORIENTED_EDGE('',*,*,#6268,.T.);
#8797=ORIENTED_EDGE('',*,*,#6264,.F.);
#8798=ORIENTED_EDGE('',*,*,#6269,.F.);
#8799=ORIENTED_EDGE('',*,*,#6270,.T.);
#8800=ORIENTED_EDGE('',*,*,#6271,.T.);
#8801=ORIENTED_EDGE('',*,*,#6267,.F.);
#8802=ORIENTED_EDGE('',*,*,#6272,.F.);
#8803=ORIENTED_EDGE('',*,*,#6273,.T.);
#8804=ORIENTED_EDGE('',*,*,#6274,.T.);
#8805=ORIENTED_EDGE('',*,*,#6270,.F.);
#8806=ORIENTED_EDGE('',*,*,#6275,.F.);
#8807=ORIENTED_EDGE('',*,*,#6276,.T.);
#8808=ORIENTED_EDGE('',*,*,#6277,.T.);
#8809=ORIENTED_EDGE('',*,*,#6273,.F.);
#8810=ORIENTED_EDGE('',*,*,#6278,.F.);
#8811=ORIENTED_EDGE('',*,*,#6279,.T.);
#8812=ORIENTED_EDGE('',*,*,#6280,.T.);
#8813=ORIENTED_EDGE('',*,*,#6276,.F.);
#8814=ORIENTED_EDGE('',*,*,#6281,.F.);
#8815=ORIENTED_EDGE('',*,*,#6282,.T.);
#8816=ORIENTED_EDGE('',*,*,#6283,.T.);
#8817=ORIENTED_EDGE('',*,*,#6279,.F.);
#8818=ORIENTED_EDGE('',*,*,#6284,.F.);
#8819=ORIENTED_EDGE('',*,*,#6285,.T.);
#8820=ORIENTED_EDGE('',*,*,#6286,.T.);
#8821=ORIENTED_EDGE('',*,*,#6282,.F.);
#8822=ORIENTED_EDGE('',*,*,#6287,.F.);
#8823=ORIENTED_EDGE('',*,*,#6288,.T.);
#8824=ORIENTED_EDGE('',*,*,#6289,.T.);
#8825=ORIENTED_EDGE('',*,*,#6285,.F.);
#8826=ORIENTED_EDGE('',*,*,#6290,.F.);
#8827=ORIENTED_EDGE('',*,*,#6291,.T.);
#8828=ORIENTED_EDGE('',*,*,#6292,.T.);
#8829=ORIENTED_EDGE('',*,*,#6288,.F.);
#8830=ORIENTED_EDGE('',*,*,#6293,.F.);
#8831=ORIENTED_EDGE('',*,*,#6294,.T.);
#8832=ORIENTED_EDGE('',*,*,#6295,.T.);
#8833=ORIENTED_EDGE('',*,*,#6291,.F.);
#8834=ORIENTED_EDGE('',*,*,#6296,.F.);
#8835=ORIENTED_EDGE('',*,*,#6297,.T.);
#8836=ORIENTED_EDGE('',*,*,#6298,.T.);
#8837=ORIENTED_EDGE('',*,*,#6294,.F.);
#8838=ORIENTED_EDGE('',*,*,#6299,.F.);
#8839=ORIENTED_EDGE('',*,*,#6250,.T.);
#8840=ORIENTED_EDGE('',*,*,#6300,.T.);
#8841=ORIENTED_EDGE('',*,*,#6297,.F.);
#8842=ORIENTED_EDGE('',*,*,#6300,.F.);
#8843=ORIENTED_EDGE('',*,*,#6249,.F.);
#8844=ORIENTED_EDGE('',*,*,#6253,.F.);
#8845=ORIENTED_EDGE('',*,*,#6256,.F.);
#8846=ORIENTED_EDGE('',*,*,#6259,.F.);
#8847=ORIENTED_EDGE('',*,*,#6262,.F.);
#8848=ORIENTED_EDGE('',*,*,#6265,.F.);
#8849=ORIENTED_EDGE('',*,*,#6268,.F.);
#8850=ORIENTED_EDGE('',*,*,#6271,.F.);
#8851=ORIENTED_EDGE('',*,*,#6274,.F.);
#8852=ORIENTED_EDGE('',*,*,#6277,.F.);
#8853=ORIENTED_EDGE('',*,*,#6280,.F.);
#8854=ORIENTED_EDGE('',*,*,#6283,.F.);
#8855=ORIENTED_EDGE('',*,*,#6286,.F.);
#8856=ORIENTED_EDGE('',*,*,#6289,.F.);
#8857=ORIENTED_EDGE('',*,*,#6292,.F.);
#8858=ORIENTED_EDGE('',*,*,#6295,.F.);
#8859=ORIENTED_EDGE('',*,*,#6298,.F.);
#8860=ORIENTED_EDGE('',*,*,#6301,.F.);
#8861=ORIENTED_EDGE('',*,*,#6302,.T.);
#8862=ORIENTED_EDGE('',*,*,#6303,.T.);
#8863=ORIENTED_EDGE('',*,*,#6304,.F.);
#8864=ORIENTED_EDGE('',*,*,#6305,.F.);
#8865=ORIENTED_EDGE('',*,*,#6306,.T.);
#8866=ORIENTED_EDGE('',*,*,#6307,.T.);
#8867=ORIENTED_EDGE('',*,*,#6302,.F.);
#8868=ORIENTED_EDGE('',*,*,#6308,.F.);
#8869=ORIENTED_EDGE('',*,*,#6309,.T.);
#8870=ORIENTED_EDGE('',*,*,#6310,.T.);
#8871=ORIENTED_EDGE('',*,*,#6306,.F.);
#8872=ORIENTED_EDGE('',*,*,#6311,.F.);
#8873=ORIENTED_EDGE('',*,*,#6304,.T.);
#8874=ORIENTED_EDGE('',*,*,#6312,.T.);
#8875=ORIENTED_EDGE('',*,*,#6309,.F.);
#8876=ORIENTED_EDGE('',*,*,#6312,.F.);
#8877=ORIENTED_EDGE('',*,*,#6303,.F.);
#8878=ORIENTED_EDGE('',*,*,#6307,.F.);
#8879=ORIENTED_EDGE('',*,*,#6310,.F.);
#8880=ORIENTED_EDGE('',*,*,#6313,.F.);
#8881=ORIENTED_EDGE('',*,*,#6314,.T.);
#8882=ORIENTED_EDGE('',*,*,#6315,.T.);
#8883=ORIENTED_EDGE('',*,*,#6316,.F.);
#8884=ORIENTED_EDGE('',*,*,#6317,.F.);
#8885=ORIENTED_EDGE('',*,*,#6318,.T.);
#8886=ORIENTED_EDGE('',*,*,#6319,.T.);
#8887=ORIENTED_EDGE('',*,*,#6314,.F.);
#8888=ORIENTED_EDGE('',*,*,#6320,.F.);
#8889=ORIENTED_EDGE('',*,*,#6321,.T.);
#8890=ORIENTED_EDGE('',*,*,#6322,.T.);
#8891=ORIENTED_EDGE('',*,*,#6318,.F.);
#8892=ORIENTED_EDGE('',*,*,#6323,.F.);
#8893=ORIENTED_EDGE('',*,*,#6324,.T.);
#8894=ORIENTED_EDGE('',*,*,#6325,.T.);
#8895=ORIENTED_EDGE('',*,*,#6321,.F.);
#8896=ORIENTED_EDGE('',*,*,#6326,.F.);
#8897=ORIENTED_EDGE('',*,*,#6327,.T.);
#8898=ORIENTED_EDGE('',*,*,#6328,.T.);
#8899=ORIENTED_EDGE('',*,*,#6324,.F.);
#8900=ORIENTED_EDGE('',*,*,#6329,.F.);
#8901=ORIENTED_EDGE('',*,*,#6330,.T.);
#8902=ORIENTED_EDGE('',*,*,#6331,.T.);
#8903=ORIENTED_EDGE('',*,*,#6327,.F.);
#8904=ORIENTED_EDGE('',*,*,#6332,.F.);
#8905=ORIENTED_EDGE('',*,*,#6333,.T.);
#8906=ORIENTED_EDGE('',*,*,#6334,.T.);
#8907=ORIENTED_EDGE('',*,*,#6330,.F.);
#8908=ORIENTED_EDGE('',*,*,#6335,.F.);
#8909=ORIENTED_EDGE('',*,*,#6336,.T.);
#8910=ORIENTED_EDGE('',*,*,#6337,.T.);
#8911=ORIENTED_EDGE('',*,*,#6333,.F.);
#8912=ORIENTED_EDGE('',*,*,#6338,.F.);
#8913=ORIENTED_EDGE('',*,*,#6339,.T.);
#8914=ORIENTED_EDGE('',*,*,#6340,.T.);
#8915=ORIENTED_EDGE('',*,*,#6336,.F.);
#8916=ORIENTED_EDGE('',*,*,#6341,.F.);
#8917=ORIENTED_EDGE('',*,*,#6342,.T.);
#8918=ORIENTED_EDGE('',*,*,#6343,.T.);
#8919=ORIENTED_EDGE('',*,*,#6339,.F.);
#8920=ORIENTED_EDGE('',*,*,#6344,.F.);
#8921=ORIENTED_EDGE('',*,*,#6345,.T.);
#8922=ORIENTED_EDGE('',*,*,#6346,.T.);
#8923=ORIENTED_EDGE('',*,*,#6342,.F.);
#8924=ORIENTED_EDGE('',*,*,#6347,.F.);
#8925=ORIENTED_EDGE('',*,*,#6316,.T.);
#8926=ORIENTED_EDGE('',*,*,#6348,.T.);
#8927=ORIENTED_EDGE('',*,*,#6345,.F.);
#8928=ORIENTED_EDGE('',*,*,#6348,.F.);
#8929=ORIENTED_EDGE('',*,*,#6315,.F.);
#8930=ORIENTED_EDGE('',*,*,#6319,.F.);
#8931=ORIENTED_EDGE('',*,*,#6322,.F.);
#8932=ORIENTED_EDGE('',*,*,#6325,.F.);
#8933=ORIENTED_EDGE('',*,*,#6328,.F.);
#8934=ORIENTED_EDGE('',*,*,#6331,.F.);
#8935=ORIENTED_EDGE('',*,*,#6334,.F.);
#8936=ORIENTED_EDGE('',*,*,#6337,.F.);
#8937=ORIENTED_EDGE('',*,*,#6340,.F.);
#8938=ORIENTED_EDGE('',*,*,#6343,.F.);
#8939=ORIENTED_EDGE('',*,*,#6346,.F.);
#8940=ORIENTED_EDGE('',*,*,#6349,.F.);
#8941=ORIENTED_EDGE('',*,*,#6350,.T.);
#8942=ORIENTED_EDGE('',*,*,#6351,.T.);
#8943=ORIENTED_EDGE('',*,*,#6352,.F.);
#8944=ORIENTED_EDGE('',*,*,#6353,.F.);
#8945=ORIENTED_EDGE('',*,*,#6354,.T.);
#8946=ORIENTED_EDGE('',*,*,#6355,.T.);
#8947=ORIENTED_EDGE('',*,*,#6350,.F.);
#8948=ORIENTED_EDGE('',*,*,#6356,.F.);
#8949=ORIENTED_EDGE('',*,*,#6357,.T.);
#8950=ORIENTED_EDGE('',*,*,#6358,.T.);
#8951=ORIENTED_EDGE('',*,*,#6354,.F.);
#8952=ORIENTED_EDGE('',*,*,#6359,.F.);
#8953=ORIENTED_EDGE('',*,*,#6360,.T.);
#8954=ORIENTED_EDGE('',*,*,#6361,.T.);
#8955=ORIENTED_EDGE('',*,*,#6357,.F.);
#8956=ORIENTED_EDGE('',*,*,#6362,.F.);
#8957=ORIENTED_EDGE('',*,*,#6363,.T.);
#8958=ORIENTED_EDGE('',*,*,#6364,.T.);
#8959=ORIENTED_EDGE('',*,*,#6360,.F.);
#8960=ORIENTED_EDGE('',*,*,#6365,.F.);
#8961=ORIENTED_EDGE('',*,*,#6352,.T.);
#8962=ORIENTED_EDGE('',*,*,#6366,.T.);
#8963=ORIENTED_EDGE('',*,*,#6363,.F.);
#8964=ORIENTED_EDGE('',*,*,#6366,.F.);
#8965=ORIENTED_EDGE('',*,*,#6351,.F.);
#8966=ORIENTED_EDGE('',*,*,#6355,.F.);
#8967=ORIENTED_EDGE('',*,*,#6358,.F.);
#8968=ORIENTED_EDGE('',*,*,#6361,.F.);
#8969=ORIENTED_EDGE('',*,*,#6364,.F.);
#8970=ORIENTED_EDGE('',*,*,#6367,.T.);
#8971=ORIENTED_EDGE('',*,*,#6368,.T.);
#8972=ORIENTED_EDGE('',*,*,#6369,.T.);
#8973=ORIENTED_EDGE('',*,*,#6370,.T.);
#8974=ORIENTED_EDGE('',*,*,#6371,.T.);
#8975=ORIENTED_EDGE('',*,*,#6372,.T.);
#8976=ORIENTED_EDGE('',*,*,#6373,.T.);
#8977=ORIENTED_EDGE('',*,*,#6374,.T.);
#8978=ORIENTED_EDGE('',*,*,#5836,.T.);
#8979=ORIENTED_EDGE('',*,*,#5891,.T.);
#8980=ORIENTED_EDGE('',*,*,#5888,.T.);
#8981=ORIENTED_EDGE('',*,*,#5885,.T.);
#8982=ORIENTED_EDGE('',*,*,#5882,.T.);
#8983=ORIENTED_EDGE('',*,*,#5879,.T.);
#8984=ORIENTED_EDGE('',*,*,#5876,.T.);
#8985=ORIENTED_EDGE('',*,*,#5873,.T.);
#8986=ORIENTED_EDGE('',*,*,#5870,.T.);
#8987=ORIENTED_EDGE('',*,*,#5867,.T.);
#8988=ORIENTED_EDGE('',*,*,#5864,.T.);
#8989=ORIENTED_EDGE('',*,*,#5861,.T.);
#8990=ORIENTED_EDGE('',*,*,#5858,.T.);
#8991=ORIENTED_EDGE('',*,*,#5855,.T.);
#8992=ORIENTED_EDGE('',*,*,#5852,.T.);
#8993=ORIENTED_EDGE('',*,*,#5849,.T.);
#8994=ORIENTED_EDGE('',*,*,#5846,.T.);
#8995=ORIENTED_EDGE('',*,*,#5843,.T.);
#8996=ORIENTED_EDGE('',*,*,#5840,.T.);
#8997=ORIENTED_EDGE('',*,*,#5893,.T.);
#8998=ORIENTED_EDGE('',*,*,#5903,.T.);
#8999=ORIENTED_EDGE('',*,*,#5900,.T.);
#9000=ORIENTED_EDGE('',*,*,#5897,.T.);
#9001=ORIENTED_EDGE('',*,*,#5905,.T.);
#9002=ORIENTED_EDGE('',*,*,#5957,.T.);
#9003=ORIENTED_EDGE('',*,*,#5954,.T.);
#9004=ORIENTED_EDGE('',*,*,#5951,.T.);
#9005=ORIENTED_EDGE('',*,*,#5948,.T.);
#9006=ORIENTED_EDGE('',*,*,#5945,.T.);
#9007=ORIENTED_EDGE('',*,*,#5942,.T.);
#9008=ORIENTED_EDGE('',*,*,#5939,.T.);
#9009=ORIENTED_EDGE('',*,*,#5936,.T.);
#9010=ORIENTED_EDGE('',*,*,#5933,.T.);
#9011=ORIENTED_EDGE('',*,*,#5930,.T.);
#9012=ORIENTED_EDGE('',*,*,#5927,.T.);
#9013=ORIENTED_EDGE('',*,*,#5924,.T.);
#9014=ORIENTED_EDGE('',*,*,#5921,.T.);
#9015=ORIENTED_EDGE('',*,*,#5918,.T.);
#9016=ORIENTED_EDGE('',*,*,#5915,.T.);
#9017=ORIENTED_EDGE('',*,*,#5912,.T.);
#9018=ORIENTED_EDGE('',*,*,#5909,.T.);
#9019=ORIENTED_EDGE('',*,*,#5989,.T.);
#9020=ORIENTED_EDGE('',*,*,#6068,.T.);
#9021=ORIENTED_EDGE('',*,*,#6065,.T.);
#9022=ORIENTED_EDGE('',*,*,#6062,.T.);
#9023=ORIENTED_EDGE('',*,*,#6059,.T.);
#9024=ORIENTED_EDGE('',*,*,#6056,.T.);
#9025=ORIENTED_EDGE('',*,*,#6053,.T.);
#9026=ORIENTED_EDGE('',*,*,#6050,.T.);
#9027=ORIENTED_EDGE('',*,*,#6047,.T.);
#9028=ORIENTED_EDGE('',*,*,#6044,.T.);
#9029=ORIENTED_EDGE('',*,*,#6041,.T.);
#9030=ORIENTED_EDGE('',*,*,#6038,.T.);
#9031=ORIENTED_EDGE('',*,*,#6035,.T.);
#9032=ORIENTED_EDGE('',*,*,#6032,.T.);
#9033=ORIENTED_EDGE('',*,*,#6029,.T.);
#9034=ORIENTED_EDGE('',*,*,#6026,.T.);
#9035=ORIENTED_EDGE('',*,*,#6023,.T.);
#9036=ORIENTED_EDGE('',*,*,#6020,.T.);
#9037=ORIENTED_EDGE('',*,*,#6017,.T.);
#9038=ORIENTED_EDGE('',*,*,#6014,.T.);
#9039=ORIENTED_EDGE('',*,*,#6011,.T.);
#9040=ORIENTED_EDGE('',*,*,#6008,.T.);
#9041=ORIENTED_EDGE('',*,*,#6005,.T.);
#9042=ORIENTED_EDGE('',*,*,#6002,.T.);
#9043=ORIENTED_EDGE('',*,*,#5999,.T.);
#9044=ORIENTED_EDGE('',*,*,#5996,.T.);
#9045=ORIENTED_EDGE('',*,*,#5993,.T.);
#9046=ORIENTED_EDGE('',*,*,#6070,.T.);
#9047=ORIENTED_EDGE('',*,*,#6119,.T.);
#9048=ORIENTED_EDGE('',*,*,#6116,.T.);
#9049=ORIENTED_EDGE('',*,*,#6113,.T.);
#9050=ORIENTED_EDGE('',*,*,#6110,.T.);
#9051=ORIENTED_EDGE('',*,*,#6107,.T.);
#9052=ORIENTED_EDGE('',*,*,#6104,.T.);
#9053=ORIENTED_EDGE('',*,*,#6101,.T.);
#9054=ORIENTED_EDGE('',*,*,#6098,.T.);
#9055=ORIENTED_EDGE('',*,*,#6095,.T.);
#9056=ORIENTED_EDGE('',*,*,#6092,.T.);
#9057=ORIENTED_EDGE('',*,*,#6089,.T.);
#9058=ORIENTED_EDGE('',*,*,#6086,.T.);
#9059=ORIENTED_EDGE('',*,*,#6083,.T.);
#9060=ORIENTED_EDGE('',*,*,#6080,.T.);
#9061=ORIENTED_EDGE('',*,*,#6077,.T.);
#9062=ORIENTED_EDGE('',*,*,#6074,.T.);
#9063=ORIENTED_EDGE('',*,*,#6136,.T.);
#9064=ORIENTED_EDGE('',*,*,#6179,.T.);
#9065=ORIENTED_EDGE('',*,*,#6176,.T.);
#9066=ORIENTED_EDGE('',*,*,#6173,.T.);
#9067=ORIENTED_EDGE('',*,*,#6170,.T.);
#9068=ORIENTED_EDGE('',*,*,#6167,.T.);
#9069=ORIENTED_EDGE('',*,*,#6164,.T.);
#9070=ORIENTED_EDGE('',*,*,#6161,.T.);
#9071=ORIENTED_EDGE('',*,*,#6158,.T.);
#9072=ORIENTED_EDGE('',*,*,#6155,.T.);
#9073=ORIENTED_EDGE('',*,*,#6152,.T.);
#9074=ORIENTED_EDGE('',*,*,#6149,.T.);
#9075=ORIENTED_EDGE('',*,*,#6146,.T.);
#9076=ORIENTED_EDGE('',*,*,#6143,.T.);
#9077=ORIENTED_EDGE('',*,*,#6140,.T.);
#9078=ORIENTED_EDGE('',*,*,#6181,.T.);
#9079=ORIENTED_EDGE('',*,*,#6245,.T.);
#9080=ORIENTED_EDGE('',*,*,#6242,.T.);
#9081=ORIENTED_EDGE('',*,*,#6239,.T.);
#9082=ORIENTED_EDGE('',*,*,#6236,.T.);
#9083=ORIENTED_EDGE('',*,*,#6233,.T.);
#9084=ORIENTED_EDGE('',*,*,#6230,.T.);
#9085=ORIENTED_EDGE('',*,*,#6227,.T.);
#9086=ORIENTED_EDGE('',*,*,#6224,.T.);
#9087=ORIENTED_EDGE('',*,*,#6221,.T.);
#9088=ORIENTED_EDGE('',*,*,#6218,.T.);
#9089=ORIENTED_EDGE('',*,*,#6215,.T.);
#9090=ORIENTED_EDGE('',*,*,#6212,.T.);
#9091=ORIENTED_EDGE('',*,*,#6209,.T.);
#9092=ORIENTED_EDGE('',*,*,#6206,.T.);
#9093=ORIENTED_EDGE('',*,*,#6203,.T.);
#9094=ORIENTED_EDGE('',*,*,#6200,.T.);
#9095=ORIENTED_EDGE('',*,*,#6197,.T.);
#9096=ORIENTED_EDGE('',*,*,#6194,.T.);
#9097=ORIENTED_EDGE('',*,*,#6191,.T.);
#9098=ORIENTED_EDGE('',*,*,#6188,.T.);
#9099=ORIENTED_EDGE('',*,*,#6185,.T.);
#9100=ORIENTED_EDGE('',*,*,#6247,.T.);
#9101=ORIENTED_EDGE('',*,*,#6299,.T.);
#9102=ORIENTED_EDGE('',*,*,#6296,.T.);
#9103=ORIENTED_EDGE('',*,*,#6293,.T.);
#9104=ORIENTED_EDGE('',*,*,#6290,.T.);
#9105=ORIENTED_EDGE('',*,*,#6287,.T.);
#9106=ORIENTED_EDGE('',*,*,#6284,.T.);
#9107=ORIENTED_EDGE('',*,*,#6281,.T.);
#9108=ORIENTED_EDGE('',*,*,#6278,.T.);
#9109=ORIENTED_EDGE('',*,*,#6275,.T.);
#9110=ORIENTED_EDGE('',*,*,#6272,.T.);
#9111=ORIENTED_EDGE('',*,*,#6269,.T.);
#9112=ORIENTED_EDGE('',*,*,#6266,.T.);
#9113=ORIENTED_EDGE('',*,*,#6263,.T.);
#9114=ORIENTED_EDGE('',*,*,#6260,.T.);
#9115=ORIENTED_EDGE('',*,*,#6257,.T.);
#9116=ORIENTED_EDGE('',*,*,#6254,.T.);
#9117=ORIENTED_EDGE('',*,*,#6251,.T.);
#9118=ORIENTED_EDGE('',*,*,#6301,.T.);
#9119=ORIENTED_EDGE('',*,*,#6311,.T.);
#9120=ORIENTED_EDGE('',*,*,#6308,.T.);
#9121=ORIENTED_EDGE('',*,*,#6305,.T.);
#9122=ORIENTED_EDGE('',*,*,#6313,.T.);
#9123=ORIENTED_EDGE('',*,*,#6347,.T.);
#9124=ORIENTED_EDGE('',*,*,#6344,.T.);
#9125=ORIENTED_EDGE('',*,*,#6341,.T.);
#9126=ORIENTED_EDGE('',*,*,#6338,.T.);
#9127=ORIENTED_EDGE('',*,*,#6335,.T.);
#9128=ORIENTED_EDGE('',*,*,#6332,.T.);
#9129=ORIENTED_EDGE('',*,*,#6329,.T.);
#9130=ORIENTED_EDGE('',*,*,#6326,.T.);
#9131=ORIENTED_EDGE('',*,*,#6323,.T.);
#9132=ORIENTED_EDGE('',*,*,#6320,.T.);
#9133=ORIENTED_EDGE('',*,*,#6317,.T.);
#9134=ORIENTED_EDGE('',*,*,#6349,.T.);
#9135=ORIENTED_EDGE('',*,*,#6365,.T.);
#9136=ORIENTED_EDGE('',*,*,#6362,.T.);
#9137=ORIENTED_EDGE('',*,*,#6359,.T.);
#9138=ORIENTED_EDGE('',*,*,#6356,.T.);
#9139=ORIENTED_EDGE('',*,*,#6353,.T.);
#9140=ORIENTED_EDGE('',*,*,#6375,.T.);
#9141=ORIENTED_EDGE('',*,*,#6376,.T.);
#9142=ORIENTED_EDGE('',*,*,#6377,.T.);
#9143=ORIENTED_EDGE('',*,*,#6378,.T.);
#9144=ORIENTED_EDGE('',*,*,#6379,.T.);
#9145=ORIENTED_EDGE('',*,*,#6380,.T.);
#9146=ORIENTED_EDGE('',*,*,#6381,.T.);
#9147=ORIENTED_EDGE('',*,*,#6382,.T.);
#9148=ORIENTED_EDGE('',*,*,#6383,.T.);
#9149=ORIENTED_EDGE('',*,*,#6384,.T.);
#9150=ORIENTED_EDGE('',*,*,#6385,.T.);
#9151=ORIENTED_EDGE('',*,*,#6121,.T.);
#9152=ORIENTED_EDGE('',*,*,#6134,.T.);
#9153=ORIENTED_EDGE('',*,*,#6131,.T.);
#9154=ORIENTED_EDGE('',*,*,#6128,.T.);
#9155=ORIENTED_EDGE('',*,*,#6125,.T.);
#9156=ORIENTED_EDGE('',*,*,#6375,.F.);
#9157=ORIENTED_EDGE('',*,*,#6386,.T.);
#9158=ORIENTED_EDGE('',*,*,#6387,.F.);
#9159=ORIENTED_EDGE('',*,*,#6386,.F.);
#9160=ORIENTED_EDGE('',*,*,#6376,.F.);
#9161=ORIENTED_EDGE('',*,*,#6388,.T.);
#9162=ORIENTED_EDGE('',*,*,#6389,.F.);
#9163=ORIENTED_EDGE('',*,*,#6390,.F.);
#9164=ORIENTED_EDGE('',*,*,#6377,.F.);
#9165=ORIENTED_EDGE('',*,*,#6390,.T.);
#9166=ORIENTED_EDGE('',*,*,#6391,.F.);
#9167=ORIENTED_EDGE('',*,*,#6388,.F.);
#9168=ORIENTED_EDGE('',*,*,#6392,.F.);
#9169=ORIENTED_EDGE('',*,*,#6393,.T.);
#9170=ORIENTED_EDGE('',*,*,#6394,.F.);
#9171=ORIENTED_EDGE('',*,*,#6393,.F.);
#9172=ORIENTED_EDGE('',*,*,#6392,.T.);
#9173=ORIENTED_EDGE('',*,*,#6378,.F.);
#9174=ORIENTED_EDGE('',*,*,#6395,.T.);
#9175=ORIENTED_EDGE('',*,*,#6396,.F.);
#9176=ORIENTED_EDGE('',*,*,#6397,.F.);
#9177=ORIENTED_EDGE('',*,*,#6381,.F.);
#9178=ORIENTED_EDGE('',*,*,#6398,.T.);
#9179=ORIENTED_EDGE('',*,*,#6399,.F.);
#9180=ORIENTED_EDGE('',*,*,#6395,.F.);
#9181=ORIENTED_EDGE('',*,*,#6380,.F.);
#9182=ORIENTED_EDGE('',*,*,#6400,.T.);
#9183=ORIENTED_EDGE('',*,*,#6401,.F.);
#9184=ORIENTED_EDGE('',*,*,#6398,.F.);
#9185=ORIENTED_EDGE('',*,*,#6379,.F.);
#9186=ORIENTED_EDGE('',*,*,#6397,.T.);
#9187=ORIENTED_EDGE('',*,*,#6402,.F.);
#9188=ORIENTED_EDGE('',*,*,#6400,.F.);
#9189=ORIENTED_EDGE('',*,*,#6382,.F.);
#9190=ORIENTED_EDGE('',*,*,#6403,.T.);
#9191=ORIENTED_EDGE('',*,*,#6404,.F.);
#9192=ORIENTED_EDGE('',*,*,#6403,.F.);
#9193=ORIENTED_EDGE('',*,*,#6383,.F.);
#9194=ORIENTED_EDGE('',*,*,#6405,.T.);
#9195=ORIENTED_EDGE('',*,*,#6406,.F.);
#9196=ORIENTED_EDGE('',*,*,#6405,.F.);
#9197=ORIENTED_EDGE('',*,*,#6384,.F.);
#9198=ORIENTED_EDGE('',*,*,#6407,.T.);
#9199=ORIENTED_EDGE('',*,*,#6408,.F.);
#9200=ORIENTED_EDGE('',*,*,#6407,.F.);
#9201=ORIENTED_EDGE('',*,*,#6385,.F.);
#9202=ORIENTED_EDGE('',*,*,#6409,.T.);
#9203=ORIENTED_EDGE('',*,*,#6410,.F.);
#9204=ORIENTED_EDGE('',*,*,#6409,.F.);
#9205=ORIENTED_EDGE('',*,*,#6411,.F.);
#9206=ORIENTED_EDGE('',*,*,#6412,.T.);
#9207=ORIENTED_EDGE('',*,*,#6374,.F.);
#9208=ORIENTED_EDGE('',*,*,#6413,.F.);
#9209=ORIENTED_EDGE('',*,*,#6414,.T.);
#9210=ORIENTED_EDGE('',*,*,#6413,.T.);
#9211=ORIENTED_EDGE('',*,*,#6373,.F.);
#9212=ORIENTED_EDGE('',*,*,#6415,.F.);
#9213=ORIENTED_EDGE('',*,*,#6416,.F.);
#9214=ORIENTED_EDGE('',*,*,#6415,.T.);
#9215=ORIENTED_EDGE('',*,*,#6372,.F.);
#9216=ORIENTED_EDGE('',*,*,#6417,.F.);
#9217=ORIENTED_EDGE('',*,*,#6418,.T.);
#9218=ORIENTED_EDGE('',*,*,#6417,.T.);
#9219=ORIENTED_EDGE('',*,*,#6371,.F.);
#9220=ORIENTED_EDGE('',*,*,#6419,.F.);
#9221=ORIENTED_EDGE('',*,*,#6420,.F.);
#9222=ORIENTED_EDGE('',*,*,#6419,.T.);
#9223=ORIENTED_EDGE('',*,*,#6370,.F.);
#9224=ORIENTED_EDGE('',*,*,#6421,.F.);
#9225=ORIENTED_EDGE('',*,*,#6422,.T.);
#9226=ORIENTED_EDGE('',*,*,#6421,.T.);
#9227=ORIENTED_EDGE('',*,*,#6369,.F.);
#9228=ORIENTED_EDGE('',*,*,#6423,.F.);
#9229=ORIENTED_EDGE('',*,*,#6424,.F.);
#9230=ORIENTED_EDGE('',*,*,#6423,.T.);
#9231=ORIENTED_EDGE('',*,*,#6368,.F.);
#9232=ORIENTED_EDGE('',*,*,#6425,.F.);
#9233=ORIENTED_EDGE('',*,*,#6426,.T.);
#9234=ORIENTED_EDGE('',*,*,#6425,.T.);
#9235=ORIENTED_EDGE('',*,*,#6367,.F.);
#9236=ORIENTED_EDGE('',*,*,#6412,.F.);
#9237=ORIENTED_EDGE('',*,*,#5959,.T.);
#9238=ORIENTED_EDGE('',*,*,#5987,.T.);
#9239=ORIENTED_EDGE('',*,*,#5984,.T.);
#9240=ORIENTED_EDGE('',*,*,#5981,.T.);
#9241=ORIENTED_EDGE('',*,*,#5978,.T.);
#9242=ORIENTED_EDGE('',*,*,#5975,.T.);
#9243=ORIENTED_EDGE('',*,*,#5972,.T.);
#9244=ORIENTED_EDGE('',*,*,#5969,.T.);
#9245=ORIENTED_EDGE('',*,*,#5966,.T.);
#9246=ORIENTED_EDGE('',*,*,#5963,.T.);
#9247=ORIENTED_EDGE('',*,*,#6426,.F.);
#9248=ORIENTED_EDGE('',*,*,#6411,.T.);
#9249=ORIENTED_EDGE('',*,*,#6414,.F.);
#9250=ORIENTED_EDGE('',*,*,#6416,.T.);
#9251=ORIENTED_EDGE('',*,*,#6418,.F.);
#9252=ORIENTED_EDGE('',*,*,#6420,.T.);
#9253=ORIENTED_EDGE('',*,*,#6422,.F.);
#9254=ORIENTED_EDGE('',*,*,#6424,.T.);
#9255=ORIENTED_EDGE('',*,*,#6387,.T.);
#9256=ORIENTED_EDGE('',*,*,#6389,.T.);
#9257=ORIENTED_EDGE('',*,*,#6391,.T.);
#9258=ORIENTED_EDGE('',*,*,#6394,.T.);
#9259=ORIENTED_EDGE('',*,*,#6396,.T.);
#9260=ORIENTED_EDGE('',*,*,#6399,.T.);
#9261=ORIENTED_EDGE('',*,*,#6401,.T.);
#9262=ORIENTED_EDGE('',*,*,#6402,.T.);
#9263=ORIENTED_EDGE('',*,*,#6404,.T.);
#9264=ORIENTED_EDGE('',*,*,#6406,.T.);
#9265=ORIENTED_EDGE('',*,*,#6408,.T.);
#9266=ORIENTED_EDGE('',*,*,#6410,.T.);
#9267=ORIENTED_EDGE('',*,*,#6427,.F.);
#9268=ORIENTED_EDGE('',*,*,#6428,.F.);
#9269=ORIENTED_EDGE('',*,*,#6429,.F.);
#9270=ORIENTED_EDGE('',*,*,#6430,.T.);
#9271=ORIENTED_EDGE('',*,*,#6431,.F.);
#9272=ORIENTED_EDGE('',*,*,#6430,.F.);
#9273=ORIENTED_EDGE('',*,*,#6432,.F.);
#9274=ORIENTED_EDGE('',*,*,#6433,.T.);
#9275=ORIENTED_EDGE('',*,*,#6434,.F.);
#9276=ORIENTED_EDGE('',*,*,#6433,.F.);
#9277=ORIENTED_EDGE('',*,*,#6435,.F.);
#9278=ORIENTED_EDGE('',*,*,#6436,.T.);
#9279=ORIENTED_EDGE('',*,*,#6437,.F.);
#9280=ORIENTED_EDGE('',*,*,#6436,.F.);
#9281=ORIENTED_EDGE('',*,*,#6438,.F.);
#9282=ORIENTED_EDGE('',*,*,#6428,.T.);
#9283=ORIENTED_EDGE('',*,*,#6439,.F.);
#9284=ORIENTED_EDGE('',*,*,#6440,.T.);
#9285=ORIENTED_EDGE('',*,*,#6441,.T.);
#9286=ORIENTED_EDGE('',*,*,#6440,.F.);
#9287=ORIENTED_EDGE('',*,*,#6441,.F.);
#9288=ORIENTED_EDGE('',*,*,#6442,.F.);
#9289=ORIENTED_EDGE('',*,*,#6443,.T.);
#9290=ORIENTED_EDGE('',*,*,#6444,.T.);
#9291=ORIENTED_EDGE('',*,*,#6443,.F.);
#9292=ORIENTED_EDGE('',*,*,#6444,.F.);
#9293=ORIENTED_EDGE('',*,*,#6445,.F.);
#9294=ORIENTED_EDGE('',*,*,#6446,.T.);
#9295=ORIENTED_EDGE('',*,*,#6447,.T.);
#9296=ORIENTED_EDGE('',*,*,#6446,.F.);
#9297=ORIENTED_EDGE('',*,*,#6447,.F.);
#9298=ORIENTED_EDGE('',*,*,#6448,.F.);
#9299=ORIENTED_EDGE('',*,*,#6449,.T.);
#9300=ORIENTED_EDGE('',*,*,#6450,.T.);
#9301=ORIENTED_EDGE('',*,*,#6449,.F.);
#9302=ORIENTED_EDGE('',*,*,#6450,.F.);
#9303=ORIENTED_EDGE('',*,*,#6451,.T.);
#9304=ORIENTED_EDGE('',*,*,#6452,.T.);
#9305=ORIENTED_EDGE('',*,*,#6453,.F.);
#9306=ORIENTED_EDGE('',*,*,#6452,.F.);
#9307=ORIENTED_EDGE('',*,*,#6451,.F.);
#9308=ORIENTED_EDGE('',*,*,#6442,.T.);
#9309=ORIENTED_EDGE('',*,*,#6454,.T.);
#9310=ORIENTED_EDGE('',*,*,#6455,.T.);
#9311=ORIENTED_EDGE('',*,*,#6456,.F.);
#9312=ORIENTED_EDGE('',*,*,#6455,.F.);
#9313=ORIENTED_EDGE('',*,*,#6454,.F.);
#9314=ORIENTED_EDGE('',*,*,#6448,.T.);
#9315=ORIENTED_EDGE('',*,*,#6457,.T.);
#9316=ORIENTED_EDGE('',*,*,#6458,.T.);
#9317=ORIENTED_EDGE('',*,*,#6459,.F.);
#9318=ORIENTED_EDGE('',*,*,#6458,.F.);
#9319=ORIENTED_EDGE('',*,*,#6457,.F.);
#9320=ORIENTED_EDGE('',*,*,#6439,.T.);
#9321=ORIENTED_EDGE('',*,*,#6460,.T.);
#9322=ORIENTED_EDGE('',*,*,#6461,.T.);
#9323=ORIENTED_EDGE('',*,*,#6462,.F.);
#9324=ORIENTED_EDGE('',*,*,#6461,.F.);
#9325=ORIENTED_EDGE('',*,*,#6460,.F.);
#9326=ORIENTED_EDGE('',*,*,#6445,.T.);
#9327=ORIENTED_EDGE('',*,*,#6463,.F.);
#9328=ORIENTED_EDGE('',*,*,#6464,.T.);
#9329=ORIENTED_EDGE('',*,*,#6465,.F.);
#9330=ORIENTED_EDGE('',*,*,#6466,.F.);
#9331=ORIENTED_EDGE('',*,*,#6467,.F.);
#9332=ORIENTED_EDGE('',*,*,#6466,.T.);
#9333=ORIENTED_EDGE('',*,*,#6468,.F.);
#9334=ORIENTED_EDGE('',*,*,#6469,.F.);
#9335=ORIENTED_EDGE('',*,*,#6470,.F.);
#9336=ORIENTED_EDGE('',*,*,#6469,.T.);
#9337=ORIENTED_EDGE('',*,*,#6471,.F.);
#9338=ORIENTED_EDGE('',*,*,#6472,.F.);
#9339=ORIENTED_EDGE('',*,*,#6473,.F.);
#9340=ORIENTED_EDGE('',*,*,#6472,.T.);
#9341=ORIENTED_EDGE('',*,*,#6474,.F.);
#9342=ORIENTED_EDGE('',*,*,#6475,.F.);
#9343=ORIENTED_EDGE('',*,*,#6476,.F.);
#9344=ORIENTED_EDGE('',*,*,#6475,.T.);
#9345=ORIENTED_EDGE('',*,*,#6477,.F.);
#9346=ORIENTED_EDGE('',*,*,#6478,.F.);
#9347=ORIENTED_EDGE('',*,*,#6479,.F.);
#9348=ORIENTED_EDGE('',*,*,#6478,.T.);
#9349=ORIENTED_EDGE('',*,*,#6480,.F.);
#9350=ORIENTED_EDGE('',*,*,#6481,.F.);
#9351=ORIENTED_EDGE('',*,*,#6482,.F.);
#9352=ORIENTED_EDGE('',*,*,#6481,.T.);
#9353=ORIENTED_EDGE('',*,*,#6483,.F.);
#9354=ORIENTED_EDGE('',*,*,#6484,.F.);
#9355=ORIENTED_EDGE('',*,*,#6434,.T.);
#9356=ORIENTED_EDGE('',*,*,#6437,.T.);
#9357=ORIENTED_EDGE('',*,*,#6427,.T.);
#9358=ORIENTED_EDGE('',*,*,#6431,.T.);
#9359=ORIENTED_EDGE('',*,*,#6485,.F.);
#9360=ORIENTED_EDGE('',*,*,#6484,.T.);
#9361=ORIENTED_EDGE('',*,*,#6486,.F.);
#9362=ORIENTED_EDGE('',*,*,#6464,.F.);
#9363=ORIENTED_EDGE('',*,*,#6487,.T.);
#9364=ORIENTED_EDGE('',*,*,#6488,.T.);
#9365=ORIENTED_EDGE('',*,*,#6489,.T.);
#9366=ORIENTED_EDGE('',*,*,#6490,.T.);
#9367=ORIENTED_EDGE('',*,*,#6491,.T.);
#9368=ORIENTED_EDGE('',*,*,#6492,.T.);
#9369=ORIENTED_EDGE('',*,*,#6493,.T.);
#9370=ORIENTED_EDGE('',*,*,#6494,.T.);
#9371=ORIENTED_EDGE('',*,*,#6486,.T.);
#9372=ORIENTED_EDGE('',*,*,#6483,.T.);
#9373=ORIENTED_EDGE('',*,*,#6480,.T.);
#9374=ORIENTED_EDGE('',*,*,#6477,.T.);
#9375=ORIENTED_EDGE('',*,*,#6474,.T.);
#9376=ORIENTED_EDGE('',*,*,#6471,.T.);
#9377=ORIENTED_EDGE('',*,*,#6468,.T.);
#9378=ORIENTED_EDGE('',*,*,#6465,.T.);
#9379=ORIENTED_EDGE('',*,*,#6495,.F.);
#9380=ORIENTED_EDGE('',*,*,#6496,.T.);
#9381=ORIENTED_EDGE('',*,*,#6497,.T.);
#9382=ORIENTED_EDGE('',*,*,#6496,.F.);
#9383=ORIENTED_EDGE('',*,*,#6498,.F.);
#9384=ORIENTED_EDGE('',*,*,#6499,.T.);
#9385=ORIENTED_EDGE('',*,*,#6500,.T.);
#9386=ORIENTED_EDGE('',*,*,#6499,.F.);
#9387=ORIENTED_EDGE('',*,*,#6501,.F.);
#9388=ORIENTED_EDGE('',*,*,#6502,.T.);
#9389=ORIENTED_EDGE('',*,*,#6503,.T.);
#9390=ORIENTED_EDGE('',*,*,#6502,.F.);
#9391=ORIENTED_EDGE('',*,*,#6504,.F.);
#9392=ORIENTED_EDGE('',*,*,#6505,.T.);
#9393=ORIENTED_EDGE('',*,*,#6506,.T.);
#9394=ORIENTED_EDGE('',*,*,#6505,.F.);
#9395=ORIENTED_EDGE('',*,*,#6507,.F.);
#9396=ORIENTED_EDGE('',*,*,#6508,.T.);
#9397=ORIENTED_EDGE('',*,*,#6509,.T.);
#9398=ORIENTED_EDGE('',*,*,#6508,.F.);
#9399=ORIENTED_EDGE('',*,*,#6510,.F.);
#9400=ORIENTED_EDGE('',*,*,#6511,.T.);
#9401=ORIENTED_EDGE('',*,*,#6512,.T.);
#9402=ORIENTED_EDGE('',*,*,#6511,.F.);
#9403=ORIENTED_EDGE('',*,*,#6513,.F.);
#9404=ORIENTED_EDGE('',*,*,#6514,.T.);
#9405=ORIENTED_EDGE('',*,*,#6515,.T.);
#9406=ORIENTED_EDGE('',*,*,#6514,.F.);
#9407=ORIENTED_EDGE('',*,*,#6516,.F.);
#9408=ORIENTED_EDGE('',*,*,#6517,.T.);
#9409=ORIENTED_EDGE('',*,*,#6518,.T.);
#9410=ORIENTED_EDGE('',*,*,#6517,.F.);
#9411=ORIENTED_EDGE('',*,*,#6519,.F.);
#9412=ORIENTED_EDGE('',*,*,#6520,.T.);
#9413=ORIENTED_EDGE('',*,*,#6521,.T.);
#9414=ORIENTED_EDGE('',*,*,#6520,.F.);
#9415=ORIENTED_EDGE('',*,*,#6522,.F.);
#9416=ORIENTED_EDGE('',*,*,#6523,.T.);
#9417=ORIENTED_EDGE('',*,*,#6524,.T.);
#9418=ORIENTED_EDGE('',*,*,#6523,.F.);
#9419=ORIENTED_EDGE('',*,*,#6525,.F.);
#9420=ORIENTED_EDGE('',*,*,#6526,.T.);
#9421=ORIENTED_EDGE('',*,*,#6527,.T.);
#9422=ORIENTED_EDGE('',*,*,#6526,.F.);
#9423=ORIENTED_EDGE('',*,*,#6528,.F.);
#9424=ORIENTED_EDGE('',*,*,#6529,.T.);
#9425=ORIENTED_EDGE('',*,*,#6530,.T.);
#9426=ORIENTED_EDGE('',*,*,#6529,.F.);
#9427=ORIENTED_EDGE('',*,*,#6531,.F.);
#9428=ORIENTED_EDGE('',*,*,#6532,.T.);
#9429=ORIENTED_EDGE('',*,*,#6533,.T.);
#9430=ORIENTED_EDGE('',*,*,#6532,.F.);
#9431=ORIENTED_EDGE('',*,*,#6534,.F.);
#9432=ORIENTED_EDGE('',*,*,#6535,.T.);
#9433=ORIENTED_EDGE('',*,*,#6536,.T.);
#9434=ORIENTED_EDGE('',*,*,#6535,.F.);
#9435=ORIENTED_EDGE('',*,*,#6537,.F.);
#9436=ORIENTED_EDGE('',*,*,#6538,.T.);
#9437=ORIENTED_EDGE('',*,*,#6539,.T.);
#9438=ORIENTED_EDGE('',*,*,#6538,.F.);
#9439=ORIENTED_EDGE('',*,*,#6540,.F.);
#9440=ORIENTED_EDGE('',*,*,#6541,.T.);
#9441=ORIENTED_EDGE('',*,*,#6542,.T.);
#9442=ORIENTED_EDGE('',*,*,#6541,.F.);
#9443=ORIENTED_EDGE('',*,*,#6543,.F.);
#9444=ORIENTED_EDGE('',*,*,#6544,.F.);
#9445=ORIENTED_EDGE('',*,*,#6545,.F.);
#9446=ORIENTED_EDGE('',*,*,#6488,.F.);
#9447=ORIENTED_EDGE('',*,*,#6545,.T.);
#9448=ORIENTED_EDGE('',*,*,#6546,.F.);
#9449=ORIENTED_EDGE('',*,*,#6547,.F.);
#9450=ORIENTED_EDGE('',*,*,#6489,.F.);
#9451=ORIENTED_EDGE('',*,*,#6547,.T.);
#9452=ORIENTED_EDGE('',*,*,#6548,.F.);
#9453=ORIENTED_EDGE('',*,*,#6549,.F.);
#9454=ORIENTED_EDGE('',*,*,#6490,.F.);
#9455=ORIENTED_EDGE('',*,*,#6549,.T.);
#9456=ORIENTED_EDGE('',*,*,#6550,.F.);
#9457=ORIENTED_EDGE('',*,*,#6551,.F.);
#9458=ORIENTED_EDGE('',*,*,#6491,.F.);
#9459=ORIENTED_EDGE('',*,*,#6551,.T.);
#9460=ORIENTED_EDGE('',*,*,#6552,.F.);
#9461=ORIENTED_EDGE('',*,*,#6553,.F.);
#9462=ORIENTED_EDGE('',*,*,#6492,.F.);
#9463=ORIENTED_EDGE('',*,*,#6553,.T.);
#9464=ORIENTED_EDGE('',*,*,#6554,.F.);
#9465=ORIENTED_EDGE('',*,*,#6555,.F.);
#9466=ORIENTED_EDGE('',*,*,#6493,.F.);
#9467=ORIENTED_EDGE('',*,*,#6555,.T.);
#9468=ORIENTED_EDGE('',*,*,#6556,.F.);
#9469=ORIENTED_EDGE('',*,*,#6557,.F.);
#9470=ORIENTED_EDGE('',*,*,#6494,.F.);
#9471=ORIENTED_EDGE('',*,*,#6435,.T.);
#9472=ORIENTED_EDGE('',*,*,#6432,.T.);
#9473=ORIENTED_EDGE('',*,*,#6429,.T.);
#9474=ORIENTED_EDGE('',*,*,#6438,.T.);
#9475=ORIENTED_EDGE('',*,*,#6557,.T.);
#9476=ORIENTED_EDGE('',*,*,#6558,.F.);
#9477=ORIENTED_EDGE('',*,*,#6543,.T.);
#9478=ORIENTED_EDGE('',*,*,#6487,.F.);
#9479=ORIENTED_EDGE('',*,*,#6558,.T.);
#9480=ORIENTED_EDGE('',*,*,#6556,.T.);
#9481=ORIENTED_EDGE('',*,*,#6554,.T.);
#9482=ORIENTED_EDGE('',*,*,#6552,.T.);
#9483=ORIENTED_EDGE('',*,*,#6550,.T.);
#9484=ORIENTED_EDGE('',*,*,#6548,.T.);
#9485=ORIENTED_EDGE('',*,*,#6546,.T.);
#9486=ORIENTED_EDGE('',*,*,#6544,.T.);
#9487=ORIENTED_EDGE('',*,*,#6540,.T.);
#9488=ORIENTED_EDGE('',*,*,#6537,.T.);
#9489=ORIENTED_EDGE('',*,*,#6534,.T.);
#9490=ORIENTED_EDGE('',*,*,#6531,.T.);
#9491=ORIENTED_EDGE('',*,*,#6528,.T.);
#9492=ORIENTED_EDGE('',*,*,#6525,.T.);
#9493=ORIENTED_EDGE('',*,*,#6522,.T.);
#9494=ORIENTED_EDGE('',*,*,#6519,.T.);
#9495=ORIENTED_EDGE('',*,*,#6516,.T.);
#9496=ORIENTED_EDGE('',*,*,#6513,.T.);
#9497=ORIENTED_EDGE('',*,*,#6510,.T.);
#9498=ORIENTED_EDGE('',*,*,#6507,.T.);
#9499=ORIENTED_EDGE('',*,*,#6504,.T.);
#9500=ORIENTED_EDGE('',*,*,#6501,.T.);
#9501=ORIENTED_EDGE('',*,*,#6498,.T.);
#9502=ORIENTED_EDGE('',*,*,#6495,.T.);
#9503=ORIENTED_EDGE('',*,*,#6463,.T.);
#9504=ORIENTED_EDGE('',*,*,#6467,.T.);
#9505=ORIENTED_EDGE('',*,*,#6470,.T.);
#9506=ORIENTED_EDGE('',*,*,#6473,.T.);
#9507=ORIENTED_EDGE('',*,*,#6476,.T.);
#9508=ORIENTED_EDGE('',*,*,#6479,.T.);
#9509=ORIENTED_EDGE('',*,*,#6482,.T.);
#9510=ORIENTED_EDGE('',*,*,#6485,.T.);
#9511=ORIENTED_EDGE('',*,*,#6453,.T.);
#9512=ORIENTED_EDGE('',*,*,#6456,.T.);
#9513=ORIENTED_EDGE('',*,*,#6459,.T.);
#9514=ORIENTED_EDGE('',*,*,#6462,.T.);
#9515=ORIENTED_EDGE('',*,*,#6542,.F.);
#9516=ORIENTED_EDGE('',*,*,#6539,.F.);
#9517=ORIENTED_EDGE('',*,*,#6536,.F.);
#9518=ORIENTED_EDGE('',*,*,#6533,.F.);
#9519=ORIENTED_EDGE('',*,*,#6530,.F.);
#9520=ORIENTED_EDGE('',*,*,#6527,.F.);
#9521=ORIENTED_EDGE('',*,*,#6524,.F.);
#9522=ORIENTED_EDGE('',*,*,#6521,.F.);
#9523=ORIENTED_EDGE('',*,*,#6518,.F.);
#9524=ORIENTED_EDGE('',*,*,#6515,.F.);
#9525=ORIENTED_EDGE('',*,*,#6512,.F.);
#9526=ORIENTED_EDGE('',*,*,#6509,.F.);
#9527=ORIENTED_EDGE('',*,*,#6506,.F.);
#9528=ORIENTED_EDGE('',*,*,#6503,.F.);
#9529=ORIENTED_EDGE('',*,*,#6500,.F.);
#9530=ORIENTED_EDGE('',*,*,#6497,.F.);
#9531=PLANE('',#10778);
#9532=PLANE('',#10783);
#9533=PLANE('',#10788);
#9534=PLANE('',#10789);
#9535=PLANE('',#10794);
#9536=PLANE('',#10795);
#9537=PLANE('',#10802);
#9538=PLANE('',#10805);
#9539=PLANE('',#10808);
#9540=PLANE('',#10811);
#9541=PLANE('',#10812);
#9542=PLANE('',#10817);
#9543=PLANE('',#10822);
#9544=PLANE('',#10823);
#9545=PLANE('',#10828);
#9546=PLANE('',#10829);
#9547=PLANE('',#10831);
#9548=PLANE('',#10832);
#9549=PLANE('',#10834);
#9550=PLANE('',#10835);
#9551=PLANE('',#10838);
#9552=PLANE('',#10839);
#9553=PLANE('',#10840);
#9554=PLANE('',#10841);
#9555=PLANE('',#10842);
#9556=PLANE('',#10843);
#9557=PLANE('',#10844);
#9558=PLANE('',#10845);
#9559=PLANE('',#10846);
#9560=PLANE('',#10847);
#9561=PLANE('',#10848);
#9562=PLANE('',#10850);
#9563=PLANE('',#10851);
#9564=PLANE('',#10853);
#9565=PLANE('',#10854);
#9566=PLANE('',#10855);
#9567=PLANE('',#10856);
#9568=PLANE('',#10857);
#9569=PLANE('',#10858);
#9570=PLANE('',#10859);
#9571=PLANE('',#10860);
#9572=PLANE('',#10861);
#9573=PLANE('',#10862);
#9574=PLANE('',#10863);
#9575=PLANE('',#10864);
#9576=PLANE('',#10865);
#9577=PLANE('',#10866);
#9578=PLANE('',#10867);
#9579=PLANE('',#10868);
#9580=PLANE('',#10869);
#9581=PLANE('',#10870);
#9582=PLANE('',#10871);
#9583=PLANE('',#10872);
#9584=PLANE('',#10873);
#9585=PLANE('',#10874);
#9586=PLANE('',#10875);
#9587=PLANE('',#10876);
#9588=PLANE('',#10877);
#9589=PLANE('',#10878);
#9590=PLANE('',#10879);
#9591=PLANE('',#10880);
#9592=PLANE('',#10881);
#9593=PLANE('',#10883);
#9594=PLANE('',#10884);
#9595=PLANE('',#10885);
#9596=PLANE('',#10886);
#9597=PLANE('',#10887);
#9598=PLANE('',#10888);
#9599=PLANE('',#10889);
#9600=PLANE('',#10890);
#9601=PLANE('',#10891);
#9602=PLANE('',#10892);
#9603=PLANE('',#10893);
#9604=PLANE('',#10894);
#9605=PLANE('',#10895);
#9606=PLANE('',#10896);
#9607=PLANE('',#10897);
#9608=PLANE('',#10898);
#9609=PLANE('',#10899);
#9610=PLANE('',#10900);
#9611=PLANE('',#10901);
#9612=PLANE('',#10902);
#9613=PLANE('',#10903);
#9614=PLANE('',#10904);
#9615=PLANE('',#10905);
#9616=PLANE('',#10906);
#9617=PLANE('',#10907);
#9618=PLANE('',#10908);
#9619=PLANE('',#10909);
#9620=PLANE('',#10912);
#9621=PLANE('',#10913);
#9622=PLANE('',#10916);
#9623=PLANE('',#10917);
#9624=PLANE('',#10920);
#9625=PLANE('',#10921);
#9626=PLANE('',#10924);
#9627=PLANE('',#10925);
#9628=PLANE('',#10926);
#9629=PLANE('',#10928);
#9630=PLANE('',#10929);
#9631=PLANE('',#10930);
#9632=PLANE('',#10931);
#9633=PLANE('',#10932);
#9634=PLANE('',#10933);
#9635=PLANE('',#10934);
#9636=PLANE('',#10936);
#9637=PLANE('',#10938);
#9638=PLANE('',#10939);
#9639=PLANE('',#10940);
#9640=PLANE('',#10941);
#9641=PLANE('',#10942);
#9642=PLANE('',#10943);
#9643=PLANE('',#10944);
#9644=PLANE('',#10946);
#9645=PLANE('',#10947);
#9646=PLANE('',#10948);
#9647=PLANE('',#10949);
#9648=PLANE('',#10950);
#9649=PLANE('',#10951);
#9650=PLANE('',#10952);
#9651=PLANE('',#10959);
#9652=PLANE('',#10963);
#9653=PLANE('',#10964);
#9654=PLANE('',#10965);
#9655=PLANE('',#10966);
#9656=PLANE('',#10967);
#9657=PLANE('',#10968);
#9658=PLANE('',#10969);
#9659=PLANE('',#10970);
#9660=PLANE('',#10971);
#9661=PLANE('',#10972);
#9662=PLANE('',#10973);
#9663=PLANE('',#10974);
#9664=PLANE('',#10976);
#9665=PLANE('',#10980);
#9666=PLANE('',#10989);
#9667=PLANE('',#10994);
#9668=PLANE('',#10995);
#9669=PLANE('',#11000);
#9670=PLANE('',#11009);
#9671=PLANE('',#11014);
#9672=PLANE('',#11015);
#9673=PLANE('',#11020);
#9674=PLANE('',#11021);
#9675=PLANE('',#11025);
#9676=PLANE('',#11026);
#9677=PLANE('',#11027);
#9678=PLANE('',#11028);
#9679=PLANE('',#11036);
#9680=PLANE('',#11037);
#9681=PLANE('',#11045);
#9682=PLANE('',#11053);
#9683=PLANE('',#11061);
#9684=PLANE('',#11062);
#9685=PLANE('',#11070);
#9686=PLANE('',#11071);
#9687=PLANE('',#11079);
#9688=PLANE('',#11087);
#9689=PLANE('',#11095);
#9690=PLANE('',#11096);
#9691=PLANE('',#11097);
#9692=PLANE('',#11098);
#9693=PLANE('',#11099);
#9694=PLANE('',#11100);
#9695=PLANE('',#11101);
#9696=PLANE('',#11104);
#9697=PLANE('',#11105);
#9698=PLANE('',#11108);
#9699=PLANE('',#11109);
#9700=PLANE('',#11110);
#9701=PLANE('',#11113);
#9702=PLANE('',#11114);
#9703=PLANE('',#11116);
#9704=PLANE('',#11119);
#9705=PLANE('',#11120);
#9706=PLANE('',#11123);
#9707=PLANE('',#11124);
#9708=PLANE('',#11125);
#9709=PLANE('',#11128);
#9710=PLANE('',#11129);
#9711=PLANE('',#11131);
#9712=PLANE('',#11134);
#9713=PLANE('',#11135);
#9714=PLANE('',#11138);
#9715=PLANE('',#11139);
#9716=PLANE('',#11140);
#9717=PLANE('',#11143);
#9718=PLANE('',#11144);
#9719=PLANE('',#11146);
#9720=PLANE('',#11149);
#9721=PLANE('',#11150);
#9722=PLANE('',#11153);
#9723=PLANE('',#11154);
#9724=PLANE('',#11155);
#9725=PLANE('',#11158);
#9726=PLANE('',#11159);
#9727=PLANE('',#11162);
#9728=PLANE('',#11163);
#9729=PLANE('',#11172);
#9730=PLANE('',#11175);
#9731=PLANE('',#11177);
#9732=PLANE('',#11178);
#9733=PLANE('',#11180);
#9734=PLANE('',#11181);
#9735=PLANE('',#11182);
#9736=PLANE('',#11187);
#9737=PLANE('',#11188);
#9738=PLANE('',#11189);
#9739=PLANE('',#11194);
#9740=PLANE('',#11196);
#9741=PLANE('',#11198);
#9742=PLANE('',#11200);
#9743=PLANE('',#11202);
#9744=PLANE('',#11203);
#9745=PLANE('',#11212);
#9746=PLANE('',#11213);
#9747=PLANE('',#11214);
#9748=PLANE('',#11215);
#9749=PLANE('',#11216);
#9750=PLANE('',#11217);
#9751=PLANE('',#11218);
#9752=PLANE('',#11219);
#9753=PLANE('',#11220);
#9754=PLANE('',#11221);
#9755=PLANE('',#11222);
#9756=PLANE('',#11223);
#9757=PLANE('',#11224);
#9758=PLANE('',#11225);
#9759=PLANE('',#11226);
#9760=PLANE('',#11227);
#9761=PLANE('',#11228);
#9762=PLANE('',#11229);
#9763=PLANE('',#11230);
#9764=PLANE('',#11231);
#9765=PLANE('',#11232);
#9766=PLANE('',#11233);
#9767=PLANE('',#11234);
#9768=PLANE('',#11235);
#9769=PLANE('',#11236);
#9770=PLANE('',#11237);
#9771=PLANE('',#11238);
#9772=PLANE('',#11239);
#9773=PLANE('',#11240);
#9774=PLANE('',#11241);
#9775=PLANE('',#11242);
#9776=PLANE('',#11243);
#9777=PLANE('',#11244);
#9778=PLANE('',#11245);
#9779=PLANE('',#11246);
#9780=PLANE('',#11247);
#9781=PLANE('',#11248);
#9782=PLANE('',#11249);
#9783=PLANE('',#11250);
#9784=PLANE('',#11251);
#9785=PLANE('',#11252);
#9786=PLANE('',#11253);
#9787=PLANE('',#11254);
#9788=PLANE('',#11255);
#9789=PLANE('',#11256);
#9790=PLANE('',#11257);
#9791=PLANE('',#11258);
#9792=PLANE('',#11259);
#9793=PLANE('',#11260);
#9794=PLANE('',#11261);
#9795=PLANE('',#11262);
#9796=PLANE('',#11263);
#9797=PLANE('',#11264);
#9798=PLANE('',#11265);
#9799=PLANE('',#11266);
#9800=PLANE('',#11267);
#9801=PLANE('',#11268);
#9802=PLANE('',#11269);
#9803=PLANE('',#11270);
#9804=PLANE('',#11271);
#9805=PLANE('',#11272);
#9806=PLANE('',#11273);
#9807=PLANE('',#11274);
#9808=PLANE('',#11275);
#9809=PLANE('',#11276);
#9810=PLANE('',#11277);
#9811=PLANE('',#11278);
#9812=PLANE('',#11279);
#9813=PLANE('',#11280);
#9814=PLANE('',#11281);
#9815=PLANE('',#11282);
#9816=PLANE('',#11283);
#9817=PLANE('',#11284);
#9818=PLANE('',#11285);
#9819=PLANE('',#11286);
#9820=PLANE('',#11287);
#9821=PLANE('',#11288);
#9822=PLANE('',#11289);
#9823=PLANE('',#11290);
#9824=PLANE('',#11305);
#9825=PLANE('',#11308);
#9826=PLANE('',#11314);
#9827=PLANE('',#11331);
#9828=PLANE('',#11334);
#9829=PLANE('',#11337);
#9830=PLANE('',#11340);
#9831=PLANE('',#11343);
#9832=PLANE('',#11344);
#9833=PLANE('',#11345);
#9834=PLANE('',#11346);
#9835=PLANE('',#11347);
#9836=PLANE('',#11348);
#9837=PLANE('',#11352);
#9838=PLANE('',#11356);
#9839=PLANE('',#11360);
#9840=PLANE('',#11364);
#9841=PLANE('',#11368);
#9842=PLANE('',#11372);
#9843=PLANE('',#11376);
#9844=PLANE('',#11380);
#9845=PLANE('',#11381);
#9846=PLANE('',#11385);
#9847=PLANE('',#11389);
#9848=PLANE('',#11393);
#9849=PLANE('',#11397);
#9850=PLANE('',#11450);
#9851=PLANE('',#11453);
#9852=PLANE('',#11456);
#9853=PLANE('',#11459);
#9854=PLANE('',#11462);
#9855=PLANE('',#11463);
#9856=STYLED_ITEM('',(#18894),#10148);
#9857=STYLED_ITEM('',(#18894),#10149);
#9858=STYLED_ITEM('',(#18894),#10150);
#9859=STYLED_ITEM('',(#18894),#10151);
#9860=STYLED_ITEM('',(#18894),#10152);
#9861=STYLED_ITEM('',(#18894),#10153);
#9862=STYLED_ITEM('',(#18894),#10154);
#9863=STYLED_ITEM('',(#18894),#10155);
#9864=STYLED_ITEM('',(#18894),#10156);
#9865=STYLED_ITEM('',(#18894),#10157);
#9866=STYLED_ITEM('',(#18895),#10158);
#9867=STYLED_ITEM('',(#18895),#10159);
#9868=STYLED_ITEM('',(#18895),#10160);
#9869=STYLED_ITEM('',(#18895),#10161);
#9870=STYLED_ITEM('',(#18895),#10162);
#9871=STYLED_ITEM('',(#18895),#10163);
#9872=STYLED_ITEM('',(#18895),#10164);
#9873=STYLED_ITEM('',(#18895),#10165);
#9874=STYLED_ITEM('',(#18894),#10166);
#9875=STYLED_ITEM('',(#18894),#10167);
#9876=STYLED_ITEM('',(#18894),#10168);
#9877=STYLED_ITEM('',(#18894),#10169);
#9878=STYLED_ITEM('',(#18894),#10170);
#9879=STYLED_ITEM('',(#18894),#10171);
#9880=STYLED_ITEM('',(#18894),#10172);
#9881=STYLED_ITEM('',(#18894),#10173);
#9882=STYLED_ITEM('',(#18894),#10174);
#9883=STYLED_ITEM('',(#18894),#10175);
#9884=STYLED_ITEM('',(#18893),#393);
#9885=STYLED_ITEM('',(#18896),#10176);
#9886=STYLED_ITEM('',(#18896),#10177);
#9887=STYLED_ITEM('',(#18896),#10178);
#9888=STYLED_ITEM('',(#18896),#10179);
#9889=STYLED_ITEM('',(#18896),#10180);
#9890=STYLED_ITEM('',(#18896),#10181);
#9891=STYLED_ITEM('',(#18896),#10182);
#9892=STYLED_ITEM('',(#18896),#10183);
#9893=STYLED_ITEM('',(#18896),#10184);
#9894=STYLED_ITEM('',(#18896),#10185);
#9895=STYLED_ITEM('',(#18896),#10186);
#9896=STYLED_ITEM('',(#18896),#10187);
#9897=STYLED_ITEM('',(#18896),#10188);
#9898=STYLED_ITEM('',(#18896),#10189);
#9899=STYLED_ITEM('',(#18896),#10190);
#9900=STYLED_ITEM('',(#18896),#10191);
#9901=STYLED_ITEM('',(#18896),#10192);
#9902=STYLED_ITEM('',(#18896),#10193);
#9903=STYLED_ITEM('',(#18896),#10194);
#9904=STYLED_ITEM('',(#18896),#10195);
#9905=STYLED_ITEM('',(#18896),#10196);
#9906=STYLED_ITEM('',(#18896),#10197);
#9907=STYLED_ITEM('',(#18896),#10198);
#9908=STYLED_ITEM('',(#18896),#10199);
#9909=STYLED_ITEM('',(#18896),#10200);
#9910=STYLED_ITEM('',(#18896),#10201);
#9911=STYLED_ITEM('',(#18896),#10202);
#9912=STYLED_ITEM('',(#18896),#10203);
#9913=STYLED_ITEM('',(#18896),#10204);
#9914=STYLED_ITEM('',(#18896),#10205);
#9915=STYLED_ITEM('',(#18896),#10206);
#9916=STYLED_ITEM('',(#18896),#10207);
#9917=STYLED_ITEM('',(#18896),#10208);
#9918=STYLED_ITEM('',(#18896),#10209);
#9919=STYLED_ITEM('',(#18896),#10210);
#9920=STYLED_ITEM('',(#18896),#10211);
#9921=STYLED_ITEM('',(#18896),#10212);
#9922=STYLED_ITEM('',(#18896),#10213);
#9923=STYLED_ITEM('',(#18896),#10214);
#9924=STYLED_ITEM('',(#18896),#10215);
#9925=STYLED_ITEM('',(#18896),#10216);
#9926=STYLED_ITEM('',(#18896),#10217);
#9927=STYLED_ITEM('',(#18896),#10218);
#9928=STYLED_ITEM('',(#18896),#10219);
#9929=STYLED_ITEM('',(#18896),#10220);
#9930=STYLED_ITEM('',(#18896),#10221);
#9931=STYLED_ITEM('',(#18896),#10222);
#9932=STYLED_ITEM('',(#18896),#10223);
#9933=STYLED_ITEM('',(#18896),#10224);
#9934=STYLED_ITEM('',(#18896),#10225);
#9935=STYLED_ITEM('',(#18896),#10226);
#9936=STYLED_ITEM('',(#18896),#10227);
#9937=STYLED_ITEM('',(#18896),#10228);
#9938=STYLED_ITEM('',(#18896),#10229);
#9939=STYLED_ITEM('',(#18894),#10230);
#9940=STYLED_ITEM('',(#18894),#10231);
#9941=STYLED_ITEM('',(#18894),#10232);
#9942=STYLED_ITEM('',(#18894),#10233);
#9943=STYLED_ITEM('',(#18894),#10234);
#9944=STYLED_ITEM('',(#18894),#10235);
#9945=STYLED_ITEM('',(#18894),#10236);
#9946=STYLED_ITEM('',(#18894),#10237);
#9947=STYLED_ITEM('',(#18896),#10238);
#9948=STYLED_ITEM('',(#18896),#10239);
#9949=STYLED_ITEM('',(#18896),#10240);
#9950=STYLED_ITEM('',(#18896),#10241);
#9951=STYLED_ITEM('',(#18894),#10242);
#9952=STYLED_ITEM('',(#18894),#10243);
#9953=STYLED_ITEM('',(#18894),#10244);
#9954=STYLED_ITEM('',(#18894),#10245);
#9955=STYLED_ITEM('',(#18894),#10246);
#9956=STYLED_ITEM('',(#18894),#10247);
#9957=STYLED_ITEM('',(#18894),#10248);
#9958=STYLED_ITEM('',(#18894),#10249);
#9959=STYLED_ITEM('',(#18894),#10250);
#9960=STYLED_ITEM('',(#18894),#10251);
#9961=STYLED_ITEM('',(#18894),#10252);
#9962=STYLED_ITEM('',(#18894),#10253);
#9963=STYLED_ITEM('',(#18894),#10254);
#9964=STYLED_ITEM('',(#18894),#10255);
#9965=STYLED_ITEM('',(#18894),#10256);
#9966=STYLED_ITEM('',(#18894),#10257);
#9967=STYLED_ITEM('',(#18894),#10258);
#9968=STYLED_ITEM('',(#18894),#10259);
#9969=STYLED_ITEM('',(#18894),#10260);
#9970=STYLED_ITEM('',(#18894),#10261);
#9971=STYLED_ITEM('',(#18894),#10262);
#9972=STYLED_ITEM('',(#18894),#10263);
#9973=STYLED_ITEM('',(#18894),#10264);
#9974=STYLED_ITEM('',(#18894),#10265);
#9975=STYLED_ITEM('',(#18894),#10266);
#9976=STYLED_ITEM('',(#18894),#10267);
#9977=STYLED_ITEM('',(#18894),#10268);
#9978=STYLED_ITEM('',(#18894),#10269);
#9979=STYLED_ITEM('',(#18894),#10270);
#9980=STYLED_ITEM('',(#18894),#10271);
#9981=STYLED_ITEM('',(#18894),#10272);
#9982=STYLED_ITEM('',(#18894),#10273);
#9983=STYLED_ITEM('',(#18894),#10274);
#9984=STYLED_ITEM('',(#18894),#10275);
#9985=STYLED_ITEM('',(#18894),#10276);
#9986=STYLED_ITEM('',(#18894),#10277);
#9987=STYLED_ITEM('',(#18894),#10278);
#9988=STYLED_ITEM('',(#18894),#10279);
#9989=STYLED_ITEM('',(#18894),#10280);
#9990=STYLED_ITEM('',(#18894),#10281);
#9991=STYLED_ITEM('',(#18894),#10282);
#9992=STYLED_ITEM('',(#18894),#10283);
#9993=STYLED_ITEM('',(#18894),#10284);
#9994=STYLED_ITEM('',(#18894),#10285);
#9995=STYLED_ITEM('',(#18893),#394);
#9996=STYLED_ITEM('',(#18897),#10286);
#9997=STYLED_ITEM('',(#18897),#10287);
#9998=STYLED_ITEM('',(#18897),#10288);
#9999=STYLED_ITEM('',(#18897),#10289);
#10000=STYLED_ITEM('',(#18897),#10290);
#10001=STYLED_ITEM('',(#18897),#10291);
#10002=STYLED_ITEM('',(#18894),#10292);
#10003=STYLED_ITEM('',(#18894),#10293);
#10004=STYLED_ITEM('',(#18894),#10294);
#10005=STYLED_ITEM('',(#18894),#10295);
#10006=STYLED_ITEM('',(#18894),#10296);
#10007=STYLED_ITEM('',(#18894),#10297);
#10008=STYLED_ITEM('',(#18894),#10298);
#10009=STYLED_ITEM('',(#18894),#10299);
#10010=STYLED_ITEM('',(#18894),#10300);
#10011=STYLED_ITEM('',(#18894),#10301);
#10012=STYLED_ITEM('',(#18893),#395);
#10013=STYLED_ITEM('',(#18898),#10302);
#10014=STYLED_ITEM('',(#18898),#10303);
#10015=STYLED_ITEM('',(#18894),#10304);
#10016=STYLED_ITEM('',(#18894),#10305);
#10017=STYLED_ITEM('',(#18894),#10306);
#10018=STYLED_ITEM('',(#18894),#10307);
#10019=STYLED_ITEM('',(#18894),#10308);
#10020=STYLED_ITEM('',(#18894),#10309);
#10021=STYLED_ITEM('',(#18894),#10310);
#10022=STYLED_ITEM('',(#18894),#10311);
#10023=STYLED_ITEM('',(#18894),#10312);
#10024=STYLED_ITEM('',(#18898),#10313);
#10025=STYLED_ITEM('',(#18898),#10314);
#10026=STYLED_ITEM('',(#18898),#10315);
#10027=STYLED_ITEM('',(#18898),#10316);
#10028=STYLED_ITEM('',(#18898),#10317);
#10029=STYLED_ITEM('',(#18898),#10318);
#10030=STYLED_ITEM('',(#18898),#10319);
#10031=STYLED_ITEM('',(#18898),#10320);
#10032=STYLED_ITEM('',(#18898),#10321);
#10033=STYLED_ITEM('',(#18898),#10322);
#10034=STYLED_ITEM('',(#18898),#10323);
#10035=STYLED_ITEM('',(#18898),#10324);
#10036=STYLED_ITEM('',(#18898),#10325);
#10037=STYLED_ITEM('',(#18898),#10326);
#10038=STYLED_ITEM('',(#18898),#10327);
#10039=STYLED_ITEM('',(#18898),#10328);
#10040=STYLED_ITEM('',(#18898),#10329);
#10041=STYLED_ITEM('',(#18894),#10330);
#10042=STYLED_ITEM('',(#18894),#10331);
#10043=STYLED_ITEM('',(#18894),#10332);
#10044=STYLED_ITEM('',(#18894),#10333);
#10045=STYLED_ITEM('',(#18894),#10334);
#10046=STYLED_ITEM('',(#18894),#10335);
#10047=STYLED_ITEM('',(#18894),#10336);
#10048=STYLED_ITEM('',(#18894),#10337);
#10049=STYLED_ITEM('',(#18894),#10338);
#10050=STYLED_ITEM('',(#18894),#10339);
#10051=STYLED_ITEM('',(#18894),#10340);
#10052=STYLED_ITEM('',(#18894),#10341);
#10053=STYLED_ITEM('',(#18898),#10342);
#10054=STYLED_ITEM('',(#18894),#10343);
#10055=STYLED_ITEM('',(#18894),#10344);
#10056=STYLED_ITEM('',(#18894),#10345);
#10057=STYLED_ITEM('',(#18894),#10346);
#10058=STYLED_ITEM('',(#18894),#10347);
#10059=STYLED_ITEM('',(#18894),#10348);
#10060=STYLED_ITEM('',(#18894),#10349);
#10061=STYLED_ITEM('',(#18894),#10350);
#10062=STYLED_ITEM('',(#18894),#10351);
#10063=STYLED_ITEM('',(#18894),#10352);
#10064=STYLED_ITEM('',(#18894),#10353);
#10065=STYLED_ITEM('',(#18894),#10354);
#10066=STYLED_ITEM('',(#18894),#10355);
#10067=STYLED_ITEM('',(#18894),#10356);
#10068=STYLED_ITEM('',(#18894),#10357);
#10069=STYLED_ITEM('',(#18894),#10358);
#10070=STYLED_ITEM('',(#18894),#10359);
#10071=STYLED_ITEM('',(#18894),#10360);
#10072=STYLED_ITEM('',(#18894),#10361);
#10073=STYLED_ITEM('',(#18894),#10362);
#10074=STYLED_ITEM('',(#18894),#10363);
#10075=STYLED_ITEM('',(#18894),#10364);
#10076=STYLED_ITEM('',(#18894),#10365);
#10077=STYLED_ITEM('',(#18894),#10366);
#10078=STYLED_ITEM('',(#18894),#10367);
#10079=STYLED_ITEM('',(#18894),#10368);
#10080=STYLED_ITEM('',(#18894),#10369);
#10081=STYLED_ITEM('',(#18894),#10370);
#10082=STYLED_ITEM('',(#18894),#10371);
#10083=STYLED_ITEM('',(#18894),#10372);
#10084=STYLED_ITEM('',(#18894),#10373);
#10085=STYLED_ITEM('',(#18894),#10374);
#10086=STYLED_ITEM('',(#18894),#10375);
#10087=STYLED_ITEM('',(#18894),#10376);
#10088=STYLED_ITEM('',(#18894),#10377);
#10089=STYLED_ITEM('',(#18894),#10378);
#10090=STYLED_ITEM('',(#18894),#10379);
#10091=STYLED_ITEM('',(#18894),#10380);
#10092=STYLED_ITEM('',(#18894),#10381);
#10093=STYLED_ITEM('',(#18894),#10382);
#10094=STYLED_ITEM('',(#18894),#10383);
#10095=STYLED_ITEM('',(#18894),#10384);
#10096=STYLED_ITEM('',(#18894),#10385);
#10097=STYLED_ITEM('',(#18894),#10386);
#10098=STYLED_ITEM('',(#18894),#10387);
#10099=STYLED_ITEM('',(#18894),#10388);
#10100=STYLED_ITEM('',(#18894),#10389);
#10101=STYLED_ITEM('',(#18894),#10390);
#10102=STYLED_ITEM('',(#18894),#10391);
#10103=STYLED_ITEM('',(#18894),#10392);
#10104=STYLED_ITEM('',(#18894),#10393);
#10105=STYLED_ITEM('',(#18894),#10394);
#10106=STYLED_ITEM('',(#18894),#10395);
#10107=STYLED_ITEM('',(#18894),#10396);
#10108=STYLED_ITEM('',(#18894),#10397);
#10109=STYLED_ITEM('',(#18894),#10398);
#10110=STYLED_ITEM('',(#18894),#10399);
#10111=STYLED_ITEM('',(#18894),#10400);
#10112=STYLED_ITEM('',(#18894),#10401);
#10113=STYLED_ITEM('',(#18894),#10402);
#10114=STYLED_ITEM('',(#18894),#10403);
#10115=STYLED_ITEM('',(#18894),#10404);
#10116=STYLED_ITEM('',(#18894),#10405);
#10117=STYLED_ITEM('',(#18894),#10406);
#10118=STYLED_ITEM('',(#18893),#396);
#10119=STYLED_ITEM('',(#18894),#10407);
#10120=STYLED_ITEM('',(#18894),#10408);
#10121=STYLED_ITEM('',(#18894),#10409);
#10122=STYLED_ITEM('',(#18894),#10410);
#10123=STYLED_ITEM('',(#18894),#10411);
#10124=STYLED_ITEM('',(#18894),#10412);
#10125=STYLED_ITEM('',(#18894),#10413);
#10126=STYLED_ITEM('',(#18896),#10414);
#10127=STYLED_ITEM('',(#18894),#10415);
#10128=STYLED_ITEM('',(#18894),#10416);
#10129=STYLED_ITEM('',(#18896),#10417);
#10130=STYLED_ITEM('',(#18896),#10418);
#10131=STYLED_ITEM('',(#18894),#10419);
#10132=STYLED_ITEM('',(#18899),#10420);
#10133=STYLED_ITEM('',(#18899),#10421);
#10134=STYLED_ITEM('',(#18894),#10422);
#10135=STYLED_ITEM('',(#18899),#10423);
#10136=STYLED_ITEM('',(#18894),#10424);
#10137=STYLED_ITEM('',(#18894),#10425);
#10138=STYLED_ITEM('',(#18894),#10426);
#10139=STYLED_ITEM('',(#18894),#10427);
#10140=STYLED_ITEM('',(#18894),#10428);
#10141=STYLED_ITEM('',(#18894),#10429);
#10142=STYLED_ITEM('',(#18894),#10430);
#10143=STYLED_ITEM('',(#18899),#10431);
#10144=STYLED_ITEM('',(#18899),#10432);
#10145=STYLED_ITEM('',(#18893),#397);
#10146=STYLED_ITEM('',(#18893),#398);
#10147=STYLED_ITEM('',(#18893),#399);
#10148=ADVANCED_FACE('',(#601),#9531,.F.);
#10149=ADVANCED_FACE('',(#602),#9532,.F.);
#10150=ADVANCED_FACE('',(#603),#485,.T.);
#10151=ADVANCED_FACE('',(#604),#486,.T.);
#10152=ADVANCED_FACE('',(#605),#9533,.F.);
#10153=ADVANCED_FACE('',(#606),#9534,.T.);
#10154=ADVANCED_FACE('',(#607),#487,.T.);
#10155=ADVANCED_FACE('',(#608),#488,.T.);
#10156=ADVANCED_FACE('',(#609),#9535,.T.);
#10157=ADVANCED_FACE('',(#610,#400),#9536,.T.);
#10158=ADVANCED_FACE('',(#611),#489,.T.);
#10159=ADVANCED_FACE('',(#612),#9537,.F.);
#10160=ADVANCED_FACE('',(#613),#490,.T.);
#10161=ADVANCED_FACE('',(#614),#9538,.T.);
#10162=ADVANCED_FACE('',(#615),#491,.T.);
#10163=ADVANCED_FACE('',(#616),#9539,.T.);
#10164=ADVANCED_FACE('',(#617),#492,.T.);
#10165=ADVANCED_FACE('',(#618),#9540,.F.);
#10166=ADVANCED_FACE('',(#619,#401),#9541,.F.);
#10167=ADVANCED_FACE('',(#620),#9542,.F.);
#10168=ADVANCED_FACE('',(#621),#493,.T.);
#10169=ADVANCED_FACE('',(#622),#494,.T.);
#10170=ADVANCED_FACE('',(#623),#9543,.F.);
#10171=ADVANCED_FACE('',(#624),#9544,.T.);
#10172=ADVANCED_FACE('',(#625),#495,.T.);
#10173=ADVANCED_FACE('',(#626),#496,.T.);
#10174=ADVANCED_FACE('',(#627),#9545,.T.);
#10175=ADVANCED_FACE('',(#628),#9546,.T.);
#10176=ADVANCED_FACE('',(#629),#9547,.T.);
#10177=ADVANCED_FACE('',(#630),#9548,.T.);
#10178=ADVANCED_FACE('',(#631),#9549,.T.);
#10179=ADVANCED_FACE('',(#632),#9550,.F.);
#10180=ADVANCED_FACE('',(#633),#497,.F.);
#10181=ADVANCED_FACE('',(#634),#9551,.F.);
#10182=ADVANCED_FACE('',(#635),#9552,.F.);
#10183=ADVANCED_FACE('',(#636),#9553,.F.);
#10184=ADVANCED_FACE('',(#637),#9554,.F.);
#10185=ADVANCED_FACE('',(#638),#9555,.F.);
#10186=ADVANCED_FACE('',(#639),#9556,.T.);
#10187=ADVANCED_FACE('',(#640),#9557,.T.);
#10188=ADVANCED_FACE('',(#641),#9558,.F.);
#10189=ADVANCED_FACE('',(#642),#9559,.T.);
#10190=ADVANCED_FACE('',(#643),#9560,.F.);
#10191=ADVANCED_FACE('',(#644),#9561,.F.);
#10192=ADVANCED_FACE('',(#645),#9562,.T.);
#10193=ADVANCED_FACE('',(#646),#9563,.T.);
#10194=ADVANCED_FACE('',(#647),#9564,.F.);
#10195=ADVANCED_FACE('',(#648),#9565,.F.);
#10196=ADVANCED_FACE('',(#649),#9566,.F.);
#10197=ADVANCED_FACE('',(#650,#402,#403),#9567,.T.);
#10198=ADVANCED_FACE('',(#651),#9568,.F.);
#10199=ADVANCED_FACE('',(#652),#9569,.T.);
#10200=ADVANCED_FACE('',(#653),#9570,.F.);
#10201=ADVANCED_FACE('',(#654),#9571,.F.);
#10202=ADVANCED_FACE('',(#655),#9572,.F.);
#10203=ADVANCED_FACE('',(#656),#9573,.F.);
#10204=ADVANCED_FACE('',(#657),#9574,.T.);
#10205=ADVANCED_FACE('',(#658),#9575,.F.);
#10206=ADVANCED_FACE('',(#659),#9576,.F.);
#10207=ADVANCED_FACE('',(#660),#9577,.F.);
#10208=ADVANCED_FACE('',(#661),#9578,.T.);
#10209=ADVANCED_FACE('',(#662),#9579,.T.);
#10210=ADVANCED_FACE('',(#663),#9580,.F.);
#10211=ADVANCED_FACE('',(#664),#9581,.T.);
#10212=ADVANCED_FACE('',(#665),#9582,.F.);
#10213=ADVANCED_FACE('',(#666),#9583,.F.);
#10214=ADVANCED_FACE('',(#667),#9584,.F.);
#10215=ADVANCED_FACE('',(#668),#9585,.F.);
#10216=ADVANCED_FACE('',(#669),#9586,.T.);
#10217=ADVANCED_FACE('',(#670),#9587,.F.);
#10218=ADVANCED_FACE('',(#671),#9588,.F.);
#10219=ADVANCED_FACE('',(#672),#9589,.F.);
#10220=ADVANCED_FACE('',(#673),#9590,.T.);
#10221=ADVANCED_FACE('',(#674),#9591,.F.);
#10222=ADVANCED_FACE('',(#675),#9592,.T.);
#10223=ADVANCED_FACE('',(#676),#498,.F.);
#10224=ADVANCED_FACE('',(#677),#9593,.F.);
#10225=ADVANCED_FACE('',(#678),#9594,.F.);
#10226=ADVANCED_FACE('',(#679),#9595,.F.);
#10227=ADVANCED_FACE('',(#680),#9596,.T.);
#10228=ADVANCED_FACE('',(#681),#9597,.F.);
#10229=ADVANCED_FACE('',(#682),#9598,.F.);
#10230=ADVANCED_FACE('',(#683),#9599,.F.);
#10231=ADVANCED_FACE('',(#684),#9600,.F.);
#10232=ADVANCED_FACE('',(#685),#9601,.T.);
#10233=ADVANCED_FACE('',(#686),#9602,.F.);
#10234=ADVANCED_FACE('',(#687),#9603,.F.);
#10235=ADVANCED_FACE('',(#688),#9604,.F.);
#10236=ADVANCED_FACE('',(#689),#9605,.T.);
#10237=ADVANCED_FACE('',(#690),#9606,.F.);
#10238=ADVANCED_FACE('',(#691,#404),#9607,.F.);
#10239=ADVANCED_FACE('',(#692,#405),#9608,.F.);
#10240=ADVANCED_FACE('',(#693),#9609,.F.);
#10241=ADVANCED_FACE('',(#694),#9610,.F.);
#10242=ADVANCED_FACE('',(#695),#9611,.T.);
#10243=ADVANCED_FACE('',(#696),#9612,.T.);
#10244=ADVANCED_FACE('',(#697),#9613,.F.);
#10245=ADVANCED_FACE('',(#698),#9614,.T.);
#10246=ADVANCED_FACE('',(#699),#9615,.T.);
#10247=ADVANCED_FACE('',(#700),#9616,.T.);
#10248=ADVANCED_FACE('',(#701),#9617,.F.);
#10249=ADVANCED_FACE('',(#702),#9618,.T.);
#10250=ADVANCED_FACE('',(#703),#9619,.F.);
#10251=ADVANCED_FACE('',(#704),#9620,.F.);
#10252=ADVANCED_FACE('',(#705),#9621,.T.);
#10253=ADVANCED_FACE('',(#706),#9622,.F.);
#10254=ADVANCED_FACE('',(#707),#9623,.F.);
#10255=ADVANCED_FACE('',(#708),#9624,.F.);
#10256=ADVANCED_FACE('',(#709),#9625,.T.);
#10257=ADVANCED_FACE('',(#710),#9626,.F.);
#10258=ADVANCED_FACE('',(#711),#9627,.F.);
#10259=ADVANCED_FACE('',(#712),#9628,.F.);
#10260=ADVANCED_FACE('',(#713),#499,.F.);
#10261=ADVANCED_FACE('',(#714),#9629,.F.);
#10262=ADVANCED_FACE('',(#715),#9630,.F.);
#10263=ADVANCED_FACE('',(#716),#9631,.F.);
#10264=ADVANCED_FACE('',(#717),#9632,.T.);
#10265=ADVANCED_FACE('',(#718),#9633,.F.);
#10266=ADVANCED_FACE('',(#719),#9634,.F.);
#10267=ADVANCED_FACE('',(#720),#9635,.F.);
#10268=ADVANCED_FACE('',(#721),#500,.T.);
#10269=ADVANCED_FACE('',(#722),#9636,.F.);
#10270=ADVANCED_FACE('',(#723),#501,.F.);
#10271=ADVANCED_FACE('',(#724),#9637,.F.);
#10272=ADVANCED_FACE('',(#725),#9638,.F.);
#10273=ADVANCED_FACE('',(#726),#9639,.F.);
#10274=ADVANCED_FACE('',(#727),#9640,.T.);
#10275=ADVANCED_FACE('',(#728),#9641,.F.);
#10276=ADVANCED_FACE('',(#729),#9642,.F.);
#10277=ADVANCED_FACE('',(#730),#9643,.F.);
#10278=ADVANCED_FACE('',(#731),#502,.T.);
#10279=ADVANCED_FACE('',(#732),#9644,.F.);
#10280=ADVANCED_FACE('',(#733),#9645,.T.);
#10281=ADVANCED_FACE('',(#734),#9646,.F.);
#10282=ADVANCED_FACE('',(#735),#9647,.T.);
#10283=ADVANCED_FACE('',(#736),#9648,.T.);
#10284=ADVANCED_FACE('',(#737),#9649,.F.);
#10285=ADVANCED_FACE('',(#738),#9650,.T.);
#10286=ADVANCED_FACE('',(#739),#378,.T.);
#10287=ADVANCED_FACE('',(#740),#503,.T.);
#10288=ADVANCED_FACE('',(#741,#406),#9651,.F.);
#10289=ADVANCED_FACE('',(#742),#504,.T.);
#10290=ADVANCED_FACE('',(#743),#9652,.T.);
#10291=ADVANCED_FACE('',(#744,#407,#408),#9653,.T.);
#10292=ADVANCED_FACE('',(#745),#9654,.F.);
#10293=ADVANCED_FACE('',(#746),#9655,.F.);
#10294=ADVANCED_FACE('',(#747),#9656,.F.);
#10295=ADVANCED_FACE('',(#748),#9657,.F.);
#10296=ADVANCED_FACE('',(#749),#9658,.F.);
#10297=ADVANCED_FACE('',(#750),#9659,.F.);
#10298=ADVANCED_FACE('',(#751),#9660,.F.);
#10299=ADVANCED_FACE('',(#752),#9661,.F.);
#10300=ADVANCED_FACE('',(#753),#9662,.F.);
#10301=ADVANCED_FACE('',(#754),#9663,.F.);
#10302=ADVANCED_FACE('',(#755),#9664,.F.);
#10303=ADVANCED_FACE('',(#756),#505,.T.);
#10304=ADVANCED_FACE('',(#757,#409,#410,#411,#412,#413),#9665,.F.);
#10305=ADVANCED_FACE('',(#758),#9666,.F.);
#10306=ADVANCED_FACE('',(#759),#506,.T.);
#10307=ADVANCED_FACE('',(#760),#507,.T.);
#10308=ADVANCED_FACE('',(#761),#9667,.F.);
#10309=ADVANCED_FACE('',(#762),#9668,.F.);
#10310=ADVANCED_FACE('',(#763),#508,.T.);
#10311=ADVANCED_FACE('',(#764),#509,.T.);
#10312=ADVANCED_FACE('',(#765),#9669,.F.);
#10313=ADVANCED_FACE('',(#766),#510,.T.);
#10314=ADVANCED_FACE('',(#767),#511,.T.);
#10315=ADVANCED_FACE('',(#768),#512,.T.);
#10316=ADVANCED_FACE('',(#769),#513,.T.);
#10317=ADVANCED_FACE('',(#770),#9670,.F.);
#10318=ADVANCED_FACE('',(#771),#514,.T.);
#10319=ADVANCED_FACE('',(#772),#515,.T.);
#10320=ADVANCED_FACE('',(#773),#9671,.F.);
#10321=ADVANCED_FACE('',(#774),#9672,.F.);
#10322=ADVANCED_FACE('',(#775),#516,.T.);
#10323=ADVANCED_FACE('',(#776),#517,.T.);
#10324=ADVANCED_FACE('',(#777),#9673,.F.);
#10325=ADVANCED_FACE('',(#778),#9674,.F.);
#10326=ADVANCED_FACE('',(#779),#377,.T.);
#10327=ADVANCED_FACE('',(#780),#9675,.F.);
#10328=ADVANCED_FACE('',(#781),#9676,.F.);
#10329=ADVANCED_FACE('',(#782),#9677,.T.);
#10330=ADVANCED_FACE('',(#783),#9678,.F.);
#10331=ADVANCED_FACE('',(#784),#9679,.F.);
#10332=ADVANCED_FACE('',(#785),#9680,.T.);
#10333=ADVANCED_FACE('',(#786),#9681,.T.);
#10334=ADVANCED_FACE('',(#787),#9682,.F.);
#10335=ADVANCED_FACE('',(#788),#9683,.F.);
#10336=ADVANCED_FACE('',(#789),#9684,.F.);
#10337=ADVANCED_FACE('',(#790),#9685,.T.);
#10338=ADVANCED_FACE('',(#791),#9686,.T.);
#10339=ADVANCED_FACE('',(#792),#9687,.T.);
#10340=ADVANCED_FACE('',(#793),#9688,.F.);
#10341=ADVANCED_FACE('',(#794),#9689,.T.);
#10342=ADVANCED_FACE('',(#795),#9690,.F.);
#10343=ADVANCED_FACE('',(#796),#9691,.F.);
#10344=ADVANCED_FACE('',(#797),#9692,.T.);
#10345=ADVANCED_FACE('',(#798),#9693,.F.);
#10346=ADVANCED_FACE('',(#799),#9694,.T.);
#10347=ADVANCED_FACE('',(#800),#9695,.T.);
#10348=ADVANCED_FACE('',(#801),#518,.F.);
#10349=ADVANCED_FACE('',(#802),#519,.T.);
#10350=ADVANCED_FACE('',(#803),#9696,.F.);
#10351=ADVANCED_FACE('',(#804),#9697,.T.);
#10352=ADVANCED_FACE('',(#805),#520,.T.);
#10353=ADVANCED_FACE('',(#806),#521,.F.);
#10354=ADVANCED_FACE('',(#807),#9698,.F.);
#10355=ADVANCED_FACE('',(#808),#9699,.F.);
#10356=ADVANCED_FACE('',(#809),#9700,.F.);
#10357=ADVANCED_FACE('',(#810),#522,.T.);
#10358=ADVANCED_FACE('',(#811),#523,.T.);
#10359=ADVANCED_FACE('',(#812),#9701,.T.);
#10360=ADVANCED_FACE('',(#813),#9702,.T.);
#10361=ADVANCED_FACE('',(#814),#524,.F.);
#10362=ADVANCED_FACE('',(#815),#9703,.T.);
#10363=ADVANCED_FACE('',(#816),#525,.F.);
#10364=ADVANCED_FACE('',(#817),#526,.T.);
#10365=ADVANCED_FACE('',(#818),#9704,.F.);
#10366=ADVANCED_FACE('',(#819),#9705,.T.);
#10367=ADVANCED_FACE('',(#820),#527,.T.);
#10368=ADVANCED_FACE('',(#821),#528,.F.);
#10369=ADVANCED_FACE('',(#822),#9706,.F.);
#10370=ADVANCED_FACE('',(#823),#9707,.F.);
#10371=ADVANCED_FACE('',(#824),#9708,.F.);
#10372=ADVANCED_FACE('',(#825),#529,.T.);
#10373=ADVANCED_FACE('',(#826),#530,.T.);
#10374=ADVANCED_FACE('',(#827),#9709,.T.);
#10375=ADVANCED_FACE('',(#828),#9710,.T.);
#10376=ADVANCED_FACE('',(#829),#531,.F.);
#10377=ADVANCED_FACE('',(#830),#9711,.F.);
#10378=ADVANCED_FACE('',(#831),#532,.F.);
#10379=ADVANCED_FACE('',(#832),#533,.T.);
#10380=ADVANCED_FACE('',(#833),#9712,.T.);
#10381=ADVANCED_FACE('',(#834),#9713,.F.);
#10382=ADVANCED_FACE('',(#835),#534,.T.);
#10383=ADVANCED_FACE('',(#836),#535,.F.);
#10384=ADVANCED_FACE('',(#837),#9714,.T.);
#10385=ADVANCED_FACE('',(#838),#9715,.T.);
#10386=ADVANCED_FACE('',(#839),#9716,.T.);
#10387=ADVANCED_FACE('',(#840),#536,.T.);
#10388=ADVANCED_FACE('',(#841),#537,.T.);
#10389=ADVANCED_FACE('',(#842),#9717,.F.);
#10390=ADVANCED_FACE('',(#843),#9718,.F.);
#10391=ADVANCED_FACE('',(#844),#538,.F.);
#10392=ADVANCED_FACE('',(#845),#9719,.F.);
#10393=ADVANCED_FACE('',(#846),#539,.F.);
#10394=ADVANCED_FACE('',(#847),#540,.T.);
#10395=ADVANCED_FACE('',(#848),#9720,.T.);
#10396=ADVANCED_FACE('',(#849),#9721,.F.);
#10397=ADVANCED_FACE('',(#850),#541,.T.);
#10398=ADVANCED_FACE('',(#851),#542,.F.);
#10399=ADVANCED_FACE('',(#852),#9722,.T.);
#10400=ADVANCED_FACE('',(#853),#9723,.T.);
#10401=ADVANCED_FACE('',(#854),#9724,.T.);
#10402=ADVANCED_FACE('',(#855),#543,.T.);
#10403=ADVANCED_FACE('',(#856),#544,.T.);
#10404=ADVANCED_FACE('',(#857),#9725,.F.);
#10405=ADVANCED_FACE('',(#858),#9726,.F.);
#10406=ADVANCED_FACE('',(#859),#545,.F.);
#10407=ADVANCED_FACE('',(#860),#9727,.F.);
#10408=ADVANCED_FACE('',(#861),#9728,.F.);
#10409=ADVANCED_FACE('',(#862),#546,.T.);
#10410=ADVANCED_FACE('',(#863),#547,.T.);
#10411=ADVANCED_FACE('',(#864),#9729,.T.);
#10412=ADVANCED_FACE('',(#865),#9730,.F.);
#10413=ADVANCED_FACE('',(#866),#548,.T.);
#10414=ADVANCED_FACE('',(#867),#9731,.F.);
#10415=ADVANCED_FACE('',(#868),#9732,.T.);
#10416=ADVANCED_FACE('',(#869),#549,.T.);
#10417=ADVANCED_FACE('',(#870),#9733,.T.);
#10418=ADVANCED_FACE('',(#871),#9734,.F.);
#10419=ADVANCED_FACE('',(#872),#9735,.F.);
#10420=ADVANCED_FACE('',(#873),#9736,.F.);
#10421=ADVANCED_FACE('',(#874),#9737,.F.);
#10422=ADVANCED_FACE('',(#875),#9738,.T.);
#10423=ADVANCED_FACE('',(#876),#9739,.T.);
#10424=ADVANCED_FACE('',(#877),#550,.T.);
#10425=ADVANCED_FACE('',(#878),#9740,.F.);
#10426=ADVANCED_FACE('',(#879),#551,.T.);
#10427=ADVANCED_FACE('',(#880),#9741,.T.);
#10428=ADVANCED_FACE('',(#881),#552,.T.);
#10429=ADVANCED_FACE('',(#882),#9742,.T.);
#10430=ADVANCED_FACE('',(#883),#553,.T.);
#10431=ADVANCED_FACE('',(#884),#9743,.T.);
#10432=ADVANCED_FACE('',(#885),#9744,.T.);
#10433=ADVANCED_FACE('',(#886),#9745,.F.);
#10434=ADVANCED_FACE('',(#887),#9746,.F.);
#10435=ADVANCED_FACE('',(#888),#9747,.F.);
#10436=ADVANCED_FACE('',(#889),#231,.F.);
#10437=ADVANCED_FACE('',(#890),#232,.F.);
#10438=ADVANCED_FACE('',(#891),#233,.F.);
#10439=ADVANCED_FACE('',(#892),#234,.F.);
#10440=ADVANCED_FACE('',(#893),#235,.F.);
#10441=ADVANCED_FACE('',(#894),#236,.F.);
#10442=ADVANCED_FACE('',(#895),#9748,.F.);
#10443=ADVANCED_FACE('',(#896),#9749,.F.);
#10444=ADVANCED_FACE('',(#897),#9750,.F.);
#10445=ADVANCED_FACE('',(#898),#237,.F.);
#10446=ADVANCED_FACE('',(#899),#238,.F.);
#10447=ADVANCED_FACE('',(#900),#239,.F.);
#10448=ADVANCED_FACE('',(#901),#240,.F.);
#10449=ADVANCED_FACE('',(#902),#241,.F.);
#10450=ADVANCED_FACE('',(#903),#9751,.F.);
#10451=ADVANCED_FACE('',(#904),#9752,.F.);
#10452=ADVANCED_FACE('',(#905),#9753,.T.);
#10453=ADVANCED_FACE('',(#906),#9754,.F.);
#10454=ADVANCED_FACE('',(#907),#9755,.F.);
#10455=ADVANCED_FACE('',(#908),#9756,.F.);
#10456=ADVANCED_FACE('',(#909),#9757,.F.);
#10457=ADVANCED_FACE('',(#910),#9758,.F.);
#10458=ADVANCED_FACE('',(#911),#9759,.F.);
#10459=ADVANCED_FACE('',(#912),#242,.F.);
#10460=ADVANCED_FACE('',(#913),#243,.F.);
#10461=ADVANCED_FACE('',(#914),#244,.F.);
#10462=ADVANCED_FACE('',(#915),#245,.F.);
#10463=ADVANCED_FACE('',(#916),#246,.F.);
#10464=ADVANCED_FACE('',(#917),#9760,.F.);
#10465=ADVANCED_FACE('',(#918),#9761,.F.);
#10466=ADVANCED_FACE('',(#919),#9762,.F.);
#10467=ADVANCED_FACE('',(#920),#247,.F.);
#10468=ADVANCED_FACE('',(#921),#248,.F.);
#10469=ADVANCED_FACE('',(#922),#249,.F.);
#10470=ADVANCED_FACE('',(#923),#250,.F.);
#10471=ADVANCED_FACE('',(#924),#251,.F.);
#10472=ADVANCED_FACE('',(#925),#9763,.F.);
#10473=ADVANCED_FACE('',(#926),#9764,.F.);
#10474=ADVANCED_FACE('',(#927),#9765,.F.);
#10475=ADVANCED_FACE('',(#928),#9766,.F.);
#10476=ADVANCED_FACE('',(#929),#9767,.T.);
#10477=ADVANCED_FACE('',(#930),#252,.F.);
#10478=ADVANCED_FACE('',(#931),#253,.F.);
#10479=ADVANCED_FACE('',(#932),#254,.F.);
#10480=ADVANCED_FACE('',(#933),#255,.F.);
#10481=ADVANCED_FACE('',(#934),#256,.F.);
#10482=ADVANCED_FACE('',(#935),#257,.F.);
#10483=ADVANCED_FACE('',(#936),#258,.F.);
#10484=ADVANCED_FACE('',(#937),#259,.F.);
#10485=ADVANCED_FACE('',(#938),#260,.F.);
#10486=ADVANCED_FACE('',(#939),#9768,.F.);
#10487=ADVANCED_FACE('',(#940),#9769,.F.);
#10488=ADVANCED_FACE('',(#941),#261,.F.);
#10489=ADVANCED_FACE('',(#942),#262,.F.);
#10490=ADVANCED_FACE('',(#943),#9770,.F.);
#10491=ADVANCED_FACE('',(#944),#263,.F.);
#10492=ADVANCED_FACE('',(#945),#264,.F.);
#10493=ADVANCED_FACE('',(#946),#265,.F.);
#10494=ADVANCED_FACE('',(#947),#266,.F.);
#10495=ADVANCED_FACE('',(#948),#267,.F.);
#10496=ADVANCED_FACE('',(#949),#268,.F.);
#10497=ADVANCED_FACE('',(#950),#269,.F.);
#10498=ADVANCED_FACE('',(#951),#9771,.F.);
#10499=ADVANCED_FACE('',(#952),#270,.F.);
#10500=ADVANCED_FACE('',(#953),#271,.F.);
#10501=ADVANCED_FACE('',(#954),#272,.F.);
#10502=ADVANCED_FACE('',(#955),#273,.F.);
#10503=ADVANCED_FACE('',(#956),#274,.F.);
#10504=ADVANCED_FACE('',(#957),#275,.F.);
#10505=ADVANCED_FACE('',(#958),#276,.F.);
#10506=ADVANCED_FACE('',(#959),#277,.F.);
#10507=ADVANCED_FACE('',(#960),#278,.F.);
#10508=ADVANCED_FACE('',(#961),#279,.F.);
#10509=ADVANCED_FACE('',(#962),#280,.F.);
#10510=ADVANCED_FACE('',(#963),#281,.F.);
#10511=ADVANCED_FACE('',(#964),#282,.F.);
#10512=ADVANCED_FACE('',(#965),#283,.F.);
#10513=ADVANCED_FACE('',(#966),#284,.F.);
#10514=ADVANCED_FACE('',(#967,#414),#9772,.T.);
#10515=ADVANCED_FACE('',(#968),#9773,.F.);
#10516=ADVANCED_FACE('',(#969),#285,.F.);
#10517=ADVANCED_FACE('',(#970),#286,.F.);
#10518=ADVANCED_FACE('',(#971),#287,.F.);
#10519=ADVANCED_FACE('',(#972),#288,.F.);
#10520=ADVANCED_FACE('',(#973),#289,.F.);
#10521=ADVANCED_FACE('',(#974),#9774,.F.);
#10522=ADVANCED_FACE('',(#975),#9775,.F.);
#10523=ADVANCED_FACE('',(#976),#9776,.F.);
#10524=ADVANCED_FACE('',(#977),#290,.F.);
#10525=ADVANCED_FACE('',(#978),#291,.F.);
#10526=ADVANCED_FACE('',(#979),#292,.F.);
#10527=ADVANCED_FACE('',(#980),#293,.F.);
#10528=ADVANCED_FACE('',(#981),#9777,.F.);
#10529=ADVANCED_FACE('',(#982),#9778,.F.);
#10530=ADVANCED_FACE('',(#983),#9779,.F.);
#10531=ADVANCED_FACE('',(#984),#9780,.F.);
#10532=ADVANCED_FACE('',(#985),#9781,.T.);
#10533=ADVANCED_FACE('',(#986),#294,.F.);
#10534=ADVANCED_FACE('',(#987),#295,.F.);
#10535=ADVANCED_FACE('',(#988),#296,.F.);
#10536=ADVANCED_FACE('',(#989),#9782,.F.);
#10537=ADVANCED_FACE('',(#990),#297,.F.);
#10538=ADVANCED_FACE('',(#991),#298,.F.);
#10539=ADVANCED_FACE('',(#992),#299,.F.);
#10540=ADVANCED_FACE('',(#993),#300,.F.);
#10541=ADVANCED_FACE('',(#994),#9783,.F.);
#10542=ADVANCED_FACE('',(#995),#301,.F.);
#10543=ADVANCED_FACE('',(#996),#302,.F.);
#10544=ADVANCED_FACE('',(#997),#303,.F.);
#10545=ADVANCED_FACE('',(#998),#304,.F.);
#10546=ADVANCED_FACE('',(#999),#305,.F.);
#10547=ADVANCED_FACE('',(#1000),#306,.F.);
#10548=ADVANCED_FACE('',(#1001),#307,.F.);
#10549=ADVANCED_FACE('',(#1002),#308,.F.);
#10550=ADVANCED_FACE('',(#1003),#309,.F.);
#10551=ADVANCED_FACE('',(#1004),#9784,.F.);
#10552=ADVANCED_FACE('',(#1005),#310,.F.);
#10553=ADVANCED_FACE('',(#1006,#415),#9785,.T.);
#10554=ADVANCED_FACE('',(#1007),#311,.F.);
#10555=ADVANCED_FACE('',(#1008),#312,.F.);
#10556=ADVANCED_FACE('',(#1009),#313,.F.);
#10557=ADVANCED_FACE('',(#1010),#314,.F.);
#10558=ADVANCED_FACE('',(#1011),#315,.F.);
#10559=ADVANCED_FACE('',(#1012),#316,.F.);
#10560=ADVANCED_FACE('',(#1013),#317,.F.);
#10561=ADVANCED_FACE('',(#1014),#318,.F.);
#10562=ADVANCED_FACE('',(#1015),#319,.F.);
#10563=ADVANCED_FACE('',(#1016),#9786,.F.);
#10564=ADVANCED_FACE('',(#1017),#320,.F.);
#10565=ADVANCED_FACE('',(#1018),#321,.F.);
#10566=ADVANCED_FACE('',(#1019),#322,.F.);
#10567=ADVANCED_FACE('',(#1020),#323,.F.);
#10568=ADVANCED_FACE('',(#1021),#324,.F.);
#10569=ADVANCED_FACE('',(#1022),#325,.F.);
#10570=ADVANCED_FACE('',(#1023),#326,.F.);
#10571=ADVANCED_FACE('',(#1024),#327,.F.);
#10572=ADVANCED_FACE('',(#1025),#328,.F.);
#10573=ADVANCED_FACE('',(#1026),#329,.F.);
#10574=ADVANCED_FACE('',(#1027),#9787,.F.);
#10575=ADVANCED_FACE('',(#1028),#330,.F.);
#10576=ADVANCED_FACE('',(#1029),#9788,.T.);
#10577=ADVANCED_FACE('',(#1030),#9789,.F.);
#10578=ADVANCED_FACE('',(#1031),#331,.F.);
#10579=ADVANCED_FACE('',(#1032),#332,.F.);
#10580=ADVANCED_FACE('',(#1033),#333,.F.);
#10581=ADVANCED_FACE('',(#1034),#334,.F.);
#10582=ADVANCED_FACE('',(#1035),#335,.F.);
#10583=ADVANCED_FACE('',(#1036),#9790,.F.);
#10584=ADVANCED_FACE('',(#1037),#9791,.F.);
#10585=ADVANCED_FACE('',(#1038),#9792,.F.);
#10586=ADVANCED_FACE('',(#1039),#336,.F.);
#10587=ADVANCED_FACE('',(#1040),#337,.F.);
#10588=ADVANCED_FACE('',(#1041),#338,.F.);
#10589=ADVANCED_FACE('',(#1042),#339,.F.);
#10590=ADVANCED_FACE('',(#1043),#340,.F.);
#10591=ADVANCED_FACE('',(#1044),#9793,.F.);
#10592=ADVANCED_FACE('',(#1045),#9794,.F.);
#10593=ADVANCED_FACE('',(#1046),#9795,.F.);
#10594=ADVANCED_FACE('',(#1047),#9796,.F.);
#10595=ADVANCED_FACE('',(#1048),#9797,.T.);
#10596=ADVANCED_FACE('',(#1049),#9798,.F.);
#10597=ADVANCED_FACE('',(#1050),#9799,.F.);
#10598=ADVANCED_FACE('',(#1051),#9800,.F.);
#10599=ADVANCED_FACE('',(#1052),#9801,.F.);
#10600=ADVANCED_FACE('',(#1053),#9802,.F.);
#10601=ADVANCED_FACE('',(#1054),#9803,.F.);
#10602=ADVANCED_FACE('',(#1055),#9804,.F.);
#10603=ADVANCED_FACE('',(#1056),#9805,.F.);
#10604=ADVANCED_FACE('',(#1057),#9806,.F.);
#10605=ADVANCED_FACE('',(#1058),#9807,.F.);
#10606=ADVANCED_FACE('',(#1059),#9808,.F.);
#10607=ADVANCED_FACE('',(#1060),#9809,.F.);
#10608=ADVANCED_FACE('',(#1061),#9810,.F.);
#10609=ADVANCED_FACE('',(#1062),#9811,.F.);
#10610=ADVANCED_FACE('',(#1063),#9812,.F.);
#10611=ADVANCED_FACE('',(#1064),#9813,.F.);
#10612=ADVANCED_FACE('',(#1065),#9814,.F.);
#10613=ADVANCED_FACE('',(#1066),#9815,.F.);
#10614=ADVANCED_FACE('',(#1067),#9816,.F.);
#10615=ADVANCED_FACE('',(#1068),#9817,.F.);
#10616=ADVANCED_FACE('',(#1069),#9818,.F.);
#10617=ADVANCED_FACE('',(#1070),#9819,.F.);
#10618=ADVANCED_FACE('',(#1071),#9820,.F.);
#10619=ADVANCED_FACE('',(#1072),#9821,.F.);
#10620=ADVANCED_FACE('',(#1073),#9822,.F.);
#10621=ADVANCED_FACE('',(#1074,#416,#417,#418,#419,#420,#421,#422,#423,
#424,#425,#426,#427,#428,#429,#430,#431,#432,#433),#9823,.T.);
#10622=ADVANCED_FACE('',(#1075),#9824,.T.);
#10623=ADVANCED_FACE('',(#1076),#554,.F.);
#10624=ADVANCED_FACE('',(#1077),#9825,.F.);
#10625=ADVANCED_FACE('',(#1078),#555,.F.);
#10626=ADVANCED_FACE('',(#1079),#556,.T.);
#10627=ADVANCED_FACE('',(#1080),#9826,.T.);
#10628=ADVANCED_FACE('',(#1081),#557,.F.);
#10629=ADVANCED_FACE('',(#1082),#558,.F.);
#10630=ADVANCED_FACE('',(#1083),#559,.T.);
#10631=ADVANCED_FACE('',(#1084),#560,.F.);
#10632=ADVANCED_FACE('',(#1085),#561,.F.);
#10633=ADVANCED_FACE('',(#1086),#562,.F.);
#10634=ADVANCED_FACE('',(#1087),#563,.F.);
#10635=ADVANCED_FACE('',(#1088),#564,.F.);
#10636=ADVANCED_FACE('',(#1089),#9827,.T.);
#10637=ADVANCED_FACE('',(#1090),#565,.T.);
#10638=ADVANCED_FACE('',(#1091),#9828,.T.);
#10639=ADVANCED_FACE('',(#1092),#566,.T.);
#10640=ADVANCED_FACE('',(#1093),#9829,.T.);
#10641=ADVANCED_FACE('',(#1094),#567,.T.);
#10642=ADVANCED_FACE('',(#1095),#9830,.T.);
#10643=ADVANCED_FACE('',(#1096),#568,.T.);
#10644=ADVANCED_FACE('',(#1097),#9831,.T.);
#10645=ADVANCED_FACE('',(#1098,#434,#435,#436,#437,#438,#439,#440,#441),
#9832,.F.);
#10646=ADVANCED_FACE('',(#1099),#9833,.F.);
#10647=ADVANCED_FACE('',(#1100),#9834,.F.);
#10648=ADVANCED_FACE('',(#1101),#9835,.F.);
#10649=ADVANCED_FACE('',(#1102),#9836,.F.);
#10650=ADVANCED_FACE('',(#1103),#569,.F.);
#10651=ADVANCED_FACE('',(#1104),#9837,.T.);
#10652=ADVANCED_FACE('',(#1105),#570,.F.);
#10653=ADVANCED_FACE('',(#1106),#9838,.T.);
#10654=ADVANCED_FACE('',(#1107),#571,.F.);
#10655=ADVANCED_FACE('',(#1108),#9839,.T.);
#10656=ADVANCED_FACE('',(#1109),#572,.F.);
#10657=ADVANCED_FACE('',(#1110),#9840,.T.);
#10658=ADVANCED_FACE('',(#1111),#573,.T.);
#10659=ADVANCED_FACE('',(#1112,#442),#9841,.T.);
#10660=ADVANCED_FACE('',(#1113),#574,.T.);
#10661=ADVANCED_FACE('',(#1114,#443),#9842,.T.);
#10662=ADVANCED_FACE('',(#1115),#575,.T.);
#10663=ADVANCED_FACE('',(#1116,#444),#9843,.T.);
#10664=ADVANCED_FACE('',(#1117),#576,.T.);
#10665=ADVANCED_FACE('',(#1118,#445),#9844,.T.);
#10666=ADVANCED_FACE('',(#1119),#9845,.T.);
#10667=ADVANCED_FACE('',(#1120),#577,.F.);
#10668=ADVANCED_FACE('',(#1121),#9846,.T.);
#10669=ADVANCED_FACE('',(#1122),#578,.F.);
#10670=ADVANCED_FACE('',(#1123),#9847,.T.);
#10671=ADVANCED_FACE('',(#1124),#579,.F.);
#10672=ADVANCED_FACE('',(#1125,#446),#9848,.T.);
#10673=ADVANCED_FACE('',(#1126),#580,.F.);
#10674=ADVANCED_FACE('',(#1127,#447),#9849,.F.);
#10675=ADVANCED_FACE('',(#1128),#581,.F.);
#10676=ADVANCED_FACE('',(#1129),#582,.F.);
#10677=ADVANCED_FACE('',(#1130),#583,.F.);
#10678=ADVANCED_FACE('',(#1131),#584,.F.);
#10679=ADVANCED_FACE('',(#1132),#585,.F.);
#10680=ADVANCED_FACE('',(#1133),#586,.F.);
#10681=ADVANCED_FACE('',(#1134),#587,.F.);
#10682=ADVANCED_FACE('',(#1135),#588,.F.);
#10683=ADVANCED_FACE('',(#1136),#589,.F.);
#10684=ADVANCED_FACE('',(#1137),#590,.F.);
#10685=ADVANCED_FACE('',(#1138),#591,.F.);
#10686=ADVANCED_FACE('',(#1139),#592,.F.);
#10687=ADVANCED_FACE('',(#1140),#593,.F.);
#10688=ADVANCED_FACE('',(#1141),#594,.F.);
#10689=ADVANCED_FACE('',(#1142),#595,.F.);
#10690=ADVANCED_FACE('',(#1143),#596,.F.);
#10691=ADVANCED_FACE('',(#1144),#9850,.T.);
#10692=ADVANCED_FACE('',(#1145),#597,.T.);
#10693=ADVANCED_FACE('',(#1146),#9851,.T.);
#10694=ADVANCED_FACE('',(#1147),#598,.T.);
#10695=ADVANCED_FACE('',(#1148),#9852,.T.);
#10696=ADVANCED_FACE('',(#1149),#599,.T.);
#10697=ADVANCED_FACE('',(#1150,#448),#9853,.T.);
#10698=ADVANCED_FACE('',(#1151),#600,.T.);
#10699=ADVANCED_FACE('',(#1152,#449,#450,#451,#452,#453,#454,#455,#456,
#457,#458,#459,#460,#461,#462,#463,#464),#9854,.T.);
#10700=ADVANCED_FACE('',(#1153,#465,#466,#467,#468,#469,#470,#471,#472,
#473,#474,#475,#476,#477,#478,#479,#480,#481,#482,#483,#484),#9855,.F.);
#10701=CLOSED_SHELL('',(#10148,#10149,#10150,#10151,#10152,#10153,#10154,
#10155,#10156,#10157,#10158,#10159,#10160,#10161,#10162,#10163,#10164,#10165,
#10166,#10167,#10168,#10169,#10170,#10171,#10172,#10173,#10174,#10175));
#10702=CLOSED_SHELL('',(#10176,#10177,#10178,#10179,#10180,#10181,#10182,
#10183,#10184,#10185,#10186,#10187,#10188,#10189,#10190,#10191,#10192,#10193,
#10194,#10195,#10196,#10197,#10198,#10199,#10200,#10201,#10202,#10203,#10204,
#10205,#10206,#10207,#10208,#10209,#10210,#10211,#10212,#10213,#10214,#10215,
#10216,#10217,#10218,#10219,#10220,#10221,#10222,#10223,#10224,#10225,#10226,
#10227,#10228,#10229,#10230,#10231,#10232,#10233,#10234,#10235,#10236,#10237,
#10238,#10239,#10240,#10241,#10242,#10243,#10244,#10245,#10246,#10247,#10248,
#10249,#10250,#10251,#10252,#10253,#10254,#10255,#10256,#10257,#10258,#10259,
#10260,#10261,#10262,#10263,#10264,#10265,#10266,#10267,#10268,#10269,#10270,
#10271,#10272,#10273,#10274,#10275,#10276,#10277,#10278,#10279,#10280,#10281,
#10282,#10283,#10284,#10285));
#10703=CLOSED_SHELL('',(#10286,#10287,#10288,#10289,#10290,#10291,#10292,
#10293,#10294,#10295,#10296,#10297,#10298,#10299,#10300,#10301));
#10704=CLOSED_SHELL('',(#10302,#10303,#10304,#10305,#10306,#10307,#10308,
#10309,#10310,#10311,#10312,#10313,#10314,#10315,#10316,#10317,#10318,#10319,
#10320,#10321,#10322,#10323,#10324,#10325,#10326,#10327,#10328,#10329,#10330,
#10331,#10332,#10333,#10334,#10335,#10336,#10337,#10338,#10339,#10340,#10341,
#10342,#10343,#10344,#10345,#10346,#10347,#10348,#10349,#10350,#10351,#10352,
#10353,#10354,#10355,#10356,#10357,#10358,#10359,#10360,#10361,#10362,#10363,
#10364,#10365,#10366,#10367,#10368,#10369,#10370,#10371,#10372,#10373,#10374,
#10375,#10376,#10377,#10378,#10379,#10380,#10381,#10382,#10383,#10384,#10385,
#10386,#10387,#10388,#10389,#10390,#10391,#10392,#10393,#10394,#10395,#10396,
#10397,#10398,#10399,#10400,#10401,#10402,#10403,#10404,#10405,#10406));
#10705=CLOSED_SHELL('',(#10407,#10408,#10409,#10410,#10411,#10412,#10413,
#10414,#10415,#10416,#10417,#10418,#10419,#10420,#10421,#10422,#10423,#10424,
#10425,#10426,#10427,#10428,#10429,#10430,#10431,#10432));
#10706=CLOSED_SHELL('',(#10433,#10434,#10435,#10436,#10437,#10438,#10439,
#10440,#10441,#10442,#10443,#10444,#10445,#10446,#10447,#10448,#10449,#10450,
#10451,#10452,#10453,#10454,#10455,#10456,#10457,#10458,#10459,#10460,#10461,
#10462,#10463,#10464,#10465,#10466,#10467,#10468,#10469,#10470,#10471,#10472,
#10473,#10474,#10475,#10476,#10477,#10478,#10479,#10480,#10481,#10482,#10483,
#10484,#10485,#10486,#10487,#10488,#10489,#10490,#10491,#10492,#10493,#10494,
#10495,#10496,#10497,#10498,#10499,#10500,#10501,#10502,#10503,#10504,#10505,
#10506,#10507,#10508,#10509,#10510,#10511,#10512,#10513,#10514,#10515,#10516,
#10517,#10518,#10519,#10520,#10521,#10522,#10523,#10524,#10525,#10526,#10527,
#10528,#10529,#10530,#10531,#10532,#10533,#10534,#10535,#10536,#10537,#10538,
#10539,#10540,#10541,#10542,#10543,#10544,#10545,#10546,#10547,#10548,#10549,
#10550,#10551,#10552,#10553,#10554,#10555,#10556,#10557,#10558,#10559,#10560,
#10561,#10562,#10563,#10564,#10565,#10566,#10567,#10568,#10569,#10570,#10571,
#10572,#10573,#10574,#10575,#10576,#10577,#10578,#10579,#10580,#10581,#10582,
#10583,#10584,#10585,#10586,#10587,#10588,#10589,#10590,#10591,#10592,#10593,
#10594,#10595,#10596,#10597,#10598,#10599,#10600,#10601,#10602,#10603,#10604,
#10605,#10606,#10607,#10608,#10609,#10610,#10611,#10612,#10613,#10614,#10615,
#10616,#10617,#10618,#10619,#10620,#10621,#10622,#10623,#10624,#10625,#10626,
#10627,#10628,#10629,#10630,#10631,#10632,#10633,#10634,#10635,#10636,#10637,
#10638,#10639,#10640,#10641,#10642,#10643,#10644,#10645));
#10707=CLOSED_SHELL('',(#10646,#10647,#10648,#10649,#10650,#10651,#10652,
#10653,#10654,#10655,#10656,#10657,#10658,#10659,#10660,#10661,#10662,#10663,
#10664,#10665,#10666,#10667,#10668,#10669,#10670,#10671,#10672,#10673,#10674,
#10675,#10676,#10677,#10678,#10679,#10680,#10681,#10682,#10683,#10684,#10685,
#10686,#10687,#10688,#10689,#10690,#10691,#10692,#10693,#10694,#10695,#10696,
#10697,#10698,#10699,#10700));
#10708=DERIVED_UNIT_ELEMENT(#10720,1.);
#10709=DERIVED_UNIT_ELEMENT(#18814,-3.);
#10710=DERIVED_UNIT_ELEMENT(#10720,1.);
#10711=DERIVED_UNIT_ELEMENT(#18814,-3.);
#10712=DERIVED_UNIT_ELEMENT(#10720,1.);
#10713=DERIVED_UNIT_ELEMENT(#18814,-3.);
#10714=DERIVED_UNIT_ELEMENT(#10720,1.);
#10715=DERIVED_UNIT_ELEMENT(#18814,-3.);
#10716=DERIVED_UNIT_ELEMENT(#10720,1.);
#10717=DERIVED_UNIT_ELEMENT(#18814,-3.);
#10718=DERIVED_UNIT_ELEMENT(#10720,1.);
#10719=DERIVED_UNIT_ELEMENT(#18814,-3.);
#10720=(
MASS_UNIT()
NAMED_UNIT(*)
SI_UNIT(.KILO.,.GRAM.)
);
#10721=DERIVED_UNIT((#10708,#10709));
#10722=DERIVED_UNIT((#10710,#10711));
#10723=DERIVED_UNIT((#10712,#10713));
#10724=DERIVED_UNIT((#10714,#10715));
#10725=DERIVED_UNIT((#10716,#10717));
#10726=DERIVED_UNIT((#10718,#10719));
#10727=MEASURE_REPRESENTATION_ITEM('density measure',
POSITIVE_RATIO_MEASURE(7850.),#10721);
#10728=MEASURE_REPRESENTATION_ITEM('density measure',
POSITIVE_RATIO_MEASURE(7850.),#10722);
#10729=MEASURE_REPRESENTATION_ITEM('density measure',
POSITIVE_RATIO_MEASURE(7850.),#10723);
#10730=MEASURE_REPRESENTATION_ITEM('density measure',
POSITIVE_RATIO_MEASURE(7850.),#10724);
#10731=MEASURE_REPRESENTATION_ITEM('density measure',
POSITIVE_RATIO_MEASURE(7850.),#10725);
#10732=MEASURE_REPRESENTATION_ITEM('density measure',
POSITIVE_RATIO_MEASURE(7850.),#10726);
#10733=PROPERTY_DEFINITION_REPRESENTATION(#10763,#10745);
#10734=PROPERTY_DEFINITION_REPRESENTATION(#10764,#10746);
#10735=PROPERTY_DEFINITION_REPRESENTATION(#10765,#10747);
#10736=PROPERTY_DEFINITION_REPRESENTATION(#10766,#10748);
#10737=PROPERTY_DEFINITION_REPRESENTATION(#10767,#10749);
#10738=PROPERTY_DEFINITION_REPRESENTATION(#10768,#10750);
#10739=PROPERTY_DEFINITION_REPRESENTATION(#10769,#10751);
#10740=PROPERTY_DEFINITION_REPRESENTATION(#10770,#10752);
#10741=PROPERTY_DEFINITION_REPRESENTATION(#10771,#10753);
#10742=PROPERTY_DEFINITION_REPRESENTATION(#10772,#10754);
#10743=PROPERTY_DEFINITION_REPRESENTATION(#10773,#10755);
#10744=PROPERTY_DEFINITION_REPRESENTATION(#10774,#10756);
#10745=REPRESENTATION('material name',(#10757),#18805);
#10746=REPRESENTATION('density',(#10727),#18805);
#10747=REPRESENTATION('material name',(#10758),#18806);
#10748=REPRESENTATION('density',(#10728),#18806);
#10749=REPRESENTATION('material name',(#10759),#18807);
#10750=REPRESENTATION('density',(#10729),#18807);
#10751=REPRESENTATION('material name',(#10760),#18808);
#10752=REPRESENTATION('density',(#10730),#18808);
#10753=REPRESENTATION('material name',(#10761),#18809);
#10754=REPRESENTATION('density',(#10731),#18809);
#10755=REPRESENTATION('material name',(#10762),#18811);
#10756=REPRESENTATION('density',(#10732),#18811);
#10757=DESCRIPTIVE_REPRESENTATION_ITEM('Steel','Steel');
#10758=DESCRIPTIVE_REPRESENTATION_ITEM('Steel','Steel');
#10759=DESCRIPTIVE_REPRESENTATION_ITEM('Steel','Steel');
#10760=DESCRIPTIVE_REPRESENTATION_ITEM('Steel','Steel');
#10761=DESCRIPTIVE_REPRESENTATION_ITEM('Steel','Steel');
#10762=DESCRIPTIVE_REPRESENTATION_ITEM('Steel','Steel');
#10763=PROPERTY_DEFINITION('material property','material name',#18856);
#10764=PROPERTY_DEFINITION('material property','density of part',#18856);
#10765=PROPERTY_DEFINITION('material property','material name',#18857);
#10766=PROPERTY_DEFINITION('material property','density of part',#18857);
#10767=PROPERTY_DEFINITION('material property','material name',#18858);
#10768=PROPERTY_DEFINITION('material property','density of part',#18858);
#10769=PROPERTY_DEFINITION('material property','material name',#18859);
#10770=PROPERTY_DEFINITION('material property','density of part',#18859);
#10771=PROPERTY_DEFINITION('material property','material name',#18860);
#10772=PROPERTY_DEFINITION('material property','density of part',#18860);
#10773=PROPERTY_DEFINITION('material property','material name',#18862);
#10774=PROPERTY_DEFINITION('material property','density of part',#18862);
#10775=AXIS2_PLACEMENT_3D('',#13886,#11467,#11468);
#10776=AXIS2_PLACEMENT_3D('',#13887,#11469,#11470);
#10777=AXIS2_PLACEMENT_3D('',#13888,#11471,#11472);
#10778=AXIS2_PLACEMENT_3D('',#13889,#11473,#11474);
#10779=AXIS2_PLACEMENT_3D('',#13894,#11476,#11477);
#10780=AXIS2_PLACEMENT_3D('',#13898,#11479,#11480);
#10781=AXIS2_PLACEMENT_3D('',#13902,#11482,#11483);
#10782=AXIS2_PLACEMENT_3D('',#13905,#11485,#11486);
#10783=AXIS2_PLACEMENT_3D('',#13906,#11487,#11488);
#10784=AXIS2_PLACEMENT_3D('',#13912,#11492,#11493);
#10785=AXIS2_PLACEMENT_3D('',#13915,#11495,#11496);
#10786=AXIS2_PLACEMENT_3D('',#13916,#11497,#11498);
#10787=AXIS2_PLACEMENT_3D('',#13918,#11499,#11500);
#10788=AXIS2_PLACEMENT_3D('',#13920,#11502,#11503);
#10789=AXIS2_PLACEMENT_3D('',#13924,#11506,#11507);
#10790=AXIS2_PLACEMENT_3D('',#13928,#11510,#11511);
#10791=AXIS2_PLACEMENT_3D('',#13931,#11513,#11514);
#10792=AXIS2_PLACEMENT_3D('',#13932,#11515,#11516);
#10793=AXIS2_PLACEMENT_3D('',#13934,#11517,#11518);
#10794=AXIS2_PLACEMENT_3D('',#13936,#11520,#11521);
#10795=AXIS2_PLACEMENT_3D('',#13938,#11523,#11524);
#10796=AXIS2_PLACEMENT_3D('',#13941,#11525,#11526);
#10797=AXIS2_PLACEMENT_3D('',#13945,#11528,#11529);
#10798=AXIS2_PLACEMENT_3D('',#13949,#11531,#11532);
#10799=AXIS2_PLACEMENT_3D('',#13953,#11534,#11535);
#10800=AXIS2_PLACEMENT_3D('',#13955,#11537,#11538);
#10801=AXIS2_PLACEMENT_3D('',#13959,#11540,#11541);
#10802=AXIS2_PLACEMENT_3D('',#13961,#11543,#11544);
#10803=AXIS2_PLACEMENT_3D('',#13965,#11547,#11548);
#10804=AXIS2_PLACEMENT_3D('',#13968,#11550,#11551);
#10805=AXIS2_PLACEMENT_3D('',#13969,#11552,#11553);
#10806=AXIS2_PLACEMENT_3D('',#13973,#11556,#11557);
#10807=AXIS2_PLACEMENT_3D('',#13976,#11559,#11560);
#10808=AXIS2_PLACEMENT_3D('',#13977,#11561,#11562);
#10809=AXIS2_PLACEMENT_3D('',#13981,#11565,#11566);
#10810=AXIS2_PLACEMENT_3D('',#13984,#11568,#11569);
#10811=AXIS2_PLACEMENT_3D('',#13985,#11570,#11571);
#10812=AXIS2_PLACEMENT_3D('',#13987,#11573,#11574);
#10813=AXIS2_PLACEMENT_3D('',#13992,#11576,#11577);
#10814=AXIS2_PLACEMENT_3D('',#13996,#11579,#11580);
#10815=AXIS2_PLACEMENT_3D('',#14000,#11582,#11583);
#10816=AXIS2_PLACEMENT_3D('',#14003,#11585,#11586);
#10817=AXIS2_PLACEMENT_3D('',#14004,#11587,#11588);
#10818=AXIS2_PLACEMENT_3D('',#14010,#11592,#11593);
#10819=AXIS2_PLACEMENT_3D('',#14013,#11595,#11596);
#10820=AXIS2_PLACEMENT_3D('',#14014,#11597,#11598);
#10821=AXIS2_PLACEMENT_3D('',#14016,#11599,#11600);
#10822=AXIS2_PLACEMENT_3D('',#14018,#11602,#11603);
#10823=AXIS2_PLACEMENT_3D('',#14022,#11606,#11607);
#10824=AXIS2_PLACEMENT_3D('',#14026,#11610,#11611);
#10825=AXIS2_PLACEMENT_3D('',#14029,#11613,#11614);
#10826=AXIS2_PLACEMENT_3D('',#14030,#11615,#11616);
#10827=AXIS2_PLACEMENT_3D('',#14032,#11617,#11618);
#10828=AXIS2_PLACEMENT_3D('',#14034,#11620,#11621);
#10829=AXIS2_PLACEMENT_3D('',#14036,#11623,#11624);
#10830=AXIS2_PLACEMENT_3D('',#14037,#11625,#11626);
#10831=AXIS2_PLACEMENT_3D('',#14038,#11627,#11628);
#10832=AXIS2_PLACEMENT_3D('',#14047,#11633,#11634);
#10833=AXIS2_PLACEMENT_3D('',#14064,#11643,#11644);
#10834=AXIS2_PLACEMENT_3D('',#14065,#11645,#11646);
#10835=AXIS2_PLACEMENT_3D('',#14085,#11657,#11658);
#10836=AXIS2_PLACEMENT_3D('',#14087,#11659,#11660);
#10837=AXIS2_PLACEMENT_3D('',#14097,#11666,#11667);
#10838=AXIS2_PLACEMENT_3D('',#14099,#11669,#11670);
#10839=AXIS2_PLACEMENT_3D('',#14103,#11673,#11674);
#10840=AXIS2_PLACEMENT_3D('',#14107,#11677,#11678);
#10841=AXIS2_PLACEMENT_3D('',#14111,#11681,#11682);
#10842=AXIS2_PLACEMENT_3D('',#14123,#11689,#11690);
#10843=AXIS2_PLACEMENT_3D('',#14155,#11707,#11708);
#10844=AXIS2_PLACEMENT_3D('',#14160,#11712,#11713);
#10845=AXIS2_PLACEMENT_3D('',#14161,#11714,#11715);
#10846=AXIS2_PLACEMENT_3D('',#14180,#11726,#11727);
#10847=AXIS2_PLACEMENT_3D('',#14181,#11728,#11729);
#10848=AXIS2_PLACEMENT_3D('',#14193,#11736,#11737);
#10849=AXIS2_PLACEMENT_3D('',#14200,#11740,#11741);
#10850=AXIS2_PLACEMENT_3D('',#14205,#11745,#11746);
#10851=AXIS2_PLACEMENT_3D('',#14209,#11749,#11750);
#10852=AXIS2_PLACEMENT_3D('',#14219,#11755,#11756);
#10853=AXIS2_PLACEMENT_3D('',#14225,#11760,#11761);
#10854=AXIS2_PLACEMENT_3D('',#14229,#11764,#11765);
#10855=AXIS2_PLACEMENT_3D('',#14235,#11769,#11770);
#10856=AXIS2_PLACEMENT_3D('',#14260,#11784,#11785);
#10857=AXIS2_PLACEMENT_3D('',#14284,#11799,#11800);
#10858=AXIS2_PLACEMENT_3D('',#14292,#11805,#11806);
#10859=AXIS2_PLACEMENT_3D('',#14297,#11810,#11811);
#10860=AXIS2_PLACEMENT_3D('',#14299,#11813,#11814);
#10861=AXIS2_PLACEMENT_3D('',#14301,#11816,#11817);
#10862=AXIS2_PLACEMENT_3D('',#14303,#11819,#11820);
#10863=AXIS2_PLACEMENT_3D('',#14307,#11823,#11824);
#10864=AXIS2_PLACEMENT_3D('',#14312,#11828,#11829);
#10865=AXIS2_PLACEMENT_3D('',#14314,#11831,#11832);
#10866=AXIS2_PLACEMENT_3D('',#14320,#11836,#11837);
#10867=AXIS2_PLACEMENT_3D('',#14328,#11842,#11843);
#10868=AXIS2_PLACEMENT_3D('',#14331,#11846,#11847);
#10869=AXIS2_PLACEMENT_3D('',#14341,#11853,#11854);
#10870=AXIS2_PLACEMENT_3D('',#14345,#11857,#11858);
#10871=AXIS2_PLACEMENT_3D('',#14353,#11864,#11865);
#10872=AXIS2_PLACEMENT_3D('',#14355,#11867,#11868);
#10873=AXIS2_PLACEMENT_3D('',#14357,#11870,#11871);
#10874=AXIS2_PLACEMENT_3D('',#14358,#11872,#11873);
#10875=AXIS2_PLACEMENT_3D('',#14367,#11879,#11880);
#10876=AXIS2_PLACEMENT_3D('',#14372,#11884,#11885);
#10877=AXIS2_PLACEMENT_3D('',#14374,#11887,#11888);
#10878=AXIS2_PLACEMENT_3D('',#14376,#11890,#11891);
#10879=AXIS2_PLACEMENT_3D('',#14380,#11894,#11895);
#10880=AXIS2_PLACEMENT_3D('',#14384,#11898,#11899);
#10881=AXIS2_PLACEMENT_3D('',#14386,#11901,#11902);
#10882=AXIS2_PLACEMENT_3D('',#14388,#11904,#11905);
#10883=AXIS2_PLACEMENT_3D('',#14389,#11906,#11907);
#10884=AXIS2_PLACEMENT_3D('',#14391,#11909,#11910);
#10885=AXIS2_PLACEMENT_3D('',#14392,#11911,#11912);
#10886=AXIS2_PLACEMENT_3D('',#14395,#11915,#11916);
#10887=AXIS2_PLACEMENT_3D('',#14397,#11918,#11919);
#10888=AXIS2_PLACEMENT_3D('',#14398,#11920,#11921);
#10889=AXIS2_PLACEMENT_3D('',#14399,#11922,#11923);
#10890=AXIS2_PLACEMENT_3D('',#14405,#11927,#11928);
#10891=AXIS2_PLACEMENT_3D('',#14409,#11931,#11932);
#10892=AXIS2_PLACEMENT_3D('',#14413,#11935,#11936);
#10893=AXIS2_PLACEMENT_3D('',#14415,#11938,#11939);
#10894=AXIS2_PLACEMENT_3D('',#14421,#11943,#11944);
#10895=AXIS2_PLACEMENT_3D('',#14425,#11947,#11948);
#10896=AXIS2_PLACEMENT_3D('',#14429,#11951,#11952);
#10897=AXIS2_PLACEMENT_3D('',#14431,#11954,#11955);
#10898=AXIS2_PLACEMENT_3D('',#14440,#11960,#11961);
#10899=AXIS2_PLACEMENT_3D('',#14449,#11966,#11967);
#10900=AXIS2_PLACEMENT_3D('',#14451,#11969,#11970);
#10901=AXIS2_PLACEMENT_3D('',#14452,#11971,#11972);
#10902=AXIS2_PLACEMENT_3D('',#14458,#11976,#11977);
#10903=AXIS2_PLACEMENT_3D('',#14462,#11980,#11981);
#10904=AXIS2_PLACEMENT_3D('',#14466,#11984,#11985);
#10905=AXIS2_PLACEMENT_3D('',#14468,#11987,#11988);
#10906=AXIS2_PLACEMENT_3D('',#14474,#11992,#11993);
#10907=AXIS2_PLACEMENT_3D('',#14478,#11996,#11997);
#10908=AXIS2_PLACEMENT_3D('',#14482,#12000,#12001);
#10909=AXIS2_PLACEMENT_3D('',#14484,#12003,#12004);
#10910=AXIS2_PLACEMENT_3D('',#14488,#12006,#12007);
#10911=AXIS2_PLACEMENT_3D('',#14504,#12015,#12016);
#10912=AXIS2_PLACEMENT_3D('',#14506,#12018,#12019);
#10913=AXIS2_PLACEMENT_3D('',#14510,#12022,#12023);
#10914=AXIS2_PLACEMENT_3D('',#14512,#12024,#12025);
#10915=AXIS2_PLACEMENT_3D('',#14528,#12033,#12034);
#10916=AXIS2_PLACEMENT_3D('',#14530,#12036,#12037);
#10917=AXIS2_PLACEMENT_3D('',#14532,#12039,#12040);
#10918=AXIS2_PLACEMENT_3D('',#14536,#12042,#12043);
#10919=AXIS2_PLACEMENT_3D('',#14552,#12051,#12052);
#10920=AXIS2_PLACEMENT_3D('',#14554,#12054,#12055);
#10921=AXIS2_PLACEMENT_3D('',#14558,#12058,#12059);
#10922=AXIS2_PLACEMENT_3D('',#14560,#12060,#12061);
#10923=AXIS2_PLACEMENT_3D('',#14576,#12069,#12070);
#10924=AXIS2_PLACEMENT_3D('',#14578,#12072,#12073);
#10925=AXIS2_PLACEMENT_3D('',#14580,#12075,#12076);
#10926=AXIS2_PLACEMENT_3D('',#14581,#12077,#12078);
#10927=AXIS2_PLACEMENT_3D('',#14582,#12079,#12080);
#10928=AXIS2_PLACEMENT_3D('',#14584,#12082,#12083);
#10929=AXIS2_PLACEMENT_3D('',#14586,#12085,#12086);
#10930=AXIS2_PLACEMENT_3D('',#14588,#12088,#12089);
#10931=AXIS2_PLACEMENT_3D('',#14594,#12093,#12094);
#10932=AXIS2_PLACEMENT_3D('',#14602,#12099,#12100);
#10933=AXIS2_PLACEMENT_3D('',#14607,#12104,#12105);
#10934=AXIS2_PLACEMENT_3D('',#14609,#12107,#12108);
#10935=AXIS2_PLACEMENT_3D('',#14611,#12110,#12111);
#10936=AXIS2_PLACEMENT_3D('',#14612,#12112,#12113);
#10937=AXIS2_PLACEMENT_3D('',#14618,#12117,#12118);
#10938=AXIS2_PLACEMENT_3D('',#14620,#12120,#12121);
#10939=AXIS2_PLACEMENT_3D('',#14622,#12123,#12124);
#10940=AXIS2_PLACEMENT_3D('',#14624,#12126,#12127);
#10941=AXIS2_PLACEMENT_3D('',#14630,#12131,#12132);
#10942=AXIS2_PLACEMENT_3D('',#14638,#12137,#12138);
#10943=AXIS2_PLACEMENT_3D('',#14643,#12142,#12143);
#10944=AXIS2_PLACEMENT_3D('',#14645,#12145,#12146);
#10945=AXIS2_PLACEMENT_3D('',#14647,#12148,#12149);
#10946=AXIS2_PLACEMENT_3D('',#14648,#12150,#12151);
#10947=AXIS2_PLACEMENT_3D('',#14654,#12155,#12156);
#10948=AXIS2_PLACEMENT_3D('',#14656,#12158,#12159);
#10949=AXIS2_PLACEMENT_3D('',#14658,#12161,#12162);
#10950=AXIS2_PLACEMENT_3D('',#14659,#12163,#12164);
#10951=AXIS2_PLACEMENT_3D('',#14661,#12166,#12167);
#10952=AXIS2_PLACEMENT_3D('',#14663,#12169,#12170);
#10953=AXIS2_PLACEMENT_3D('',#14664,#12171,#12172);
#10954=AXIS2_PLACEMENT_3D('',#14665,#12173,#12174);
#10955=AXIS2_PLACEMENT_3D('',#14667,#12175,#12176);
#10956=AXIS2_PLACEMENT_3D('',#14669,#12177,#12178);
#10957=AXIS2_PLACEMENT_3D('',#14670,#12179,#12180);
#10958=AXIS2_PLACEMENT_3D('',#14672,#12181,#12182);
#10959=AXIS2_PLACEMENT_3D('',#14674,#12184,#12185);
#10960=AXIS2_PLACEMENT_3D('',#14677,#12186,#12187);
#10961=AXIS2_PLACEMENT_3D('',#14679,#12189,#12190);
#10962=AXIS2_PLACEMENT_3D('',#14682,#12191,#12192);
#10963=AXIS2_PLACEMENT_3D('',#14685,#12195,#12196);
#10964=AXIS2_PLACEMENT_3D('',#14687,#12198,#12199);
#10965=AXIS2_PLACEMENT_3D('',#14704,#12208,#12209);
#10966=AXIS2_PLACEMENT_3D('',#14710,#12213,#12214);
#10967=AXIS2_PLACEMENT_3D('',#14714,#12217,#12218);
#10968=AXIS2_PLACEMENT_3D('',#14718,#12221,#12222);
#10969=AXIS2_PLACEMENT_3D('',#14720,#12224,#12225);
#10970=AXIS2_PLACEMENT_3D('',#14726,#12229,#12230);
#10971=AXIS2_PLACEMENT_3D('',#14730,#12233,#12234);
#10972=AXIS2_PLACEMENT_3D('',#14734,#12237,#12238);
#10973=AXIS2_PLACEMENT_3D('',#14736,#12240,#12241);
#10974=AXIS2_PLACEMENT_3D('',#14737,#12242,#12243);
#10975=AXIS2_PLACEMENT_3D('',#14738,#12244,#12245);
#10976=AXIS2_PLACEMENT_3D('',#14739,#12246,#12247);
#10977=AXIS2_PLACEMENT_3D('',#14741,#12248,#12249);
#10978=AXIS2_PLACEMENT_3D('',#14742,#12250,#12251);
#10979=AXIS2_PLACEMENT_3D('',#14744,#12252,#12253);
#10980=AXIS2_PLACEMENT_3D('',#14746,#12255,#12256);
#10981=AXIS2_PLACEMENT_3D('',#14751,#12258,#12259);
#10982=AXIS2_PLACEMENT_3D('',#14755,#12261,#12262);
#10983=AXIS2_PLACEMENT_3D('',#14759,#12264,#12265);
#10984=AXIS2_PLACEMENT_3D('',#14762,#12267,#12268);
#10985=AXIS2_PLACEMENT_3D('',#14764,#12269,#12270);
#10986=AXIS2_PLACEMENT_3D('',#14766,#12271,#12272);
#10987=AXIS2_PLACEMENT_3D('',#14768,#12273,#12274);
#10988=AXIS2_PLACEMENT_3D('',#14770,#12275,#12276);
#10989=AXIS2_PLACEMENT_3D('',#14771,#12277,#12278);
#10990=AXIS2_PLACEMENT_3D('',#14777,#12282,#12283);
#10991=AXIS2_PLACEMENT_3D('',#14780,#12285,#12286);
#10992=AXIS2_PLACEMENT_3D('',#14781,#12287,#12288);
#10993=AXIS2_PLACEMENT_3D('',#14783,#12289,#12290);
#10994=AXIS2_PLACEMENT_3D('',#14785,#12292,#12293);
#10995=AXIS2_PLACEMENT_3D('',#14789,#12296,#12297);
#10996=AXIS2_PLACEMENT_3D('',#14793,#12300,#12301);
#10997=AXIS2_PLACEMENT_3D('',#14795,#12302,#12303);
#10998=AXIS2_PLACEMENT_3D('',#14797,#12305,#12306);
#10999=AXIS2_PLACEMENT_3D('',#14799,#12307,#12308);
#11000=AXIS2_PLACEMENT_3D('',#14801,#12310,#12311);
#11001=AXIS2_PLACEMENT_3D('',#14803,#12313,#12314);
#11002=AXIS2_PLACEMENT_3D('',#14806,#12316,#12317);
#11003=AXIS2_PLACEMENT_3D('',#14807,#12318,#12319);
#11004=AXIS2_PLACEMENT_3D('',#14810,#12321,#12322);
#11005=AXIS2_PLACEMENT_3D('',#14811,#12323,#12324);
#11006=AXIS2_PLACEMENT_3D('',#14814,#12326,#12327);
#11007=AXIS2_PLACEMENT_3D('',#14815,#12328,#12329);
#11008=AXIS2_PLACEMENT_3D('',#14818,#12331,#12332);
#11009=AXIS2_PLACEMENT_3D('',#14819,#12333,#12334);
#11010=AXIS2_PLACEMENT_3D('',#14825,#12338,#12339);
#11011=AXIS2_PLACEMENT_3D('',#14828,#12341,#12342);
#11012=AXIS2_PLACEMENT_3D('',#14829,#12343,#12344);
#11013=AXIS2_PLACEMENT_3D('',#14831,#12345,#12346);
#11014=AXIS2_PLACEMENT_3D('',#14833,#12348,#12349);
#11015=AXIS2_PLACEMENT_3D('',#14853,#12360,#12361);
#11016=AXIS2_PLACEMENT_3D('',#14873,#12372,#12373);
#11017=AXIS2_PLACEMENT_3D('',#14875,#12374,#12375);
#11018=AXIS2_PLACEMENT_3D('',#14877,#12377,#12378);
#11019=AXIS2_PLACEMENT_3D('',#14879,#12379,#12380);
#11020=AXIS2_PLACEMENT_3D('',#14881,#12382,#12383);
#11021=AXIS2_PLACEMENT_3D('',#14883,#12385,#12386);
#11022=AXIS2_PLACEMENT_3D('',#14884,#12387,#12388);
#11023=AXIS2_PLACEMENT_3D('',#14886,#12389,#12390);
#11024=AXIS2_PLACEMENT_3D('',#14887,#12391,#12392);
#11025=AXIS2_PLACEMENT_3D('',#14888,#12393,#12394);
#11026=AXIS2_PLACEMENT_3D('',#14889,#12395,#12396);
#11027=AXIS2_PLACEMENT_3D('',#14890,#12397,#12398);
#11028=AXIS2_PLACEMENT_3D('',#14895,#12403,#12404);
#11029=AXIS2_PLACEMENT_3D('',#14900,#12406,#12407);
#11030=AXIS2_PLACEMENT_3D('',#14904,#12409,#12410);
#11031=AXIS2_PLACEMENT_3D('',#14909,#12413,#12414);
#11032=AXIS2_PLACEMENT_3D('',#14913,#12416,#12417);
#11033=AXIS2_PLACEMENT_3D('',#14917,#12419,#12420);
#11034=AXIS2_PLACEMENT_3D('',#14925,#12424,#12425);
#11035=AXIS2_PLACEMENT_3D('',#14928,#12427,#12428);
#11036=AXIS2_PLACEMENT_3D('',#14929,#12429,#12430);
#11037=AXIS2_PLACEMENT_3D('',#14933,#12433,#12434);
#11038=AXIS2_PLACEMENT_3D('',#14938,#12436,#12437);
#11039=AXIS2_PLACEMENT_3D('',#14942,#12439,#12440);
#11040=AXIS2_PLACEMENT_3D('',#14950,#12444,#12445);
#11041=AXIS2_PLACEMENT_3D('',#14954,#12447,#12448);
#11042=AXIS2_PLACEMENT_3D('',#14958,#12450,#12451);
#11043=AXIS2_PLACEMENT_3D('',#14961,#12453,#12454);
#11044=AXIS2_PLACEMENT_3D('',#14964,#12456,#12457);
#11045=AXIS2_PLACEMENT_3D('',#14965,#12458,#12459);
#11046=AXIS2_PLACEMENT_3D('',#14970,#12461,#12462);
#11047=AXIS2_PLACEMENT_3D('',#14974,#12464,#12465);
#11048=AXIS2_PLACEMENT_3D('',#14982,#12469,#12470);
#11049=AXIS2_PLACEMENT_3D('',#14986,#12472,#12473);
#11050=AXIS2_PLACEMENT_3D('',#14990,#12475,#12476);
#11051=AXIS2_PLACEMENT_3D('',#14995,#12479,#12480);
#11052=AXIS2_PLACEMENT_3D('',#14998,#12482,#12483);
#11053=AXIS2_PLACEMENT_3D('',#14999,#12484,#12485);
#11054=AXIS2_PLACEMENT_3D('',#15004,#12487,#12488);
#11055=AXIS2_PLACEMENT_3D('',#15008,#12490,#12491);
#11056=AXIS2_PLACEMENT_3D('',#15013,#12494,#12495);
#11057=AXIS2_PLACEMENT_3D('',#15017,#12497,#12498);
#11058=AXIS2_PLACEMENT_3D('',#15021,#12500,#12501);
#11059=AXIS2_PLACEMENT_3D('',#15029,#12505,#12506);
#11060=AXIS2_PLACEMENT_3D('',#15032,#12508,#12509);
#11061=AXIS2_PLACEMENT_3D('',#15033,#12510,#12511);
#11062=AXIS2_PLACEMENT_3D('',#15035,#12513,#12514);
#11063=AXIS2_PLACEMENT_3D('',#15040,#12516,#12517);
#11064=AXIS2_PLACEMENT_3D('',#15044,#12519,#12520);
#11065=AXIS2_PLACEMENT_3D('',#15049,#12523,#12524);
#11066=AXIS2_PLACEMENT_3D('',#15053,#12526,#12527);
#11067=AXIS2_PLACEMENT_3D('',#15057,#12529,#12530);
#11068=AXIS2_PLACEMENT_3D('',#15065,#12534,#12535);
#11069=AXIS2_PLACEMENT_3D('',#15068,#12537,#12538);
#11070=AXIS2_PLACEMENT_3D('',#15069,#12539,#12540);
#11071=AXIS2_PLACEMENT_3D('',#15073,#12543,#12544);
#11072=AXIS2_PLACEMENT_3D('',#15078,#12546,#12547);
#11073=AXIS2_PLACEMENT_3D('',#15082,#12549,#12550);
#11074=AXIS2_PLACEMENT_3D('',#15090,#12554,#12555);
#11075=AXIS2_PLACEMENT_3D('',#15094,#12557,#12558);
#11076=AXIS2_PLACEMENT_3D('',#15098,#12560,#12561);
#11077=AXIS2_PLACEMENT_3D('',#15101,#12563,#12564);
#11078=AXIS2_PLACEMENT_3D('',#15104,#12566,#12567);
#11079=AXIS2_PLACEMENT_3D('',#15105,#12568,#12569);
#11080=AXIS2_PLACEMENT_3D('',#15110,#12571,#12572);
#11081=AXIS2_PLACEMENT_3D('',#15114,#12574,#12575);
#11082=AXIS2_PLACEMENT_3D('',#15122,#12579,#12580);
#11083=AXIS2_PLACEMENT_3D('',#15126,#12582,#12583);
#11084=AXIS2_PLACEMENT_3D('',#15130,#12585,#12586);
#11085=AXIS2_PLACEMENT_3D('',#15135,#12589,#12590);
#11086=AXIS2_PLACEMENT_3D('',#15138,#12592,#12593);
#11087=AXIS2_PLACEMENT_3D('',#15139,#12594,#12595);
#11088=AXIS2_PLACEMENT_3D('',#15144,#12597,#12598);
#11089=AXIS2_PLACEMENT_3D('',#15148,#12600,#12601);
#11090=AXIS2_PLACEMENT_3D('',#15153,#12604,#12605);
#11091=AXIS2_PLACEMENT_3D('',#15157,#12607,#12608);
#11092=AXIS2_PLACEMENT_3D('',#15161,#12610,#12611);
#11093=AXIS2_PLACEMENT_3D('',#15169,#12615,#12616);
#11094=AXIS2_PLACEMENT_3D('',#15172,#12618,#12619);
#11095=AXIS2_PLACEMENT_3D('',#15173,#12620,#12621);
#11096=AXIS2_PLACEMENT_3D('',#15175,#12623,#12624);
#11097=AXIS2_PLACEMENT_3D('',#15176,#12625,#12626);
#11098=AXIS2_PLACEMENT_3D('',#15178,#12628,#12629);
#11099=AXIS2_PLACEMENT_3D('',#15180,#12631,#12632);
#11100=AXIS2_PLACEMENT_3D('',#15182,#12634,#12635);
#11101=AXIS2_PLACEMENT_3D('',#15184,#12637,#12638);
#11102=AXIS2_PLACEMENT_3D('',#15187,#12641,#12642);
#11103=AXIS2_PLACEMENT_3D('',#15189,#12644,#12645);
#11104=AXIS2_PLACEMENT_3D('',#15191,#12647,#12648);
#11105=AXIS2_PLACEMENT_3D('',#15193,#12650,#12651);
#11106=AXIS2_PLACEMENT_3D('',#15195,#12653,#12654);
#11107=AXIS2_PLACEMENT_3D('',#15196,#12655,#12656);
#11108=AXIS2_PLACEMENT_3D('',#15198,#12658,#12659);
#11109=AXIS2_PLACEMENT_3D('',#15200,#12661,#12662);
#11110=AXIS2_PLACEMENT_3D('',#15202,#12664,#12665);
#11111=AXIS2_PLACEMENT_3D('',#15204,#12667,#12668);
#11112=AXIS2_PLACEMENT_3D('',#15206,#12670,#12671);
#11113=AXIS2_PLACEMENT_3D('',#15208,#12673,#12674);
#11114=AXIS2_PLACEMENT_3D('',#15210,#12676,#12677);
#11115=AXIS2_PLACEMENT_3D('',#15212,#12679,#12680);
#11116=AXIS2_PLACEMENT_3D('',#15213,#12681,#12682);
#11117=AXIS2_PLACEMENT_3D('',#15216,#12685,#12686);
#11118=AXIS2_PLACEMENT_3D('',#15218,#12688,#12689);
#11119=AXIS2_PLACEMENT_3D('',#15220,#12691,#12692);
#11120=AXIS2_PLACEMENT_3D('',#15222,#12694,#12695);
#11121=AXIS2_PLACEMENT_3D('',#15224,#12697,#12698);
#11122=AXIS2_PLACEMENT_3D('',#15225,#12699,#12700);
#11123=AXIS2_PLACEMENT_3D('',#15227,#12702,#12703);
#11124=AXIS2_PLACEMENT_3D('',#15229,#12705,#12706);
#11125=AXIS2_PLACEMENT_3D('',#15231,#12708,#12709);
#11126=AXIS2_PLACEMENT_3D('',#15233,#12711,#12712);
#11127=AXIS2_PLACEMENT_3D('',#15235,#12714,#12715);
#11128=AXIS2_PLACEMENT_3D('',#15237,#12717,#12718);
#11129=AXIS2_PLACEMENT_3D('',#15239,#12720,#12721);
#11130=AXIS2_PLACEMENT_3D('',#15241,#12723,#12724);
#11131=AXIS2_PLACEMENT_3D('',#15242,#12725,#12726);
#11132=AXIS2_PLACEMENT_3D('',#15245,#12729,#12730);
#11133=AXIS2_PLACEMENT_3D('',#15247,#12732,#12733);
#11134=AXIS2_PLACEMENT_3D('',#15249,#12735,#12736);
#11135=AXIS2_PLACEMENT_3D('',#15251,#12738,#12739);
#11136=AXIS2_PLACEMENT_3D('',#15253,#12741,#12742);
#11137=AXIS2_PLACEMENT_3D('',#15254,#12743,#12744);
#11138=AXIS2_PLACEMENT_3D('',#15256,#12746,#12747);
#11139=AXIS2_PLACEMENT_3D('',#15258,#12749,#12750);
#11140=AXIS2_PLACEMENT_3D('',#15260,#12752,#12753);
#11141=AXIS2_PLACEMENT_3D('',#15262,#12755,#12756);
#11142=AXIS2_PLACEMENT_3D('',#15264,#12758,#12759);
#11143=AXIS2_PLACEMENT_3D('',#15266,#12761,#12762);
#11144=AXIS2_PLACEMENT_3D('',#15268,#12764,#12765);
#11145=AXIS2_PLACEMENT_3D('',#15270,#12767,#12768);
#11146=AXIS2_PLACEMENT_3D('',#15271,#12769,#12770);
#11147=AXIS2_PLACEMENT_3D('',#15274,#12773,#12774);
#11148=AXIS2_PLACEMENT_3D('',#15276,#12776,#12777);
#11149=AXIS2_PLACEMENT_3D('',#15278,#12779,#12780);
#11150=AXIS2_PLACEMENT_3D('',#15280,#12782,#12783);
#11151=AXIS2_PLACEMENT_3D('',#15282,#12785,#12786);
#11152=AXIS2_PLACEMENT_3D('',#15283,#12787,#12788);
#11153=AXIS2_PLACEMENT_3D('',#15285,#12790,#12791);
#11154=AXIS2_PLACEMENT_3D('',#15287,#12793,#12794);
#11155=AXIS2_PLACEMENT_3D('',#15289,#12796,#12797);
#11156=AXIS2_PLACEMENT_3D('',#15291,#12799,#12800);
#11157=AXIS2_PLACEMENT_3D('',#15293,#12802,#12803);
#11158=AXIS2_PLACEMENT_3D('',#15295,#12805,#12806);
#11159=AXIS2_PLACEMENT_3D('',#15297,#12808,#12809);
#11160=AXIS2_PLACEMENT_3D('',#15299,#12811,#12812);
#11161=AXIS2_PLACEMENT_3D('',#15300,#12813,#12814);
#11162=AXIS2_PLACEMENT_3D('',#15301,#12815,#12816);
#11163=AXIS2_PLACEMENT_3D('',#15310,#12821,#12822);
#11164=AXIS2_PLACEMENT_3D('',#15315,#12824,#12825);
#11165=AXIS2_PLACEMENT_3D('',#15323,#12829,#12830);
#11166=AXIS2_PLACEMENT_3D('',#15326,#12832,#12833);
#11167=AXIS2_PLACEMENT_3D('',#15327,#12834,#12835);
#11168=AXIS2_PLACEMENT_3D('',#15328,#12836,#12837);
#11169=AXIS2_PLACEMENT_3D('',#15330,#12838,#12839);
#11170=AXIS2_PLACEMENT_3D('',#15332,#12841,#12842);
#11171=AXIS2_PLACEMENT_3D('',#15335,#12844,#12845);
#11172=AXIS2_PLACEMENT_3D('',#15336,#12846,#12847);
#11173=AXIS2_PLACEMENT_3D('',#15342,#12850,#12851);
#11174=AXIS2_PLACEMENT_3D('',#15349,#12855,#12856);
#11175=AXIS2_PLACEMENT_3D('',#15350,#12857,#12858);
#11176=AXIS2_PLACEMENT_3D('',#15352,#12860,#12861);
#11177=AXIS2_PLACEMENT_3D('',#15354,#12863,#12864);
#11178=AXIS2_PLACEMENT_3D('',#15364,#12870,#12871);
#11179=AXIS2_PLACEMENT_3D('',#15366,#12873,#12874);
#11180=AXIS2_PLACEMENT_3D('',#15368,#12876,#12877);
#11181=AXIS2_PLACEMENT_3D('',#15378,#12883,#12884);
#11182=AXIS2_PLACEMENT_3D('',#15380,#12886,#12887);
#11183=AXIS2_PLACEMENT_3D('',#15385,#12889,#12890);
#11184=AXIS2_PLACEMENT_3D('',#15389,#12892,#12893);
#11185=AXIS2_PLACEMENT_3D('',#15392,#12895,#12896);
#11186=AXIS2_PLACEMENT_3D('',#15393,#12897,#12898);
#11187=AXIS2_PLACEMENT_3D('',#15394,#12899,#12900);
#11188=AXIS2_PLACEMENT_3D('',#15400,#12904,#12905);
#11189=AXIS2_PLACEMENT_3D('',#15404,#12908,#12909);
#11190=AXIS2_PLACEMENT_3D('',#15408,#12911,#12912);
#11191=AXIS2_PLACEMENT_3D('',#15410,#12913,#12914);
#11192=AXIS2_PLACEMENT_3D('',#15414,#12916,#12917);
#11193=AXIS2_PLACEMENT_3D('',#15417,#12919,#12920);
#11194=AXIS2_PLACEMENT_3D('',#15418,#12921,#12922);
#11195=AXIS2_PLACEMENT_3D('',#15422,#12925,#12926);
#11196=AXIS2_PLACEMENT_3D('',#15424,#12928,#12929);
#11197=AXIS2_PLACEMENT_3D('',#15426,#12931,#12932);
#11198=AXIS2_PLACEMENT_3D('',#15428,#12934,#12935);
#11199=AXIS2_PLACEMENT_3D('',#15430,#12937,#12938);
#11200=AXIS2_PLACEMENT_3D('',#15432,#12940,#12941);
#11201=AXIS2_PLACEMENT_3D('',#15434,#12943,#12944);
#11202=AXIS2_PLACEMENT_3D('',#15436,#12946,#12947);
#11203=AXIS2_PLACEMENT_3D('',#15438,#12949,#12950);
#11204=AXIS2_PLACEMENT_3D('',#15439,#12951,#12952);
#11205=AXIS2_PLACEMENT_3D('',#15440,#12953,#12954);
#11206=AXIS2_PLACEMENT_3D('',#15441,#12955,#12956);
#11207=AXIS2_PLACEMENT_3D('',#15442,#12957,#12958);
#11208=AXIS2_PLACEMENT_3D('',#15443,#12959,#12960);
#11209=AXIS2_PLACEMENT_3D('',#15444,#12961,#12962);
#11210=AXIS2_PLACEMENT_3D('',#15445,#12963,#12964);
#11211=AXIS2_PLACEMENT_3D('',#15446,#12965,#12966);
#11212=AXIS2_PLACEMENT_3D('',#15447,#12967,#12968);
#11213=AXIS2_PLACEMENT_3D('',#15456,#12973,#12974);
#11214=AXIS2_PLACEMENT_3D('',#15462,#12978,#12979);
#11215=AXIS2_PLACEMENT_3D('',#15606,#12989,#12990);
#11216=AXIS2_PLACEMENT_3D('',#15612,#12994,#12995);
#11217=AXIS2_PLACEMENT_3D('',#15618,#12999,#13000);
#11218=AXIS2_PLACEMENT_3D('',#15739,#13009,#13010);
#11219=AXIS2_PLACEMENT_3D('',#15745,#13014,#13015);
#11220=AXIS2_PLACEMENT_3D('',#15748,#13018,#13019);
#11221=AXIS2_PLACEMENT_3D('',#15749,#13020,#13021);
#11222=AXIS2_PLACEMENT_3D('',#15758,#13026,#13027);
#11223=AXIS2_PLACEMENT_3D('',#15764,#13031,#13032);
#11224=AXIS2_PLACEMENT_3D('',#15770,#13036,#13037);
#11225=AXIS2_PLACEMENT_3D('',#15773,#13040,#13041);
#11226=AXIS2_PLACEMENT_3D('',#15774,#13042,#13043);
#11227=AXIS2_PLACEMENT_3D('',#15898,#13053,#13054);
#11228=AXIS2_PLACEMENT_3D('',#15904,#13058,#13059);
#11229=AXIS2_PLACEMENT_3D('',#15910,#13063,#13064);
#11230=AXIS2_PLACEMENT_3D('',#16031,#13073,#13074);
#11231=AXIS2_PLACEMENT_3D('',#16037,#13078,#13079);
#11232=AXIS2_PLACEMENT_3D('',#16043,#13083,#13084);
#11233=AXIS2_PLACEMENT_3D('',#16049,#13088,#13089);
#11234=AXIS2_PLACEMENT_3D('',#16052,#13092,#13093);
#11235=AXIS2_PLACEMENT_3D('',#16263,#13104,#13105);
#11236=AXIS2_PLACEMENT_3D('',#16266,#13108,#13109);
#11237=AXIS2_PLACEMENT_3D('',#16321,#13116,#13117);
#11238=AXIS2_PLACEMENT_3D('',#16488,#13128,#13129);
#11239=AXIS2_PLACEMENT_3D('',#16836,#13147,#13148);
#11240=AXIS2_PLACEMENT_3D('',#16837,#13149,#13150);
#11241=AXIS2_PLACEMENT_3D('',#16961,#13160,#13161);
#11242=AXIS2_PLACEMENT_3D('',#16967,#13165,#13166);
#11243=AXIS2_PLACEMENT_3D('',#16973,#13170,#13171);
#11244=AXIS2_PLACEMENT_3D('',#17071,#13179,#13180);
#11245=AXIS2_PLACEMENT_3D('',#17077,#13184,#13185);
#11246=AXIS2_PLACEMENT_3D('',#17083,#13189,#13190);
#11247=AXIS2_PLACEMENT_3D('',#17089,#13194,#13195);
#11248=AXIS2_PLACEMENT_3D('',#17092,#13198,#13199);
#11249=AXIS2_PLACEMENT_3D('',#17165,#13204,#13205);
#11250=AXIS2_PLACEMENT_3D('',#17263,#13213,#13214);
#11251=AXIS2_PLACEMENT_3D('',#17476,#13227,#13228);
#11252=AXIS2_PLACEMENT_3D('',#17502,#13232,#13233);
#11253=AXIS2_PLACEMENT_3D('',#17713,#13244,#13245);
#11254=AXIS2_PLACEMENT_3D('',#17949,#13259,#13260);
#11255=AXIS2_PLACEMENT_3D('',#17975,#13264,#13265);
#11256=AXIS2_PLACEMENT_3D('',#17976,#13266,#13267);
#11257=AXIS2_PLACEMENT_3D('',#18100,#13277,#13278);
#11258=AXIS2_PLACEMENT_3D('',#18106,#13282,#13283);
#11259=AXIS2_PLACEMENT_3D('',#18112,#13287,#13288);
#11260=AXIS2_PLACEMENT_3D('',#18233,#13297,#13298);
#11261=AXIS2_PLACEMENT_3D('',#18239,#13302,#13303);
#11262=AXIS2_PLACEMENT_3D('',#18245,#13307,#13308);
#11263=AXIS2_PLACEMENT_3D('',#18251,#13312,#13313);
#11264=AXIS2_PLACEMENT_3D('',#18254,#13316,#13317);
#11265=AXIS2_PLACEMENT_3D('',#18255,#13318,#13319);
#11266=AXIS2_PLACEMENT_3D('',#18264,#13324,#13325);
#11267=AXIS2_PLACEMENT_3D('',#18270,#13329,#13330);
#11268=AXIS2_PLACEMENT_3D('',#18276,#13334,#13335);
#11269=AXIS2_PLACEMENT_3D('',#18279,#13338,#13339);
#11270=AXIS2_PLACEMENT_3D('',#18280,#13340,#13341);
#11271=AXIS2_PLACEMENT_3D('',#18289,#13346,#13347);
#11272=AXIS2_PLACEMENT_3D('',#18295,#13351,#13352);
#11273=AXIS2_PLACEMENT_3D('',#18301,#13356,#13357);
#11274=AXIS2_PLACEMENT_3D('',#18307,#13361,#13362);
#11275=AXIS2_PLACEMENT_3D('',#18313,#13366,#13367);
#11276=AXIS2_PLACEMENT_3D('',#18319,#13371,#13372);
#11277=AXIS2_PLACEMENT_3D('',#18325,#13376,#13377);
#11278=AXIS2_PLACEMENT_3D('',#18331,#13381,#13382);
#11279=AXIS2_PLACEMENT_3D('',#18337,#13386,#13387);
#11280=AXIS2_PLACEMENT_3D('',#18343,#13391,#13392);
#11281=AXIS2_PLACEMENT_3D('',#18349,#13396,#13397);
#11282=AXIS2_PLACEMENT_3D('',#18352,#13400,#13401);
#11283=AXIS2_PLACEMENT_3D('',#18353,#13402,#13403);
#11284=AXIS2_PLACEMENT_3D('',#18362,#13408,#13409);
#11285=AXIS2_PLACEMENT_3D('',#18368,#13413,#13414);
#11286=AXIS2_PLACEMENT_3D('',#18374,#13418,#13419);
#11287=AXIS2_PLACEMENT_3D('',#18380,#13423,#13424);
#11288=AXIS2_PLACEMENT_3D('',#18386,#13428,#13429);
#11289=AXIS2_PLACEMENT_3D('',#18389,#13432,#13433);
#11290=AXIS2_PLACEMENT_3D('',#18390,#13434,#13435);
#11291=AXIS2_PLACEMENT_3D('',#18393,#13436,#13437);
#11292=AXIS2_PLACEMENT_3D('',#18397,#13439,#13440);
#11293=AXIS2_PLACEMENT_3D('',#18401,#13442,#13443);
#11294=AXIS2_PLACEMENT_3D('',#18405,#13445,#13446);
#11295=AXIS2_PLACEMENT_3D('',#18408,#13448,#13449);
#11296=AXIS2_PLACEMENT_3D('',#18412,#13451,#13452);
#11297=AXIS2_PLACEMENT_3D('',#18415,#13453,#13454);
#11298=AXIS2_PLACEMENT_3D('',#18417,#13455,#13456);
#11299=AXIS2_PLACEMENT_3D('',#18419,#13457,#13458);
#11300=AXIS2_PLACEMENT_3D('',#18420,#13459,#13460);
#11301=AXIS2_PLACEMENT_3D('',#18422,#13461,#13462);
#11302=AXIS2_PLACEMENT_3D('',#18424,#13463,#13464);
#11303=AXIS2_PLACEMENT_3D('',#18426,#13465,#13466);
#11304=AXIS2_PLACEMENT_3D('',#18428,#13467,#13468);
#11305=AXIS2_PLACEMENT_3D('',#18429,#13469,#13470);
#11306=AXIS2_PLACEMENT_3D('',#18430,#13471,#13472);
#11307=AXIS2_PLACEMENT_3D('',#18433,#13474,#13475);
#11308=AXIS2_PLACEMENT_3D('',#18434,#13476,#13477);
#11309=AXIS2_PLACEMENT_3D('',#18440,#13481,#13482);
#11310=AXIS2_PLACEMENT_3D('',#18441,#13483,#13484);
#11311=AXIS2_PLACEMENT_3D('',#18442,#13485,#13486);
#11312=AXIS2_PLACEMENT_3D('',#18444,#13487,#13488);
#11313=AXIS2_PLACEMENT_3D('',#18447,#13490,#13491);
#11314=AXIS2_PLACEMENT_3D('',#18448,#13492,#13493);
#11315=AXIS2_PLACEMENT_3D('',#18449,#13494,#13495);
#11316=AXIS2_PLACEMENT_3D('',#18453,#13497,#13498);
#11317=AXIS2_PLACEMENT_3D('',#18455,#13500,#13501);
#11318=AXIS2_PLACEMENT_3D('',#18458,#13503,#13504);
#11319=AXIS2_PLACEMENT_3D('',#18459,#13505,#13506);
#11320=AXIS2_PLACEMENT_3D('',#18462,#13508,#13509);
#11321=AXIS2_PLACEMENT_3D('',#18463,#13510,#13511);
#11322=AXIS2_PLACEMENT_3D('',#18464,#13512,#13513);
#11323=AXIS2_PLACEMENT_3D('',#18465,#13514,#13515);
#11324=AXIS2_PLACEMENT_3D('',#18468,#13517,#13518);
#11325=AXIS2_PLACEMENT_3D('',#18469,#13519,#13520);
#11326=AXIS2_PLACEMENT_3D('',#18472,#13522,#13523);
#11327=AXIS2_PLACEMENT_3D('',#18473,#13524,#13525);
#11328=AXIS2_PLACEMENT_3D('',#18476,#13527,#13528);
#11329=AXIS2_PLACEMENT_3D('',#18477,#13529,#13530);
#11330=AXIS2_PLACEMENT_3D('',#18480,#13532,#13533);
#11331=AXIS2_PLACEMENT_3D('',#18481,#13534,#13535);
#11332=AXIS2_PLACEMENT_3D('',#18487,#13539,#13540);
#11333=AXIS2_PLACEMENT_3D('',#18489,#13541,#13542);
#11334=AXIS2_PLACEMENT_3D('',#18491,#13544,#13545);
#11335=AXIS2_PLACEMENT_3D('',#18495,#13548,#13549);
#11336=AXIS2_PLACEMENT_3D('',#18497,#13550,#13551);
#11337=AXIS2_PLACEMENT_3D('',#18499,#13553,#13554);
#11338=AXIS2_PLACEMENT_3D('',#18503,#13557,#13558);
#11339=AXIS2_PLACEMENT_3D('',#18505,#13559,#13560);
#11340=AXIS2_PLACEMENT_3D('',#18507,#13562,#13563);
#11341=AXIS2_PLACEMENT_3D('',#18511,#13566,#13567);
#11342=AXIS2_PLACEMENT_3D('',#18512,#13568,#13569);
#11343=AXIS2_PLACEMENT_3D('',#18513,#13570,#13571);
#11344=AXIS2_PLACEMENT_3D('',#18514,#13572,#13573);
#11345=AXIS2_PLACEMENT_3D('',#18515,#13574,#13575);
#11346=AXIS2_PLACEMENT_3D('',#18524,#13580,#13581);
#11347=AXIS2_PLACEMENT_3D('',#18530,#13585,#13586);
#11348=AXIS2_PLACEMENT_3D('',#18536,#13590,#13591);
#11349=AXIS2_PLACEMENT_3D('',#18539,#13594,#13595);
#11350=AXIS2_PLACEMENT_3D('',#18541,#13596,#13597);
#11351=AXIS2_PLACEMENT_3D('',#18544,#13599,#13600);
#11352=AXIS2_PLACEMENT_3D('',#18545,#13601,#13602);
#11353=AXIS2_PLACEMENT_3D('',#18546,#13603,#13604);
#11354=AXIS2_PLACEMENT_3D('',#18548,#13605,#13606);
#11355=AXIS2_PLACEMENT_3D('',#18551,#13608,#13609);
#11356=AXIS2_PLACEMENT_3D('',#18552,#13610,#13611);
#11357=AXIS2_PLACEMENT_3D('',#18553,#13612,#13613);
#11358=AXIS2_PLACEMENT_3D('',#18555,#13614,#13615);
#11359=AXIS2_PLACEMENT_3D('',#18558,#13617,#13618);
#11360=AXIS2_PLACEMENT_3D('',#18559,#13619,#13620);
#11361=AXIS2_PLACEMENT_3D('',#18560,#13621,#13622);
#11362=AXIS2_PLACEMENT_3D('',#18562,#13623,#13624);
#11363=AXIS2_PLACEMENT_3D('',#18565,#13626,#13627);
#11364=AXIS2_PLACEMENT_3D('',#18566,#13628,#13629);
#11365=AXIS2_PLACEMENT_3D('',#18567,#13630,#13631);
#11366=AXIS2_PLACEMENT_3D('',#18569,#13632,#13633);
#11367=AXIS2_PLACEMENT_3D('',#18572,#13635,#13636);
#11368=AXIS2_PLACEMENT_3D('',#18573,#13637,#13638);
#11369=AXIS2_PLACEMENT_3D('',#18574,#13639,#13640);
#11370=AXIS2_PLACEMENT_3D('',#18576,#13641,#13642);
#11371=AXIS2_PLACEMENT_3D('',#18579,#13644,#13645);
#11372=AXIS2_PLACEMENT_3D('',#18580,#13646,#13647);
#11373=AXIS2_PLACEMENT_3D('',#18581,#13648,#13649);
#11374=AXIS2_PLACEMENT_3D('',#18583,#13650,#13651);
#11375=AXIS2_PLACEMENT_3D('',#18586,#13653,#13654);
#11376=AXIS2_PLACEMENT_3D('',#18587,#13655,#13656);
#11377=AXIS2_PLACEMENT_3D('',#18588,#13657,#13658);
#11378=AXIS2_PLACEMENT_3D('',#18590,#13659,#13660);
#11379=AXIS2_PLACEMENT_3D('',#18593,#13662,#13663);
#11380=AXIS2_PLACEMENT_3D('',#18594,#13664,#13665);
#11381=AXIS2_PLACEMENT_3D('',#18595,#13666,#13667);
#11382=AXIS2_PLACEMENT_3D('',#18604,#13672,#13673);
#11383=AXIS2_PLACEMENT_3D('',#18606,#13674,#13675);
#11384=AXIS2_PLACEMENT_3D('',#18608,#13676,#13677);
#11385=AXIS2_PLACEMENT_3D('',#18610,#13679,#13680);
#11386=AXIS2_PLACEMENT_3D('',#18616,#13684,#13685);
#11387=AXIS2_PLACEMENT_3D('',#18618,#13686,#13687);
#11388=AXIS2_PLACEMENT_3D('',#18620,#13688,#13689);
#11389=AXIS2_PLACEMENT_3D('',#18622,#13691,#13692);
#11390=AXIS2_PLACEMENT_3D('',#18628,#13696,#13697);
#11391=AXIS2_PLACEMENT_3D('',#18630,#13698,#13699);
#11392=AXIS2_PLACEMENT_3D('',#18632,#13700,#13701);
#11393=AXIS2_PLACEMENT_3D('',#18634,#13703,#13704);
#11394=AXIS2_PLACEMENT_3D('',#18640,#13708,#13709);
#11395=AXIS2_PLACEMENT_3D('',#18641,#13710,#13711);
#11396=AXIS2_PLACEMENT_3D('',#18642,#13712,#13713);
#11397=AXIS2_PLACEMENT_3D('',#18643,#13714,#13715);
#11398=AXIS2_PLACEMENT_3D('',#18646,#13716,#13717);
#11399=AXIS2_PLACEMENT_3D('',#18650,#13719,#13720);
#11400=AXIS2_PLACEMENT_3D('',#18654,#13722,#13723);
#11401=AXIS2_PLACEMENT_3D('',#18658,#13725,#13726);
#11402=AXIS2_PLACEMENT_3D('',#18660,#13728,#13729);
#11403=AXIS2_PLACEMENT_3D('',#18662,#13730,#13731);
#11404=AXIS2_PLACEMENT_3D('',#18665,#13733,#13734);
#11405=AXIS2_PLACEMENT_3D('',#18666,#13735,#13736);
#11406=AXIS2_PLACEMENT_3D('',#18668,#13737,#13738);
#11407=AXIS2_PLACEMENT_3D('',#18671,#13740,#13741);
#11408=AXIS2_PLACEMENT_3D('',#18672,#13742,#13743);
#11409=AXIS2_PLACEMENT_3D('',#18674,#13744,#13745);
#11410=AXIS2_PLACEMENT_3D('',#18677,#13747,#13748);
#11411=AXIS2_PLACEMENT_3D('',#18678,#13749,#13750);
#11412=AXIS2_PLACEMENT_3D('',#18680,#13751,#13752);
#11413=AXIS2_PLACEMENT_3D('',#18683,#13754,#13755);
#11414=AXIS2_PLACEMENT_3D('',#18684,#13756,#13757);
#11415=AXIS2_PLACEMENT_3D('',#18686,#13758,#13759);
#11416=AXIS2_PLACEMENT_3D('',#18689,#13761,#13762);
#11417=AXIS2_PLACEMENT_3D('',#18690,#13763,#13764);
#11418=AXIS2_PLACEMENT_3D('',#18692,#13765,#13766);
#11419=AXIS2_PLACEMENT_3D('',#18695,#13768,#13769);
#11420=AXIS2_PLACEMENT_3D('',#18696,#13770,#13771);
#11421=AXIS2_PLACEMENT_3D('',#18698,#13772,#13773);
#11422=AXIS2_PLACEMENT_3D('',#18701,#13775,#13776);
#11423=AXIS2_PLACEMENT_3D('',#18702,#13777,#13778);
#11424=AXIS2_PLACEMENT_3D('',#18704,#13779,#13780);
#11425=AXIS2_PLACEMENT_3D('',#18707,#13782,#13783);
#11426=AXIS2_PLACEMENT_3D('',#18708,#13784,#13785);
#11427=AXIS2_PLACEMENT_3D('',#18710,#13786,#13787);
#11428=AXIS2_PLACEMENT_3D('',#18713,#13789,#13790);
#11429=AXIS2_PLACEMENT_3D('',#18714,#13791,#13792);
#11430=AXIS2_PLACEMENT_3D('',#18716,#13793,#13794);
#11431=AXIS2_PLACEMENT_3D('',#18719,#13796,#13797);
#11432=AXIS2_PLACEMENT_3D('',#18720,#13798,#13799);
#11433=AXIS2_PLACEMENT_3D('',#18722,#13800,#13801);
#11434=AXIS2_PLACEMENT_3D('',#18725,#13803,#13804);
#11435=AXIS2_PLACEMENT_3D('',#18726,#13805,#13806);
#11436=AXIS2_PLACEMENT_3D('',#18728,#13807,#13808);
#11437=AXIS2_PLACEMENT_3D('',#18731,#13810,#13811);
#11438=AXIS2_PLACEMENT_3D('',#18732,#13812,#13813);
#11439=AXIS2_PLACEMENT_3D('',#18734,#13814,#13815);
#11440=AXIS2_PLACEMENT_3D('',#18737,#13817,#13818);
#11441=AXIS2_PLACEMENT_3D('',#18738,#13819,#13820);
#11442=AXIS2_PLACEMENT_3D('',#18740,#13821,#13822);
#11443=AXIS2_PLACEMENT_3D('',#18743,#13824,#13825);
#11444=AXIS2_PLACEMENT_3D('',#18744,#13826,#13827);
#11445=AXIS2_PLACEMENT_3D('',#18746,#13828,#13829);
#11446=AXIS2_PLACEMENT_3D('',#18749,#13831,#13832);
#11447=AXIS2_PLACEMENT_3D('',#18750,#13833,#13834);
#11448=AXIS2_PLACEMENT_3D('',#18752,#13835,#13836);
#11449=AXIS2_PLACEMENT_3D('',#18755,#13838,#13839);
#11450=AXIS2_PLACEMENT_3D('',#18756,#13840,#13841);
#11451=AXIS2_PLACEMENT_3D('',#18762,#13845,#13846);
#11452=AXIS2_PLACEMENT_3D('',#18764,#13847,#13848);
#11453=AXIS2_PLACEMENT_3D('',#18766,#13850,#13851);
#11454=AXIS2_PLACEMENT_3D('',#18770,#13854,#13855);
#11455=AXIS2_PLACEMENT_3D('',#18772,#13856,#13857);
#11456=AXIS2_PLACEMENT_3D('',#18774,#13859,#13860);
#11457=AXIS2_PLACEMENT_3D('',#18778,#13863,#13864);
#11458=AXIS2_PLACEMENT_3D('',#18780,#13865,#13866);
#11459=AXIS2_PLACEMENT_3D('',#18782,#13868,#13869);
#11460=AXIS2_PLACEMENT_3D('',#18786,#13872,#13873);
#11461=AXIS2_PLACEMENT_3D('',#18787,#13874,#13875);
#11462=AXIS2_PLACEMENT_3D('',#18788,#13876,#13877);
#11463=AXIS2_PLACEMENT_3D('',#18789,#13878,#13879);
#11464=AXIS2_PLACEMENT_3D('',#18790,#13880,#13881);
#11465=AXIS2_PLACEMENT_3D('',#18791,#13882,#13883);
#11466=AXIS2_PLACEMENT_3D('',#18792,#13884,#13885);
#11467=DIRECTION('axis',(0.,0.,1.));
#11468=DIRECTION('refdir',(1.,0.,0.));
#11469=DIRECTION('axis',(0.,0.,1.));
#11470=DIRECTION('refdir',(1.,0.,0.));
#11471=DIRECTION('axis',(0.,0.,1.));
#11472=DIRECTION('refdir',(1.,0.,0.));
#11473=DIRECTION('center_axis',(1.,0.,0.));
#11474=DIRECTION('ref_axis',(0.,0.,1.));
#11475=DIRECTION('',(0.,0.,1.));
#11476=DIRECTION('center_axis',(-1.,0.,0.));
#11477=DIRECTION('ref_axis',(0.,0.,1.));
#11478=DIRECTION('',(0.,1.,0.));
#11479=DIRECTION('center_axis',(1.,0.,0.));
#11480=DIRECTION('ref_axis',(0.,0.,1.));
#11481=DIRECTION('',(0.,0.,1.));
#11482=DIRECTION('center_axis',(-1.,0.,0.));
#11483=DIRECTION('ref_axis',(0.,0.,1.));
#11484=DIRECTION('',(0.,1.,0.));
#11485=DIRECTION('center_axis',(1.,0.,0.));
#11486=DIRECTION('ref_axis',(0.,0.,1.));
#11487=DIRECTION('center_axis',(0.,1.,0.));
#11488=DIRECTION('ref_axis',(0.,0.,1.));
#11489=DIRECTION('',(0.,0.,1.));
#11490=DIRECTION('',(1.,0.,0.));
#11491=DIRECTION('',(1.,0.,0.));
#11492=DIRECTION('center_axis',(1.,0.,0.));
#11493=DIRECTION('ref_axis',(0.,-1.,0.));
#11494=DIRECTION('',(1.,0.,0.));
#11495=DIRECTION('center_axis',(1.,0.,0.));
#11496=DIRECTION('ref_axis',(0.,0.,1.));
#11497=DIRECTION('center_axis',(1.,0.,0.));
#11498=DIRECTION('ref_axis',(0.,-1.,0.));
#11499=DIRECTION('center_axis',(-1.,0.,0.));
#11500=DIRECTION('ref_axis',(0.,0.,1.));
#11501=DIRECTION('',(1.,0.,0.));
#11502=DIRECTION('center_axis',(0.,0.,1.));
#11503=DIRECTION('ref_axis',(1.,0.,0.));
#11504=DIRECTION('',(1.,0.,0.));
#11505=DIRECTION('',(0.,1.,0.));
#11506=DIRECTION('center_axis',(0.,0.,1.));
#11507=DIRECTION('ref_axis',(1.,0.,0.));
#11508=DIRECTION('',(0.,1.,0.));
#11509=DIRECTION('',(1.,0.,0.));
#11510=DIRECTION('center_axis',(1.,0.,0.));
#11511=DIRECTION('ref_axis',(0.,1.,0.));
#11512=DIRECTION('',(1.,0.,0.));
#11513=DIRECTION('center_axis',(-1.,0.,0.));
#11514=DIRECTION('ref_axis',(0.,0.,1.));
#11515=DIRECTION('center_axis',(1.,0.,0.));
#11516=DIRECTION('ref_axis',(0.,1.,0.));
#11517=DIRECTION('center_axis',(1.,0.,0.));
#11518=DIRECTION('ref_axis',(0.,0.,1.));
#11519=DIRECTION('',(1.,0.,0.));
#11520=DIRECTION('center_axis',(0.,1.,0.));
#11521=DIRECTION('ref_axis',(0.,0.,1.));
#11522=DIRECTION('',(0.,0.,1.));
#11523=DIRECTION('center_axis',(1.,0.,0.));
#11524=DIRECTION('ref_axis',(0.,0.,1.));
#11525=DIRECTION('center_axis',(1.,0.,0.));
#11526=DIRECTION('ref_axis',(0.,0.,1.));
#11527=DIRECTION('',(0.,0.,1.));
#11528=DIRECTION('center_axis',(-1.,0.,0.));
#11529=DIRECTION('ref_axis',(0.,0.,1.));
#11530=DIRECTION('',(0.,1.,0.));
#11531=DIRECTION('center_axis',(1.,0.,0.));
#11532=DIRECTION('ref_axis',(0.,0.,1.));
#11533=DIRECTION('',(0.,0.,1.));
#11534=DIRECTION('center_axis',(-1.,0.,0.));
#11535=DIRECTION('ref_axis',(0.,0.,1.));
#11536=DIRECTION('',(0.,1.,0.));
#11537=DIRECTION('center_axis',(1.,0.,0.));
#11538=DIRECTION('ref_axis',(0.,-1.,0.));
#11539=DIRECTION('',(1.,0.,0.));
#11540=DIRECTION('center_axis',(1.,0.,0.));
#11541=DIRECTION('ref_axis',(0.,0.,1.));
#11542=DIRECTION('',(1.,0.,0.));
#11543=DIRECTION('center_axis',(0.,0.,1.));
#11544=DIRECTION('ref_axis',(1.,0.,0.));
#11545=DIRECTION('',(1.,0.,0.));
#11546=DIRECTION('',(0.,1.,0.));
#11547=DIRECTION('center_axis',(1.,0.,0.));
#11548=DIRECTION('ref_axis',(0.,1.,0.));
#11549=DIRECTION('',(1.,0.,0.));
#11550=DIRECTION('center_axis',(-1.,0.,0.));
#11551=DIRECTION('ref_axis',(0.,0.,1.));
#11552=DIRECTION('center_axis',(0.,1.,0.));
#11553=DIRECTION('ref_axis',(0.,0.,1.));
#11554=DIRECTION('',(0.,0.,1.));
#11555=DIRECTION('',(1.,0.,0.));
#11556=DIRECTION('center_axis',(1.,0.,0.));
#11557=DIRECTION('ref_axis',(0.,1.,0.));
#11558=DIRECTION('',(1.,0.,0.));
#11559=DIRECTION('center_axis',(1.,0.,0.));
#11560=DIRECTION('ref_axis',(0.,0.,1.));
#11561=DIRECTION('center_axis',(0.,0.,1.));
#11562=DIRECTION('ref_axis',(1.,0.,0.));
#11563=DIRECTION('',(1.,0.,0.));
#11564=DIRECTION('',(0.,1.,0.));
#11565=DIRECTION('center_axis',(1.,0.,0.));
#11566=DIRECTION('ref_axis',(0.,-1.,0.));
#11567=DIRECTION('',(1.,0.,0.));
#11568=DIRECTION('center_axis',(-1.,0.,0.));
#11569=DIRECTION('ref_axis',(0.,0.,1.));
#11570=DIRECTION('center_axis',(0.,1.,0.));
#11571=DIRECTION('ref_axis',(0.,0.,1.));
#11572=DIRECTION('',(0.,0.,1.));
#11573=DIRECTION('center_axis',(1.,0.,0.));
#11574=DIRECTION('ref_axis',(0.,0.,1.));
#11575=DIRECTION('',(0.,0.,1.));
#11576=DIRECTION('center_axis',(-1.,0.,0.));
#11577=DIRECTION('ref_axis',(0.,0.,1.));
#11578=DIRECTION('',(0.,1.,0.));
#11579=DIRECTION('center_axis',(1.,0.,0.));
#11580=DIRECTION('ref_axis',(0.,0.,1.));
#11581=DIRECTION('',(0.,0.,1.));
#11582=DIRECTION('center_axis',(-1.,0.,0.));
#11583=DIRECTION('ref_axis',(0.,0.,1.));
#11584=DIRECTION('',(0.,1.,0.));
#11585=DIRECTION('center_axis',(1.,0.,0.));
#11586=DIRECTION('ref_axis',(0.,0.,1.));
#11587=DIRECTION('center_axis',(0.,1.,0.));
#11588=DIRECTION('ref_axis',(0.,0.,1.));
#11589=DIRECTION('',(0.,0.,1.));
#11590=DIRECTION('',(1.,0.,0.));
#11591=DIRECTION('',(1.,0.,0.));
#11592=DIRECTION('center_axis',(1.,0.,0.));
#11593=DIRECTION('ref_axis',(0.,-1.,0.));
#11594=DIRECTION('',(1.,0.,0.));
#11595=DIRECTION('center_axis',(1.,0.,0.));
#11596=DIRECTION('ref_axis',(0.,0.,1.));
#11597=DIRECTION('center_axis',(1.,0.,0.));
#11598=DIRECTION('ref_axis',(0.,-1.,0.));
#11599=DIRECTION('center_axis',(-1.,0.,0.));
#11600=DIRECTION('ref_axis',(0.,0.,1.));
#11601=DIRECTION('',(1.,0.,0.));
#11602=DIRECTION('center_axis',(0.,0.,1.));
#11603=DIRECTION('ref_axis',(1.,0.,0.));
#11604=DIRECTION('',(1.,0.,0.));
#11605=DIRECTION('',(0.,1.,0.));
#11606=DIRECTION('center_axis',(0.,0.,1.));
#11607=DIRECTION('ref_axis',(1.,0.,0.));
#11608=DIRECTION('',(0.,1.,0.));
#11609=DIRECTION('',(1.,0.,0.));
#11610=DIRECTION('center_axis',(1.,0.,0.));
#11611=DIRECTION('ref_axis',(0.,1.,0.));
#11612=DIRECTION('',(1.,0.,0.));
#11613=DIRECTION('center_axis',(-1.,0.,0.));
#11614=DIRECTION('ref_axis',(0.,0.,1.));
#11615=DIRECTION('center_axis',(1.,0.,0.));
#11616=DIRECTION('ref_axis',(0.,1.,0.));
#11617=DIRECTION('center_axis',(1.,0.,0.));
#11618=DIRECTION('ref_axis',(0.,0.,1.));
#11619=DIRECTION('',(1.,0.,0.));
#11620=DIRECTION('center_axis',(0.,1.,0.));
#11621=DIRECTION('ref_axis',(0.,0.,1.));
#11622=DIRECTION('',(0.,0.,1.));
#11623=DIRECTION('center_axis',(1.,0.,0.));
#11624=DIRECTION('ref_axis',(0.,0.,1.));
#11625=DIRECTION('axis',(0.,0.,1.));
#11626=DIRECTION('refdir',(1.,0.,0.));
#11627=DIRECTION('center_axis',(1.359631073447E-32,1.110223024625E-16,1.));
#11628=DIRECTION('ref_axis',(-1.224646799147E-16,-1.,1.110223024625E-16));
#11629=DIRECTION('',(-1.224646799147E-16,-1.,1.110223024625E-16));
#11630=DIRECTION('',(-1.,1.224646799147E-16,0.));
#11631=DIRECTION('',(-1.224646799147E-16,-1.,1.110223024625E-16));
#11632=DIRECTION('',(-1.,1.224646799147E-16,0.));
#11633=DIRECTION('center_axis',(1.,-1.224646799147E-16,-3.096025220137E-32));
#11634=DIRECTION('ref_axis',(-3.096025220137E-32,3.79153737592E-48,-1.));
#11635=DIRECTION('',(1.359631073447E-32,1.110223024625E-16,1.));
#11636=DIRECTION('',(-1.224646799147E-16,-1.,0.));
#11637=DIRECTION('',(0.,0.,-1.));
#11638=DIRECTION('',(1.06737219175428E-16,0.871575537124229,-0.490261239633129));
#11639=DIRECTION('',(1.359631073447E-32,1.110223024625E-16,1.));
#11640=DIRECTION('',(-1.224646799147E-16,-1.,1.110223024625E-16));
#11641=DIRECTION('',(1.359631073447E-32,1.110223024625E-16,1.));
#11642=DIRECTION('',(1.224646799147E-16,1.,-1.110223024625E-16));
#11643=DIRECTION('center_axis',(-1.,1.224646799147E-16,0.));
#11644=DIRECTION('ref_axis',(1.35963107344631E-32,1.110223024625E-16,1.));
#11645=DIRECTION('center_axis',(-1.224646799147E-16,-1.,-4.111705995194E-31));
#11646=DIRECTION('ref_axis',(-5.03538758605E-47,-4.111705995194E-31,1.));
#11647=DIRECTION('',(1.,-1.224646799147E-16,0.));
#11648=DIRECTION('',(0.,0.,1.));
#11649=DIRECTION('',(-1.,1.224646799147E-16,0.));
#11650=DIRECTION('',(1.359631073447E-32,1.110223024625E-16,1.));
#11651=DIRECTION('',(1.,-1.224646799147E-16,0.));
#11652=DIRECTION('',(-1.359631073447E-32,-1.110223024625E-16,-1.));
#11653=DIRECTION('',(-1.,1.224646799147E-16,0.));
#11654=DIRECTION('',(-1.359631073447E-32,-1.110223024625E-16,-1.));
#11655=DIRECTION('',(-1.,1.224646799147E-16,0.));
#11656=DIRECTION('',(0.,0.,1.));
#11657=DIRECTION('center_axis',(1.,-1.224646799147E-16,0.));
#11658=DIRECTION('ref_axis',(1.35963107344631E-32,1.110223024625E-16,1.));
#11659=DIRECTION('center_axis',(1.,-1.224646799147E-16,0.));
#11660=DIRECTION('ref_axis',(1.35963107344631E-32,1.110223024625E-16,1.));
#11661=DIRECTION('',(1.224646799147E-16,1.,-1.110223024625E-16));
#11662=DIRECTION('',(1.359631073447E-32,1.110223024625E-16,1.));
#11663=DIRECTION('',(1.224646799147E-16,1.,-1.110223024625E-16));
#11664=DIRECTION('',(1.359631073447E-32,1.110223024625E-16,1.));
#11665=DIRECTION('',(1.224646799147E-16,1.,-1.110223024625E-16));
#11666=DIRECTION('center_axis',(1.,-1.224646799147E-16,0.));
#11667=DIRECTION('ref_axis',(1.35963107344631E-32,1.110223024625E-16,1.));
#11668=DIRECTION('',(-1.,1.224646799147E-16,0.));
#11669=DIRECTION('center_axis',(0.,0.,1.));
#11670=DIRECTION('ref_axis',(-1.224646799147E-16,-1.,0.));
#11671=DIRECTION('',(-1.,1.224646799147E-16,0.));
#11672=DIRECTION('',(-1.224646799147E-16,-1.,0.));
#11673=DIRECTION('center_axis',(-1.224646799147E-16,-1.,0.));
#11674=DIRECTION('ref_axis',(0.,0.,-1.));
#11675=DIRECTION('',(-1.,1.224646799147E-16,0.));
#11676=DIRECTION('',(0.,0.,-1.));
#11677=DIRECTION('center_axis',(-6.00396857861758E-17,-0.490261239633129,
-0.871575537124229));
#11678=DIRECTION('ref_axis',(1.06737219175428E-16,0.871575537124229,-0.490261239633129));
#11679=DIRECTION('',(-1.,1.224646799147E-16,0.));
#11680=DIRECTION('',(1.06737219175428E-16,0.871575537124229,-0.490261239633129));
#11681=DIRECTION('center_axis',(-1.224646799147E-16,-1.,1.110223024625E-16));
#11682=DIRECTION('ref_axis',(-1.,1.224646799147E-16,0.));
#11683=DIRECTION('',(1.359631073447E-32,1.110223024625E-16,1.));
#11684=DIRECTION('',(-1.,1.224646799147E-16,0.));
#11685=DIRECTION('',(-1.359631073447E-32,-1.110223024625E-16,-1.));
#11686=DIRECTION('',(-1.,1.224646799147E-16,0.));
#11687=DIRECTION('',(0.,0.,1.));
#11688=DIRECTION('',(1.,-1.224646799147E-16,0.));
#11689=DIRECTION('center_axis',(-1.359631073447E-32,-1.110223024625E-16,
-1.));
#11690=DIRECTION('ref_axis',(-1.,1.224646799147E-16,6.92834118447397E-45));
#11691=DIRECTION('',(1.224646799147E-16,1.,-1.110223024625E-16));
#11692=DIRECTION('',(1.,-1.224646799147E-16,0.));
#11693=DIRECTION('',(-1.224646799147E-16,-1.,1.110223024625E-16));
#11694=DIRECTION('',(-1.,1.224646799147E-16,0.));
#11695=DIRECTION('',(-1.224646799147E-16,-1.,1.110223024625E-16));
#11696=DIRECTION('',(-1.,1.224646799147E-16,0.));
#11697=DIRECTION('',(-1.224646799147E-16,-1.,1.110223024625E-16));
#11698=DIRECTION('',(-1.,1.224646799147E-16,0.));
#11699=DIRECTION('',(-1.224646799147E-16,-1.,1.110223024625E-16));
#11700=DIRECTION('',(-1.,1.224646799147E-16,0.));
#11701=DIRECTION('',(-1.224646799147E-16,-1.,1.110223024625E-16));
#11702=DIRECTION('',(-1.,1.224646799147E-16,0.));
#11703=DIRECTION('',(-1.224646799147E-16,-1.,1.110223024625E-16));
#11704=DIRECTION('',(-1.,1.224646799147E-16,0.));
#11705=DIRECTION('',(1.224646799147E-16,1.,-1.110223024625E-16));
#11706=DIRECTION('',(-1.,1.224646799147E-16,0.));
#11707=DIRECTION('center_axis',(-1.224646799147E-16,-1.,1.110223024625E-16));
#11708=DIRECTION('ref_axis',(-1.,1.224646799147E-16,0.));
#11709=DIRECTION('',(-1.,1.224646799147E-16,0.));
#11710=DIRECTION('',(-1.359631073447E-32,-1.110223024625E-16,-1.));
#11711=DIRECTION('',(-1.,1.224646799147E-16,0.));
#11712=DIRECTION('center_axis',(-1.359631073447E-32,-1.110223024625E-16,
-1.));
#11713=DIRECTION('ref_axis',(1.224646799147E-16,1.,-1.110223024625E-16));
#11714=DIRECTION('center_axis',(1.359631073447E-32,1.110223024625E-16,1.));
#11715=DIRECTION('ref_axis',(1.,-1.224646799147E-16,-6.92834118447397E-45));
#11716=DIRECTION('',(1.,-1.224646799147E-16,0.));
#11717=DIRECTION('',(1.224646799147E-16,1.,-1.110223024625E-16));
#11718=DIRECTION('',(-1.,1.224646799147E-16,0.));
#11719=DIRECTION('',(1.224646799147E-16,1.,-1.110223024625E-16));
#11720=DIRECTION('',(1.,-1.224646799147E-16,0.));
#11721=DIRECTION('',(1.224646799147E-16,1.,-1.110223024625E-16));
#11722=DIRECTION('',(-1.,1.224646799147E-16,0.));
#11723=DIRECTION('',(1.224646799147E-16,1.,-1.110223024625E-16));
#11724=DIRECTION('',(1.224646799147E-16,1.,0.));
#11725=DIRECTION('',(1.224646799147E-16,1.,0.));
#11726=DIRECTION('center_axis',(-1.,1.224646799147E-16,0.));
#11727=DIRECTION('ref_axis',(0.,0.,1.));
#11728=DIRECTION('center_axis',(-1.359631073447E-32,-1.110223024625E-16,
-1.));
#11729=DIRECTION('ref_axis',(1.,-1.224646799147E-16,-6.92834118447397E-45));
#11730=DIRECTION('',(1.,-1.224646799147E-16,0.));
#11731=DIRECTION('',(-1.224646799147E-16,-1.,1.110223024625E-16));
#11732=DIRECTION('',(1.,-1.224646799147E-16,0.));
#11733=DIRECTION('',(-1.224646799147E-16,-1.,1.110223024625E-16));
#11734=DIRECTION('',(1.,-1.224646799147E-16,0.));
#11735=DIRECTION('',(1.224646799147E-16,1.,-1.110223024625E-16));
#11736=DIRECTION('center_axis',(-1.,1.224646799147E-16,0.));
#11737=DIRECTION('ref_axis',(-1.35963107344631E-32,-1.110223024625E-16,
-1.));
#11738=DIRECTION('',(-1.359631073447E-32,-1.110223024625E-16,-1.));
#11739=DIRECTION('',(-1.224646799147E-16,-1.,1.110223024625E-16));
#11740=DIRECTION('center_axis',(1.,-1.224646799147E-16,0.));
#11741=DIRECTION('ref_axis',(1.35963107344631E-32,1.110223024625E-16,1.));
#11742=DIRECTION('',(1.224646799147E-16,1.,-1.110223024625E-16));
#11743=DIRECTION('',(-1.359631073447E-32,-1.110223024625E-16,-1.));
#11744=DIRECTION('',(1.224646799147E-16,1.,-1.110223024625E-16));
#11745=DIRECTION('center_axis',(1.359631073447E-32,1.110223024625E-16,1.));
#11746=DIRECTION('ref_axis',(-1.224646799147E-16,-1.,1.110223024625E-16));
#11747=DIRECTION('',(-1.,1.224646799147E-16,0.));
#11748=DIRECTION('',(-1.224646799147E-16,-1.,1.110223024625E-16));
#11749=DIRECTION('center_axis',(-1.,1.224646799147E-16,-3.525915016947E-32));
#11750=DIRECTION('ref_axis',(-3.525915016947E-32,4.31800053957E-48,1.));
#11751=DIRECTION('',(-1.359631073447E-32,-1.110223024625E-16,-1.));
#11752=DIRECTION('',(1.06737219175428E-16,0.871575537124229,-0.490261239633129));
#11753=DIRECTION('',(0.,0.,-1.));
#11754=DIRECTION('',(-1.224646799147E-16,-1.,0.));
#11755=DIRECTION('center_axis',(1.,-1.224646799147E-16,0.));
#11756=DIRECTION('ref_axis',(1.35963107344631E-32,1.110223024625E-16,1.));
#11757=DIRECTION('',(1.224646799147E-16,1.,-1.110223024625E-16));
#11758=DIRECTION('',(-1.359631073447E-32,-1.110223024625E-16,-1.));
#11759=DIRECTION('',(-1.224646799147E-16,-1.,1.110223024625E-16));
#11760=DIRECTION('center_axis',(0.,0.,1.));
#11761=DIRECTION('ref_axis',(-1.224646799147E-16,-1.,0.));
#11762=DIRECTION('',(-1.,1.224646799147E-16,0.));
#11763=DIRECTION('',(-1.224646799147E-16,-1.,0.));
#11764=DIRECTION('center_axis',(-1.,1.224646799147E-16,0.));
#11765=DIRECTION('ref_axis',(0.,0.,1.));
#11766=DIRECTION('',(0.,0.,1.));
#11767=DIRECTION('',(0.,0.,-1.));
#11768=DIRECTION('',(1.06737219175428E-16,0.871575537124229,-0.490261239633129));
#11769=DIRECTION('center_axis',(1.359631073447E-32,1.110223024625E-16,1.));
#11770=DIRECTION('ref_axis',(-1.,1.224646799147E-16,6.92834118447397E-45));
#11771=DIRECTION('',(1.224646799147E-16,1.,-1.110223024625E-16));
#11772=DIRECTION('',(-1.,1.224646799147E-16,0.));
#11773=DIRECTION('',(-1.224646799147E-16,-1.,1.110223024625E-16));
#11774=DIRECTION('',(-1.,1.224646799147E-16,0.));
#11775=DIRECTION('',(-1.,1.224646799147E-16,0.));
#11776=DIRECTION('',(1.224646799147E-16,1.,-1.110223024625E-16));
#11777=DIRECTION('',(-1.,1.224646799147E-16,0.));
#11778=DIRECTION('',(-1.224646799147E-16,-1.,1.110223024625E-16));
#11779=DIRECTION('',(-1.,1.224646799147E-16,0.));
#11780=DIRECTION('',(-1.224646799147E-16,-1.,1.110223024625E-16));
#11781=DIRECTION('',(1.,-1.224646799147E-16,0.));
#11782=DIRECTION('',(1.224646799147E-16,1.,-1.110223024625E-16));
#11783=DIRECTION('',(-1.,1.224646799147E-16,0.));
#11784=DIRECTION('center_axis',(-1.224646799147E-16,-1.,1.110223024625E-16));
#11785=DIRECTION('ref_axis',(-1.,1.224646799147E-16,0.));
#11786=DIRECTION('',(-1.,1.224646799147E-16,0.));
#11787=DIRECTION('',(-1.,1.224646799147E-16,0.));
#11788=DIRECTION('',(-1.359631073447E-32,-1.110223024625E-16,-1.));
#11789=DIRECTION('',(-1.,1.224646799147E-16,0.));
#11790=DIRECTION('',(1.359631073447E-32,1.110223024625E-16,1.));
#11791=DIRECTION('',(-1.359631073447E-32,-1.110223024625E-16,-1.));
#11792=DIRECTION('',(-1.,1.224646799147E-16,0.));
#11793=DIRECTION('',(-1.359631073447E-32,-1.110223024625E-16,-1.));
#11794=DIRECTION('',(1.,-1.224646799147E-16,0.));
#11795=DIRECTION('',(-1.359631073447E-32,-1.110223024625E-16,-1.));
#11796=DIRECTION('',(-1.,1.224646799147E-16,0.));
#11797=DIRECTION('',(-1.359631073447E-32,-1.110223024625E-16,-1.));
#11798=DIRECTION('',(1.,-1.224646799147E-16,0.));
#11799=DIRECTION('center_axis',(1.,-1.224646799147E-16,0.));
#11800=DIRECTION('ref_axis',(1.224646799147E-16,1.,-1.110223024625E-16));
#11801=DIRECTION('',(-5.31952576738332E-18,-0.0434372242763126,-0.999056158355059));
#11802=DIRECTION('',(-1.359631073447E-32,-1.110223024625E-16,-1.));
#11803=DIRECTION('',(1.01701381086488E-17,0.0830454798537201,-0.996545758244881));
#11804=DIRECTION('',(-1.224646799147E-16,-1.,1.110223024625E-16));
#11805=DIRECTION('center_axis',(1.359631073447E-32,1.110223024625E-16,1.));
#11806=DIRECTION('ref_axis',(1.224646799147E-16,1.,-1.110223024625E-16));
#11807=DIRECTION('',(1.224646799147E-16,1.,-1.110223024625E-16));
#11808=DIRECTION('',(-1.,1.224646799147E-16,0.));
#11809=DIRECTION('',(-1.224646799147E-16,-1.,1.110223024625E-16));
#11810=DIRECTION('center_axis',(1.,-1.224646799147E-16,0.));
#11811=DIRECTION('ref_axis',(1.224646799147E-16,1.,-1.110223024625E-16));
#11812=DIRECTION('',(-1.359631073447E-32,-1.110223024625E-16,-1.));
#11813=DIRECTION('center_axis',(-1.224646799147E-16,-1.,1.110223024625E-16));
#11814=DIRECTION('ref_axis',(1.,-1.224646799147E-16,0.));
#11815=DIRECTION('',(-1.359631073447E-32,-1.110223024625E-16,-1.));
#11816=DIRECTION('center_axis',(-1.,1.224646799147E-16,0.));
#11817=DIRECTION('ref_axis',(-1.224646799147E-16,-1.,1.110223024625E-16));
#11818=DIRECTION('',(1.01701381086488E-17,0.0830454798537201,-0.996545758244881));
#11819=DIRECTION('center_axis',(-1.22041657303785E-16,-0.996545758244881,
-0.0830454798537201));
#11820=DIRECTION('ref_axis',(1.01701381086488E-17,0.0830454798537201,-0.996545758244881));
#11821=DIRECTION('',(-1.,1.224646799147E-16,0.));
#11822=DIRECTION('',(1.01701381086488E-17,0.0830454798537201,-0.996545758244881));
#11823=DIRECTION('center_axis',(1.,-1.224646799147E-16,0.));
#11824=DIRECTION('ref_axis',(1.224646799147E-16,1.,-1.110223024625E-16));
#11825=DIRECTION('',(-1.359631073447E-32,-1.110223024625E-16,-1.));
#11826=DIRECTION('',(-5.31952576738332E-18,-0.0434372242763126,-0.999056158355059));
#11827=DIRECTION('',(1.359631073447E-32,1.110223024625E-16,1.));
#11828=DIRECTION('center_axis',(-1.224646799147E-16,-1.,1.110223024625E-16));
#11829=DIRECTION('ref_axis',(-1.,1.224646799147E-16,0.));
#11830=DIRECTION('',(1.359631073447E-32,1.110223024625E-16,1.));
#11831=DIRECTION('center_axis',(1.,-1.224646799147E-16,0.));
#11832=DIRECTION('ref_axis',(1.224646799147E-16,1.,-1.110223024625E-16));
#11833=DIRECTION('',(-5.31952576738332E-18,-0.0434372242763126,-0.999056158355059));
#11834=DIRECTION('',(-1.359631073447E-32,-1.110223024625E-16,-1.));
#11835=DIRECTION('',(1.01701381086488E-17,0.0830454798537201,-0.996545758244881));
#11836=DIRECTION('center_axis',(-1.22041657303785E-16,-0.996545758244881,
-0.0830454798537201));
#11837=DIRECTION('ref_axis',(1.01701381086488E-17,0.0830454798537201,-0.996545758244881));
#11838=DIRECTION('',(-1.,1.224646799147E-16,0.));
#11839=DIRECTION('',(1.01701381086488E-17,0.0830454798537201,-0.996545758244881));
#11840=DIRECTION('',(1.,-1.224646799147E-16,0.));
#11841=DIRECTION('',(1.01701381086488E-17,0.0830454798537201,-0.996545758244881));
#11842=DIRECTION('center_axis',(-1.,1.224646799147E-16,0.));
#11843=DIRECTION('ref_axis',(-1.224646799147E-16,-1.,1.110223024625E-16));
#11844=DIRECTION('',(-1.224646799147E-16,-1.,1.110223024625E-16));
#11845=DIRECTION('',(-1.359631073447E-32,-1.110223024625E-16,-1.));
#11846=DIRECTION('center_axis',(1.224646799147E-16,1.,-1.110223024625E-16));
#11847=DIRECTION('ref_axis',(1.,-1.224646799147E-16,-2.87375661629113E-46));
#11848=DIRECTION('',(-1.359631073447E-32,-1.110223024625E-16,-1.));
#11849=DIRECTION('',(-1.,1.224646799147E-16,0.));
#11850=DIRECTION('',(-1.359631073447E-32,-1.110223024625E-16,-1.));
#11851=DIRECTION('',(-1.,1.224646799147E-16,0.));
#11852=DIRECTION('',(1.359631073447E-32,1.110223024625E-16,1.));
#11853=DIRECTION('center_axis',(-1.,1.224646799147E-16,0.));
#11854=DIRECTION('ref_axis',(1.35963107344631E-32,1.110223024625E-16,1.));
#11855=DIRECTION('',(-1.224646799147E-16,-1.,1.110223024625E-16));
#11856=DIRECTION('',(1.359631073447E-32,1.110223024625E-16,1.));
#11857=DIRECTION('center_axis',(-1.224646799147E-16,-1.,1.110223024625E-16));
#11858=DIRECTION('ref_axis',(-1.,1.224646799147E-16,0.));
#11859=DIRECTION('',(-1.359631073447E-32,-1.110223024625E-16,-1.));
#11860=DIRECTION('',(-1.,1.224646799147E-16,0.));
#11861=DIRECTION('',(-1.359631073447E-32,-1.110223024625E-16,-1.));
#11862=DIRECTION('',(-1.,1.224646799147E-16,0.));
#11863=DIRECTION('',(-1.,1.224646799147E-16,0.));
#11864=DIRECTION('center_axis',(-1.,1.224646799147E-16,0.));
#11865=DIRECTION('ref_axis',(-1.224646799147E-16,-1.,1.110223024625E-16));
#11866=DIRECTION('',(-1.359631073447E-32,-1.110223024625E-16,-1.));
#11867=DIRECTION('center_axis',(1.224646799147E-16,1.,-1.110223024625E-16));
#11868=DIRECTION('ref_axis',(-1.,1.224646799147E-16,0.));
#11869=DIRECTION('',(-1.359631073447E-32,-1.110223024625E-16,-1.));
#11870=DIRECTION('center_axis',(1.,-1.224646799147E-16,0.));
#11871=DIRECTION('ref_axis',(1.224646799147E-16,1.,-1.110223024625E-16));
#11872=DIRECTION('center_axis',(-1.224646799147E-16,-1.,1.110223024625E-16));
#11873=DIRECTION('ref_axis',(-1.,1.224646799147E-16,0.));
#11874=DIRECTION('',(-1.,1.224646799147E-16,0.));
#11875=DIRECTION('',(-1.359631073447E-32,-1.110223024625E-16,-1.));
#11876=DIRECTION('',(1.,-1.224646799147E-16,0.));
#11877=DIRECTION('',(1.359631073447E-32,1.110223024625E-16,1.));
#11878=DIRECTION('',(-1.,1.224646799147E-16,0.));
#11879=DIRECTION('center_axis',(1.,-1.224646799147E-16,0.));
#11880=DIRECTION('ref_axis',(1.224646799147E-16,1.,-1.110223024625E-16));
#11881=DIRECTION('',(1.224646799147E-16,1.,-1.110223024625E-16));
#11882=DIRECTION('',(-1.359631073447E-32,-1.110223024625E-16,-1.));
#11883=DIRECTION('',(-5.31952576738332E-18,-0.0434372242763126,-0.999056158355059));
#11884=DIRECTION('center_axis',(-1.22349092649807E-16,-0.999056158355059,
0.0434372242763126));
#11885=DIRECTION('ref_axis',(-5.31952576738332E-18,-0.0434372242763126,
-0.999056158355059));
#11886=DIRECTION('',(-1.,1.224646799147E-16,0.));
#11887=DIRECTION('center_axis',(-1.22349092649807E-16,-0.999056158355059,
0.0434372242763126));
#11888=DIRECTION('ref_axis',(-5.31952576738332E-18,-0.0434372242763126,
-0.999056158355059));
#11889=DIRECTION('',(-1.,1.224646799147E-16,0.));
#11890=DIRECTION('center_axis',(-1.,1.224646799147E-16,0.));
#11891=DIRECTION('ref_axis',(1.35963107344631E-32,1.110223024625E-16,1.));
#11892=DIRECTION('',(-1.224646799147E-16,-1.,1.110223024625E-16));
#11893=DIRECTION('',(1.359631073447E-32,1.110223024625E-16,1.));
#11894=DIRECTION('center_axis',(-1.224646799147E-16,-1.,1.110223024625E-16));
#11895=DIRECTION('ref_axis',(-1.,1.224646799147E-16,0.));
#11896=DIRECTION('',(-1.,1.224646799147E-16,0.));
#11897=DIRECTION('',(-1.359631073447E-32,-1.110223024625E-16,-1.));
#11898=DIRECTION('center_axis',(1.,-1.224646799147E-16,0.));
#11899=DIRECTION('ref_axis',(-1.35963107344631E-32,-1.110223024625E-16,
-1.));
#11900=DIRECTION('',(-1.224646799147E-16,-1.,1.110223024625E-16));
#11901=DIRECTION('center_axis',(-1.359631073447E-32,-1.110223024625E-16,
-1.));
#11902=DIRECTION('ref_axis',(1.224646799147E-16,1.,-1.110223024625E-16));
#11903=DIRECTION('',(-1.,1.224646799147E-16,0.));
#11904=DIRECTION('center_axis',(1.,-1.224646799147E-16,0.));
#11905=DIRECTION('ref_axis',(1.35963107344631E-32,1.110223024625E-16,1.));
#11906=DIRECTION('center_axis',(-6.00396857861758E-17,-0.490261239633129,
-0.871575537124229));
#11907=DIRECTION('ref_axis',(1.06737219175428E-16,0.871575537124229,-0.490261239633129));
#11908=DIRECTION('',(-1.,1.224646799147E-16,0.));
#11909=DIRECTION('center_axis',(-1.224646799147E-16,-1.,0.));
#11910=DIRECTION('ref_axis',(0.,0.,-1.));
#11911=DIRECTION('center_axis',(-1.359631073447E-32,-1.110223024625E-16,
-1.));
#11912=DIRECTION('ref_axis',(-1.,1.224646799147E-16,6.92834118447397E-45));
#11913=DIRECTION('',(-1.224646799147E-16,-1.,1.110223024625E-16));
#11914=DIRECTION('',(1.224646799147E-16,1.,-1.110223024625E-16));
#11915=DIRECTION('center_axis',(1.,-1.224646799147E-16,0.));
#11916=DIRECTION('ref_axis',(1.224646799147E-16,1.,-1.110223024625E-16));
#11917=DIRECTION('',(1.224646799147E-16,1.,-1.110223024625E-16));
#11918=DIRECTION('center_axis',(-1.359631073447E-32,-1.110223024625E-16,
-1.));
#11919=DIRECTION('ref_axis',(-1.,1.224646799147E-16,6.92834118447397E-45));
#11920=DIRECTION('center_axis',(-1.359631073447E-32,-1.110223024625E-16,
-1.));
#11921=DIRECTION('ref_axis',(-1.224646799147E-16,-1.,1.110223024625E-16));
#11922=DIRECTION('center_axis',(-1.,1.224646799147E-16,0.));
#11923=DIRECTION('ref_axis',(0.,0.,1.));
#11924=DIRECTION('',(0.,0.,1.));
#11925=DIRECTION('',(-1.224646799147E-16,-1.,0.));
#11926=DIRECTION('',(1.224646799147E-16,1.,0.));
#11927=DIRECTION('center_axis',(0.,0.,-1.));
#11928=DIRECTION('ref_axis',(1.224646799147E-16,1.,0.));
#11929=DIRECTION('',(1.224646799147E-16,1.,0.));
#11930=DIRECTION('',(-1.,1.224646799147E-16,0.));
#11931=DIRECTION('center_axis',(-1.,1.224646799147E-16,0.));
#11932=DIRECTION('ref_axis',(0.,0.,1.));
#11933=DIRECTION('',(0.,0.,1.));
#11934=DIRECTION('',(-1.224646799147E-16,-1.,0.));
#11935=DIRECTION('center_axis',(0.,0.,1.));
#11936=DIRECTION('ref_axis',(-1.224646799147E-16,-1.,0.));
#11937=DIRECTION('',(-1.,1.224646799147E-16,0.));
#11938=DIRECTION('center_axis',(-1.,1.224646799147E-16,0.));
#11939=DIRECTION('ref_axis',(0.,0.,1.));
#11940=DIRECTION('',(0.,0.,1.));
#11941=DIRECTION('',(-1.224646799147E-16,-1.,0.));
#11942=DIRECTION('',(1.224646799147E-16,1.,0.));
#11943=DIRECTION('center_axis',(0.,0.,-1.));
#11944=DIRECTION('ref_axis',(1.224646799147E-16,1.,0.));
#11945=DIRECTION('',(1.224646799147E-16,1.,0.));
#11946=DIRECTION('',(-1.,1.224646799147E-16,0.));
#11947=DIRECTION('center_axis',(-1.,1.224646799147E-16,0.));
#11948=DIRECTION('ref_axis',(0.,0.,1.));
#11949=DIRECTION('',(0.,0.,1.));
#11950=DIRECTION('',(-1.224646799147E-16,-1.,0.));
#11951=DIRECTION('center_axis',(0.,0.,1.));
#11952=DIRECTION('ref_axis',(-1.224646799147E-16,-1.,0.));
#11953=DIRECTION('',(-1.,1.224646799147E-16,0.));
#11954=DIRECTION('center_axis',(-1.224646799147E-16,-1.,1.110223024625E-16));
#11955=DIRECTION('ref_axis',(-1.359631073447E-32,-1.110223024625E-16,-1.));
#11956=DIRECTION('',(-1.359631073447E-32,-1.110223024625E-16,-1.));
#11957=DIRECTION('',(1.,-1.224646799147E-16,0.));
#11958=DIRECTION('',(-1.359631073447E-32,-1.110223024625E-16,-1.));
#11959=DIRECTION('',(-1.,1.224646799147E-16,0.));
#11960=DIRECTION('center_axis',(-1.224646799147E-16,-1.,1.110223024625E-16));
#11961=DIRECTION('ref_axis',(-1.359631073447E-32,-1.110223024625E-16,-1.));
#11962=DIRECTION('',(-1.359631073447E-32,-1.110223024625E-16,-1.));
#11963=DIRECTION('',(1.,-1.224646799147E-16,0.));
#11964=DIRECTION('',(-1.359631073447E-32,-1.110223024625E-16,-1.));
#11965=DIRECTION('',(-1.,1.224646799147E-16,0.));
#11966=DIRECTION('center_axis',(1.,-1.224646799147E-16,0.));
#11967=DIRECTION('ref_axis',(-1.35963107344631E-32,-1.110223024625E-16,
-1.));
#11968=DIRECTION('',(-1.224646799147E-16,-1.,1.110223024625E-16));
#11969=DIRECTION('center_axis',(-1.359631073447E-32,-1.110223024625E-16,
-1.));
#11970=DIRECTION('ref_axis',(-1.,1.224646799147E-16,6.92834118447397E-45));
#11971=DIRECTION('center_axis',(0.707106781186548,-0.707106781186548,-1.73541722664289E-18));
#11972=DIRECTION('ref_axis',(1.22712528914714E-18,-1.22712528914714E-18,
1.));
#11973=DIRECTION('',(-0.577350269189626,-0.577350269189626,0.577350269189626));
#11974=DIRECTION('',(0.577350269189626,0.577350269189626,0.577350269189626));
#11975=DIRECTION('',(0.,0.,1.));
#11976=DIRECTION('center_axis',(-8.65956056234346E-17,-0.707106781186548,
0.707106781186548));
#11977=DIRECTION('ref_axis',(1.,-1.22464679914647E-16,-7.39971231972639E-29));
#11978=DIRECTION('',(0.577350269189626,-0.577350269189626,-0.577350269189626));
#11979=DIRECTION('',(-1.,1.224646799147E-16,0.));
#11980=DIRECTION('center_axis',(0.707106781186548,0.707106781186548,1.73541722664289E-18));
#11981=DIRECTION('ref_axis',(-1.22712528914714E-18,-1.22712528914714E-18,
1.));
#11982=DIRECTION('',(0.577350269189626,-0.577350269189626,0.577350269189626));
#11983=DIRECTION('',(0.,0.,1.));
#11984=DIRECTION('center_axis',(-8.65956056234346E-17,-0.707106781186548,
-0.707106781186548));
#11985=DIRECTION('ref_axis',(1.,-1.22464679914647E-16,7.39971231972639E-29));
#11986=DIRECTION('',(-1.,1.224646799147E-16,0.));
#11987=DIRECTION('center_axis',(0.707106781186548,-0.707106781186548,-1.73541722664289E-18));
#11988=DIRECTION('ref_axis',(1.22712528914714E-18,-1.22712528914714E-18,
1.));
#11989=DIRECTION('',(-0.577350269189626,-0.577350269189626,0.577350269189626));
#11990=DIRECTION('',(0.577350269189626,0.577350269189626,0.577350269189626));
#11991=DIRECTION('',(0.,0.,1.));
#11992=DIRECTION('center_axis',(-8.65956056234346E-17,-0.707106781186548,
0.707106781186548));
#11993=DIRECTION('ref_axis',(1.,-1.22464679914647E-16,-7.39971231972639E-29));
#11994=DIRECTION('',(0.577350269189626,-0.577350269189626,-0.577350269189626));
#11995=DIRECTION('',(-1.,1.224646799147E-16,0.));
#11996=DIRECTION('center_axis',(0.707106781186548,0.707106781186548,1.73541722664289E-18));
#11997=DIRECTION('ref_axis',(-1.22712528914714E-18,-1.22712528914714E-18,
1.));
#11998=DIRECTION('',(0.577350269189626,-0.577350269189626,0.577350269189626));
#11999=DIRECTION('',(0.,0.,1.));
#12000=DIRECTION('center_axis',(-8.65956056234346E-17,-0.707106781186548,
-0.707106781186548));
#12001=DIRECTION('ref_axis',(1.,-1.22464679914647E-16,7.39971231972639E-29));
#12002=DIRECTION('',(-1.,1.224646799147E-16,0.));
#12003=DIRECTION('center_axis',(-1.,1.224646799147E-16,0.));
#12004=DIRECTION('ref_axis',(0.,0.,1.));
#12005=DIRECTION('',(-1.224646799147E-16,-1.,0.));
#12006=DIRECTION('center_axis',(-1.,1.224646799147E-16,0.));
#12007=DIRECTION('ref_axis',(0.,0.,1.));
#12008=DIRECTION('',(0.,0.,1.));
#12009=DIRECTION('',(5.47678698264048E-17,0.447213595499958,0.894427190999916));
#12010=DIRECTION('',(-1.90999066390513E-17,-0.155962573473011,0.987762965329069));
#12011=DIRECTION('',(-1.224646799147E-16,-1.,0.));
#12012=DIRECTION('',(1.90999066390513E-17,0.155962573473011,-0.987762965329069));
#12013=DIRECTION('',(-5.47678698264048E-17,-0.447213595499958,-0.894427190999916));
#12014=DIRECTION('',(0.,0.,-1.));
#12015=DIRECTION('center_axis',(-1.,1.224646799147E-16,0.));
#12016=DIRECTION('ref_axis',(0.,0.,1.));
#12017=DIRECTION('',(1.224646799147E-16,1.,0.));
#12018=DIRECTION('center_axis',(0.,0.,-1.));
#12019=DIRECTION('ref_axis',(1.224646799147E-16,1.,0.));
#12020=DIRECTION('',(-1.,1.224646799147E-16,0.));
#12021=DIRECTION('',(1.224646799147E-16,1.,0.));
#12022=DIRECTION('center_axis',(-1.,1.224646799147E-16,0.));
#12023=DIRECTION('ref_axis',(0.,0.,1.));
#12024=DIRECTION('center_axis',(-1.,1.224646799147E-16,0.));
#12025=DIRECTION('ref_axis',(0.,0.,1.));
#12026=DIRECTION('',(0.,0.,-1.));
#12027=DIRECTION('',(-5.47678698264048E-17,-0.447213595499958,-0.894427190999916));
#12028=DIRECTION('',(1.90999066390513E-17,0.155962573473011,-0.987762965329069));
#12029=DIRECTION('',(-1.224646799147E-16,-1.,0.));
#12030=DIRECTION('',(-1.90999066390513E-17,-0.155962573473011,0.987762965329069));
#12031=DIRECTION('',(5.47678698264048E-17,0.447213595499958,0.894427190999916));
#12032=DIRECTION('',(0.,0.,1.));
#12033=DIRECTION('center_axis',(-1.,1.224646799147E-16,0.));
#12034=DIRECTION('ref_axis',(0.,0.,1.));
#12035=DIRECTION('',(-1.224646799147E-16,-1.,0.));
#12036=DIRECTION('center_axis',(0.,0.,1.));
#12037=DIRECTION('ref_axis',(-1.224646799147E-16,-1.,0.));
#12038=DIRECTION('',(-1.,1.224646799147E-16,0.));
#12039=DIRECTION('center_axis',(-1.,1.224646799147E-16,0.));
#12040=DIRECTION('ref_axis',(0.,0.,1.));
#12041=DIRECTION('',(-1.224646799147E-16,-1.,0.));
#12042=DIRECTION('center_axis',(-1.,1.224646799147E-16,0.));
#12043=DIRECTION('ref_axis',(0.,0.,1.));
#12044=DIRECTION('',(0.,0.,1.));
#12045=DIRECTION('',(5.47678698264048E-17,0.447213595499958,0.894427190999916));
#12046=DIRECTION('',(-1.90999066390513E-17,-0.155962573473011,0.987762965329069));
#12047=DIRECTION('',(-1.224646799147E-16,-1.,0.));
#12048=DIRECTION('',(1.90999066390513E-17,0.155962573473011,-0.987762965329069));
#12049=DIRECTION('',(-5.47678698264048E-17,-0.447213595499958,-0.894427190999916));
#12050=DIRECTION('',(0.,0.,-1.));
#12051=DIRECTION('center_axis',(-1.,1.224646799147E-16,0.));
#12052=DIRECTION('ref_axis',(0.,0.,1.));
#12053=DIRECTION('',(1.224646799147E-16,1.,0.));
#12054=DIRECTION('center_axis',(0.,0.,-1.));
#12055=DIRECTION('ref_axis',(1.224646799147E-16,1.,0.));
#12056=DIRECTION('',(-1.,1.224646799147E-16,0.));
#12057=DIRECTION('',(1.224646799147E-16,1.,0.));
#12058=DIRECTION('center_axis',(-1.,1.224646799147E-16,0.));
#12059=DIRECTION('ref_axis',(0.,0.,1.));
#12060=DIRECTION('center_axis',(-1.,1.224646799147E-16,0.));
#12061=DIRECTION('ref_axis',(0.,0.,1.));
#12062=DIRECTION('',(0.,0.,-1.));
#12063=DIRECTION('',(-5.47678698264048E-17,-0.447213595499958,-0.894427190999916));
#12064=DIRECTION('',(1.90999066390513E-17,0.155962573473011,-0.987762965329069));
#12065=DIRECTION('',(-1.224646799147E-16,-1.,0.));
#12066=DIRECTION('',(-1.90999066390513E-17,-0.155962573473011,0.987762965329069));
#12067=DIRECTION('',(5.47678698264048E-17,0.447213595499958,0.894427190999916));
#12068=DIRECTION('',(0.,0.,1.));
#12069=DIRECTION('center_axis',(-1.,1.224646799147E-16,0.));
#12070=DIRECTION('ref_axis',(0.,0.,1.));
#12071=DIRECTION('',(-1.224646799147E-16,-1.,0.));
#12072=DIRECTION('center_axis',(0.,0.,1.));
#12073=DIRECTION('ref_axis',(-1.224646799147E-16,-1.,0.));
#12074=DIRECTION('',(-1.,1.224646799147E-16,0.));
#12075=DIRECTION('center_axis',(1.224646799147E-16,1.,0.));
#12076=DIRECTION('ref_axis',(0.,0.,1.));
#12077=DIRECTION('center_axis',(1.224646799147E-16,1.,0.));
#12078=DIRECTION('ref_axis',(0.,0.,1.));
#12079=DIRECTION('center_axis',(-1.,1.224646799147E-16,0.));
#12080=DIRECTION('ref_axis',(0.,0.,1.));
#12081=DIRECTION('',(-1.,1.224646799147E-16,0.));
#12082=DIRECTION('center_axis',(1.224646799147E-16,1.,0.));
#12083=DIRECTION('ref_axis',(0.,0.,1.));
#12084=DIRECTION('',(-1.,1.224646799147E-16,0.));
#12085=DIRECTION('center_axis',(1.0953573965279E-16,0.894427190999916,-0.447213595499958));
#12086=DIRECTION('ref_axis',(5.47678698264049E-17,0.447213595499958,0.894427190999916));
#12087=DIRECTION('',(-1.,1.224646799147E-16,0.));
#12088=DIRECTION('center_axis',(1.20966075380708E-16,0.987762965329069,
0.155962573473011));
#12089=DIRECTION('ref_axis',(-1.90999066390513E-17,-0.155962573473011,0.987762965329069));
#12090=DIRECTION('',(-0.702740385382572,-0.110959008217933,0.702740385382572));
#12091=DIRECTION('',(-1.,1.224646799147E-16,0.));
#12092=DIRECTION('',(0.702740385382572,-0.110959008217933,0.702740385382572));
#12093=DIRECTION('center_axis',(0.707106781186548,-8.48601883967957E-17,
-0.707106781186548));
#12094=DIRECTION('ref_axis',(1.2123755462554E-16,1.,1.22712528925579E-18));
#12095=DIRECTION('',(0.544770019248702,-0.637535294909652,0.544770019248702));
#12096=DIRECTION('',(-1.224646799147E-16,-1.,0.));
#12097=DIRECTION('',(0.605209817606649,0.5171480961437,0.605209817606649));
#12098=DIRECTION('',(0.702740385382572,-0.110959008217933,0.702740385382572));
#12099=DIRECTION('center_axis',(-1.20966075380708E-16,-0.987762965329069,
-0.155962573473011));
#12100=DIRECTION('ref_axis',(1.90999066390513E-17,0.155962573473011,-0.987762965329069));
#12101=DIRECTION('',(-1.,1.224646799147E-16,0.));
#12102=DIRECTION('',(-0.702740385382572,-0.110959008217933,0.702740385382572));
#12103=DIRECTION('',(-1.,1.224646799147E-16,0.));
#12104=DIRECTION('center_axis',(-1.0953573965279E-16,-0.894427190999916,
0.447213595499958));
#12105=DIRECTION('ref_axis',(-5.47678698264049E-17,-0.447213595499958,-0.894427190999916));
#12106=DIRECTION('',(-1.,1.224646799147E-16,0.));
#12107=DIRECTION('center_axis',(-1.224646799147E-16,-1.,0.));
#12108=DIRECTION('ref_axis',(0.,0.,-1.));
#12109=DIRECTION('',(-1.,1.224646799147E-16,0.));
#12110=DIRECTION('center_axis',(-1.,1.224646799147E-16,0.));
#12111=DIRECTION('ref_axis',(0.,0.,1.));
#12112=DIRECTION('center_axis',(0.707106781186548,-8.83310228500735E-17,
0.707106781186548));
#12113=DIRECTION('ref_axis',(1.23691805203782E-16,1.,1.22712528907932E-18));
#12114=DIRECTION('',(-0.544770019248702,-0.637535294909652,0.544770019248702));
#12115=DIRECTION('',(-0.605209817606649,0.5171480961437,0.605209817606649));
#12116=DIRECTION('',(-1.224646799147E-16,-1.,0.));
#12117=DIRECTION('center_axis',(-1.,1.224646799147E-16,0.));
#12118=DIRECTION('ref_axis',(0.,0.,1.));
#12119=DIRECTION('',(-1.,1.224646799147E-16,0.));
#12120=DIRECTION('center_axis',(1.224646799147E-16,1.,0.));
#12121=DIRECTION('ref_axis',(0.,0.,1.));
#12122=DIRECTION('',(-1.,1.224646799147E-16,0.));
#12123=DIRECTION('center_axis',(1.0953573965279E-16,0.894427190999916,-0.447213595499958));
#12124=DIRECTION('ref_axis',(5.47678698264049E-17,0.447213595499958,0.894427190999916));
#12125=DIRECTION('',(-1.,1.224646799147E-16,0.));
#12126=DIRECTION('center_axis',(1.20966075380708E-16,0.987762965329069,
0.155962573473011));
#12127=DIRECTION('ref_axis',(-1.90999066390513E-17,-0.155962573473011,0.987762965329069));
#12128=DIRECTION('',(-0.702740385382572,-0.110959008217933,0.702740385382572));
#12129=DIRECTION('',(-1.,1.224646799147E-16,0.));
#12130=DIRECTION('',(0.702740385382572,-0.110959008217933,0.702740385382572));
#12131=DIRECTION('center_axis',(0.707106781186548,-8.48601883967957E-17,
-0.707106781186548));
#12132=DIRECTION('ref_axis',(1.2123755462554E-16,1.,1.22712528925579E-18));
#12133=DIRECTION('',(0.544770019248702,-0.637535294909652,0.544770019248702));
#12134=DIRECTION('',(-1.224646799147E-16,-1.,0.));
#12135=DIRECTION('',(0.605209817606649,0.5171480961437,0.605209817606649));
#12136=DIRECTION('',(0.702740385382572,-0.110959008217933,0.702740385382572));
#12137=DIRECTION('center_axis',(-1.20966075380708E-16,-0.987762965329069,
-0.155962573473011));
#12138=DIRECTION('ref_axis',(1.90999066390513E-17,0.155962573473011,-0.987762965329069));
#12139=DIRECTION('',(-1.,1.224646799147E-16,0.));
#12140=DIRECTION('',(-0.702740385382572,-0.110959008217933,0.702740385382572));
#12141=DIRECTION('',(-1.,1.224646799147E-16,0.));
#12142=DIRECTION('center_axis',(-1.0953573965279E-16,-0.894427190999916,
0.447213595499958));
#12143=DIRECTION('ref_axis',(-5.47678698264049E-17,-0.447213595499958,-0.894427190999916));
#12144=DIRECTION('',(-1.,1.224646799147E-16,0.));
#12145=DIRECTION('center_axis',(-1.224646799147E-16,-1.,0.));
#12146=DIRECTION('ref_axis',(0.,0.,-1.));
#12147=DIRECTION('',(-1.,1.224646799147E-16,0.));
#12148=DIRECTION('center_axis',(-1.,1.224646799147E-16,0.));
#12149=DIRECTION('ref_axis',(0.,0.,1.));
#12150=DIRECTION('center_axis',(0.707106781186548,-8.83310228500735E-17,
0.707106781186548));
#12151=DIRECTION('ref_axis',(1.23691805203782E-16,1.,1.22712528907932E-18));
#12152=DIRECTION('',(-0.544770019248702,-0.637535294909652,0.544770019248702));
#12153=DIRECTION('',(-0.605209817606649,0.5171480961437,0.605209817606649));
#12154=DIRECTION('',(-1.224646799147E-16,-1.,0.));
#12155=DIRECTION('center_axis',(-8.30277408838242E-17,-0.649629673940268,
-0.760250805153313));
#12156=DIRECTION('ref_axis',(1.,-1.24719577515221E-16,-2.63886916665404E-18));
#12157=DIRECTION('',(-1.,1.224646799147E-16,0.));
#12158=DIRECTION('center_axis',(0.,0.,1.));
#12159=DIRECTION('ref_axis',(-1.224646799147E-16,-1.,0.));
#12160=DIRECTION('',(-1.,1.224646799147E-16,0.));
#12161=DIRECTION('center_axis',(9.13685624623577E-17,0.760250805153313,
-0.649629673940268));
#12162=DIRECTION('ref_axis',(-1.,1.21145409815558E-16,1.12730824949274E-18));
#12163=DIRECTION('center_axis',(-8.30277408838242E-17,-0.649629673940268,
-0.760250805153313));
#12164=DIRECTION('ref_axis',(1.,-1.24719577515221E-16,-2.63886916665404E-18));
#12165=DIRECTION('',(-1.,1.224646799147E-16,0.));
#12166=DIRECTION('center_axis',(0.,0.,1.));
#12167=DIRECTION('ref_axis',(-1.224646799147E-16,-1.,0.));
#12168=DIRECTION('',(-1.,1.224646799147E-16,0.));
#12169=DIRECTION('center_axis',(9.13685624623577E-17,0.760250805153313,
-0.649629673940268));
#12170=DIRECTION('ref_axis',(-1.,1.21145409815558E-16,1.12730824949274E-18));
#12171=DIRECTION('axis',(0.,0.,1.));
#12172=DIRECTION('refdir',(1.,0.,0.));
#12173=DIRECTION('center_axis',(9.06304509898087E-17,4.440892098501E-16,
1.));
#12174=DIRECTION('ref_axis',(1.,1.394807543452E-15,0.));
#12175=DIRECTION('center_axis',(-5.585532782092E-47,-4.440892098501E-16,
-1.));
#12176=DIRECTION('ref_axis',(1.,8.292686265567E-16,-3.68269249121043E-31));
#12177=DIRECTION('center_axis',(1.51727222336674E-15,-1.,4.440892098501E-16));
#12178=DIRECTION('ref_axis',(-1.,-1.51727222336674E-15,0.));
#12179=DIRECTION('center_axis',(0.,-4.440892098501E-16,-1.));
#12180=DIRECTION('ref_axis',(1.,8.292686265567E-16,-3.68269249121043E-31));
#12181=DIRECTION('center_axis',(-2.681055735445E-47,-4.440892098501E-16,
-1.));
#12182=DIRECTION('ref_axis',(1.,3.625218039592E-16,-1.60992021473674E-31));
#12183=DIRECTION('',(0.,4.440892098501E-16,1.));
#12184=DIRECTION('center_axis',(0.,0.,-1.));
#12185=DIRECTION('ref_axis',(-1.,0.,0.));
#12186=DIRECTION('center_axis',(0.,0.,1.));
#12187=DIRECTION('ref_axis',(1.,0.,0.));
#12188=DIRECTION('',(0.,1.,0.));
#12189=DIRECTION('center_axis',(0.,0.,-1.));
#12190=DIRECTION('ref_axis',(1.,0.,0.));
#12191=DIRECTION('center_axis',(0.,0.,1.));
#12192=DIRECTION('ref_axis',(1.,0.,0.));
#12193=DIRECTION('',(0.,0.,1.));
#12194=DIRECTION('',(0.,0.,1.));
#12195=DIRECTION('center_axis',(-1.,0.,0.));
#12196=DIRECTION('ref_axis',(0.,1.,0.));
#12197=DIRECTION('',(0.,1.,0.));
#12198=DIRECTION('center_axis',(0.,0.,-1.));
#12199=DIRECTION('ref_axis',(-1.,0.,0.));
#12200=DIRECTION('',(1.,0.,0.));
#12201=DIRECTION('',(0.,1.,0.));
#12202=DIRECTION('',(-1.,0.,0.));
#12203=DIRECTION('',(0.,-1.,0.));
#12204=DIRECTION('',(0.,-1.,0.));
#12205=DIRECTION('',(1.,0.,0.));
#12206=DIRECTION('',(0.,1.,0.));
#12207=DIRECTION('',(-1.,0.,0.));
#12208=DIRECTION('center_axis',(0.,1.,0.));
#12209=DIRECTION('ref_axis',(-1.,0.,0.));
#12210=DIRECTION('',(0.,0.,-1.));
#12211=DIRECTION('',(-1.,0.,0.));
#12212=DIRECTION('',(0.,0.,-1.));
#12213=DIRECTION('center_axis',(1.,0.,0.));
#12214=DIRECTION('ref_axis',(0.,1.,0.));
#12215=DIRECTION('',(0.,0.,-1.));
#12216=DIRECTION('',(0.,1.,0.));
#12217=DIRECTION('center_axis',(0.,-1.,0.));
#12218=DIRECTION('ref_axis',(1.,0.,0.));
#12219=DIRECTION('',(0.,0.,-1.));
#12220=DIRECTION('',(1.,0.,0.));
#12221=DIRECTION('center_axis',(-1.,0.,0.));
#12222=DIRECTION('ref_axis',(0.,-1.,0.));
#12223=DIRECTION('',(0.,-1.,0.));
#12224=DIRECTION('center_axis',(1.,0.,0.));
#12225=DIRECTION('ref_axis',(0.,1.,0.));
#12226=DIRECTION('',(0.,0.,-1.));
#12227=DIRECTION('',(0.,1.,0.));
#12228=DIRECTION('',(0.,0.,-1.));
#12229=DIRECTION('center_axis',(0.,-1.,0.));
#12230=DIRECTION('ref_axis',(1.,0.,0.));
#12231=DIRECTION('',(0.,0.,-1.));
#12232=DIRECTION('',(1.,0.,0.));
#12233=DIRECTION('center_axis',(-1.,0.,0.));
#12234=DIRECTION('ref_axis',(0.,-1.,0.));
#12235=DIRECTION('',(0.,0.,-1.));
#12236=DIRECTION('',(0.,-1.,0.));
#12237=DIRECTION('center_axis',(0.,1.,0.));
#12238=DIRECTION('ref_axis',(-1.,0.,0.));
#12239=DIRECTION('',(-1.,0.,0.));
#12240=DIRECTION('center_axis',(0.,0.,1.));
#12241=DIRECTION('ref_axis',(1.,0.,0.));
#12242=DIRECTION('center_axis',(0.,0.,1.));
#12243=DIRECTION('ref_axis',(1.,0.,0.));
#12244=DIRECTION('axis',(0.,0.,1.));
#12245=DIRECTION('refdir',(1.,0.,0.));
#12246=DIRECTION('center_axis',(0.,0.,-1.));
#12247=DIRECTION('ref_axis',(-1.,0.,0.));
#12248=DIRECTION('center_axis',(0.,0.,1.));
#12249=DIRECTION('ref_axis',(1.,0.,0.));
#12250=DIRECTION('center_axis',(0.,0.,-1.));
#12251=DIRECTION('ref_axis',(1.,0.,0.));
#12252=DIRECTION('center_axis',(0.,0.,-1.));
#12253=DIRECTION('ref_axis',(1.,0.,0.));
#12254=DIRECTION('',(0.,0.,1.));
#12255=DIRECTION('center_axis',(0.,0.,-1.));
#12256=DIRECTION('ref_axis',(-1.,0.,0.));
#12257=DIRECTION('',(1.,0.,0.));
#12258=DIRECTION('center_axis',(0.,0.,1.));
#12259=DIRECTION('ref_axis',(0.,-1.,0.));
#12260=DIRECTION('',(0.,1.,0.));
#12261=DIRECTION('center_axis',(0.,0.,1.));
#12262=DIRECTION('ref_axis',(0.,-1.,0.));
#12263=DIRECTION('',(-1.,0.,0.));
#12264=DIRECTION('center_axis',(0.,0.,1.));
#12265=DIRECTION('ref_axis',(0.,-1.,0.));
#12266=DIRECTION('',(0.,-1.,0.));
#12267=DIRECTION('center_axis',(0.,0.,-1.));
#12268=DIRECTION('ref_axis',(0.,-1.,0.));
#12269=DIRECTION('center_axis',(0.,0.,-1.));
#12270=DIRECTION('ref_axis',(1.,0.,0.));
#12271=DIRECTION('center_axis',(0.,0.,-1.));
#12272=DIRECTION('ref_axis',(1.,0.,0.));
#12273=DIRECTION('center_axis',(0.,0.,-1.));
#12274=DIRECTION('ref_axis',(1.,0.,0.));
#12275=DIRECTION('center_axis',(0.,0.,-1.));
#12276=DIRECTION('ref_axis',(1.,0.,0.));
#12277=DIRECTION('center_axis',(0.,1.,0.));
#12278=DIRECTION('ref_axis',(1.,0.,0.));
#12279=DIRECTION('',(1.,0.,0.));
#12280=DIRECTION('',(0.,0.,1.));
#12281=DIRECTION('',(0.,0.,1.));
#12282=DIRECTION('center_axis',(0.,0.,1.));
#12283=DIRECTION('ref_axis',(0.,-1.,0.));
#12284=DIRECTION('',(0.,0.,1.));
#12285=DIRECTION('center_axis',(0.,0.,-1.));
#12286=DIRECTION('ref_axis',(0.,-1.,0.));
#12287=DIRECTION('center_axis',(0.,0.,1.));
#12288=DIRECTION('ref_axis',(0.,-1.,0.));
#12289=DIRECTION('center_axis',(0.,0.,1.));
#12290=DIRECTION('ref_axis',(0.,-1.,0.));
#12291=DIRECTION('',(0.,0.,1.));
#12292=DIRECTION('center_axis',(1.,0.,0.));
#12293=DIRECTION('ref_axis',(0.,-1.,0.));
#12294=DIRECTION('',(0.,-1.,0.));
#12295=DIRECTION('',(0.,0.,1.));
#12296=DIRECTION('center_axis',(-1.,0.,0.));
#12297=DIRECTION('ref_axis',(0.,1.,0.));
#12298=DIRECTION('',(0.,1.,0.));
#12299=DIRECTION('',(0.,0.,1.));
#12300=DIRECTION('center_axis',(0.,0.,1.));
#12301=DIRECTION('ref_axis',(0.,1.,0.));
#12302=DIRECTION('center_axis',(0.,0.,1.));
#12303=DIRECTION('ref_axis',(0.,-1.,0.));
#12304=DIRECTION('',(0.,0.,1.));
#12305=DIRECTION('center_axis',(0.,0.,1.));
#12306=DIRECTION('ref_axis',(1.,0.,0.));
#12307=DIRECTION('center_axis',(0.,0.,1.));
#12308=DIRECTION('ref_axis',(0.,-1.,0.));
#12309=DIRECTION('',(0.,0.,1.));
#12310=DIRECTION('center_axis',(0.,-1.,0.));
#12311=DIRECTION('ref_axis',(-1.,0.,0.));
#12312=DIRECTION('',(-1.,0.,0.));
#12313=DIRECTION('center_axis',(0.,0.,-1.));
#12314=DIRECTION('ref_axis',(1.,0.,0.));
#12315=DIRECTION('',(0.,0.,1.));
#12316=DIRECTION('center_axis',(0.,0.,1.));
#12317=DIRECTION('ref_axis',(1.,0.,0.));
#12318=DIRECTION('center_axis',(0.,0.,-1.));
#12319=DIRECTION('ref_axis',(1.,0.,0.));
#12320=DIRECTION('',(0.,0.,1.));
#12321=DIRECTION('center_axis',(0.,0.,1.));
#12322=DIRECTION('ref_axis',(1.,0.,0.));
#12323=DIRECTION('center_axis',(0.,0.,-1.));
#12324=DIRECTION('ref_axis',(1.,0.,0.));
#12325=DIRECTION('',(0.,0.,1.));
#12326=DIRECTION('center_axis',(0.,0.,1.));
#12327=DIRECTION('ref_axis',(1.,0.,0.));
#12328=DIRECTION('center_axis',(0.,0.,-1.));
#12329=DIRECTION('ref_axis',(1.,0.,0.));
#12330=DIRECTION('',(0.,0.,1.));
#12331=DIRECTION('center_axis',(0.,0.,1.));
#12332=DIRECTION('ref_axis',(1.,0.,0.));
#12333=DIRECTION('center_axis',(0.,1.,0.));
#12334=DIRECTION('ref_axis',(1.,0.,0.));
#12335=DIRECTION('',(1.,0.,0.));
#12336=DIRECTION('',(0.,0.,1.));
#12337=DIRECTION('',(0.,0.,1.));
#12338=DIRECTION('center_axis',(0.,0.,1.));
#12339=DIRECTION('ref_axis',(0.,-1.,0.));
#12340=DIRECTION('',(0.,0.,1.));
#12341=DIRECTION('center_axis',(0.,0.,-1.));
#12342=DIRECTION('ref_axis',(0.,-1.,0.));
#12343=DIRECTION('center_axis',(0.,0.,1.));
#12344=DIRECTION('ref_axis',(0.,-1.,0.));
#12345=DIRECTION('center_axis',(0.,0.,1.));
#12346=DIRECTION('ref_axis',(0.,-1.,0.));
#12347=DIRECTION('',(0.,0.,1.));
#12348=DIRECTION('center_axis',(1.,0.,0.));
#12349=DIRECTION('ref_axis',(0.,-1.,0.));
#12350=DIRECTION('',(0.,-1.,0.));
#12351=DIRECTION('',(0.,5.551115123126E-16,-1.));
#12352=DIRECTION('',(0.,1.,3.330669073875E-16));
#12353=DIRECTION('',(0.,5.551115123126E-16,-1.));
#12354=DIRECTION('',(0.,-1.,0.));
#12355=DIRECTION('',(0.,5.551115123126E-16,-1.));
#12356=DIRECTION('',(0.,1.,3.330669073875E-16));
#12357=DIRECTION('',(0.,5.551115123126E-16,-1.));
#12358=DIRECTION('',(0.,-1.,0.));
#12359=DIRECTION('',(0.,0.,1.));
#12360=DIRECTION('center_axis',(-1.,0.,0.));
#12361=DIRECTION('ref_axis',(0.,1.,0.));
#12362=DIRECTION('',(0.,1.,0.));
#12363=DIRECTION('',(0.,5.551115123126E-16,-1.));
#12364=DIRECTION('',(0.,1.,3.330669073875E-16));
#12365=DIRECTION('',(0.,5.551115123126E-16,-1.));
#12366=DIRECTION('',(0.,1.,0.));
#12367=DIRECTION('',(0.,5.551115123126E-16,-1.));
#12368=DIRECTION('',(0.,1.,3.330669073875E-16));
#12369=DIRECTION('',(0.,5.551115123126E-16,-1.));
#12370=DIRECTION('',(0.,1.,0.));
#12371=DIRECTION('',(0.,0.,1.));
#12372=DIRECTION('center_axis',(0.,0.,1.));
#12373=DIRECTION('ref_axis',(0.,1.,0.));
#12374=DIRECTION('center_axis',(0.,0.,1.));
#12375=DIRECTION('ref_axis',(0.,-1.,0.));
#12376=DIRECTION('',(0.,0.,1.));
#12377=DIRECTION('center_axis',(0.,0.,1.));
#12378=DIRECTION('ref_axis',(1.,0.,0.));
#12379=DIRECTION('center_axis',(0.,0.,1.));
#12380=DIRECTION('ref_axis',(0.,-1.,0.));
#12381=DIRECTION('',(0.,0.,1.));
#12382=DIRECTION('center_axis',(0.,-1.,0.));
#12383=DIRECTION('ref_axis',(-1.,0.,0.));
#12384=DIRECTION('',(-1.,0.,0.));
#12385=DIRECTION('center_axis',(0.,0.,-1.));
#12386=DIRECTION('ref_axis',(-1.,0.,0.));
#12387=DIRECTION('center_axis',(0.,0.,-1.));
#12388=DIRECTION('ref_axis',(1.,0.,0.));
#12389=DIRECTION('center_axis',(1.58603289232165E-16,1.,0.));
#12390=DIRECTION('ref_axis',(-1.,1.58603289232165E-16,0.));
#12391=DIRECTION('center_axis',(0.,0.,1.));
#12392=DIRECTION('ref_axis',(1.,0.,0.));
#12393=DIRECTION('center_axis',(0.,0.,-1.));
#12394=DIRECTION('ref_axis',(-1.,0.,0.));
#12395=DIRECTION('center_axis',(0.,0.,-1.));
#12396=DIRECTION('ref_axis',(-1.,0.,0.));
#12397=DIRECTION('center_axis',(0.,0.,-1.));
#12398=DIRECTION('ref_axis',(-1.,0.,0.));
#12399=DIRECTION('',(0.,-1.,0.));
#12400=DIRECTION('',(0.,-1.,0.));
#12401=DIRECTION('',(0.,1.,0.));
#12402=DIRECTION('',(0.,1.,0.));
#12403=DIRECTION('center_axis',(1.64346021921E-31,-1.,-5.551115123126E-16));
#12404=DIRECTION('ref_axis',(-4.05144223723343E-63,5.551115123126E-16,-1.));
#12405=DIRECTION('',(-0.28734788556607,5.3170039772213E-16,-0.957826285221234));
#12406=DIRECTION('center_axis',(0.,-1.,-3.330669073875E-16));
#12407=DIRECTION('ref_axis',(0.,-3.330669073875E-16,1.));
#12408=DIRECTION('',(0.,-5.551115123126E-16,1.));
#12409=DIRECTION('center_axis',(0.,1.,3.330669073875E-16));
#12410=DIRECTION('ref_axis',(0.,-3.330669073875E-16,1.));
#12411=DIRECTION('',(1.,0.,0.));
#12412=DIRECTION('',(0.,5.551115123126E-16,-1.));
#12413=DIRECTION('center_axis',(0.,1.,3.330669073875E-16));
#12414=DIRECTION('ref_axis',(0.,-3.330669073875E-16,1.));
#12415=DIRECTION('',(0.28734788556607,-5.3170039772213E-16,0.957826285221234));
#12416=DIRECTION('center_axis',(0.,-1.,-3.330669073875E-16));
#12417=DIRECTION('ref_axis',(0.,-3.330669073875E-16,1.));
#12418=DIRECTION('',(-0.28734788556607,-5.3170039772213E-16,0.957826285221234));
#12419=DIRECTION('center_axis',(0.,1.,3.330669073875E-16));
#12420=DIRECTION('ref_axis',(0.,-3.330669073875E-16,1.));
#12421=DIRECTION('',(0.,5.551115123126E-16,-1.));
#12422=DIRECTION('',(-1.,0.,0.));
#12423=DIRECTION('',(0.,-5.551115123126E-16,1.));
#12424=DIRECTION('center_axis',(0.,-1.,-3.330669073875E-16));
#12425=DIRECTION('ref_axis',(0.,-3.330669073875E-16,1.));
#12426=DIRECTION('',(0.28734788556607,5.3170039772213E-16,-0.957826285221234));
#12427=DIRECTION('center_axis',(0.,-1.,-3.330669073875E-16));
#12428=DIRECTION('ref_axis',(0.,-3.330669073875E-16,1.));
#12429=DIRECTION('center_axis',(0.,3.330669073875E-16,-1.));
#12430=DIRECTION('ref_axis',(1.,0.,0.));
#12431=DIRECTION('',(1.,0.,0.));
#12432=DIRECTION('',(0.,1.,3.330669073875E-16));
#12433=DIRECTION('center_axis',(1.64346021921E-31,-1.,-5.551115123126E-16));
#12434=DIRECTION('ref_axis',(-4.05144223723343E-63,5.551115123126E-16,-1.));
#12435=DIRECTION('',(-0.28734788556607,5.3170039772213E-16,-0.957826285221234));
#12436=DIRECTION('center_axis',(0.,-1.,-3.330669073875E-16));
#12437=DIRECTION('ref_axis',(0.,-3.330669073875E-16,1.));
#12438=DIRECTION('',(0.28734788556607,5.3170039772213E-16,-0.957826285221234));
#12439=DIRECTION('center_axis',(0.,-1.,-3.330669073875E-16));
#12440=DIRECTION('ref_axis',(0.,-3.330669073875E-16,1.));
#12441=DIRECTION('',(0.,-5.551115123126E-16,1.));
#12442=DIRECTION('',(-1.,0.,0.));
#12443=DIRECTION('',(0.,5.551115123126E-16,-1.));
#12444=DIRECTION('center_axis',(0.,1.,3.330669073875E-16));
#12445=DIRECTION('ref_axis',(0.,-3.330669073875E-16,1.));
#12446=DIRECTION('',(-0.28734788556607,-5.3170039772213E-16,0.957826285221234));
#12447=DIRECTION('center_axis',(0.,-1.,-3.330669073875E-16));
#12448=DIRECTION('ref_axis',(0.,-3.330669073875E-16,1.));
#12449=DIRECTION('',(0.28734788556607,-5.3170039772213E-16,0.957826285221234));
#12450=DIRECTION('center_axis',(0.,1.,3.330669073875E-16));
#12451=DIRECTION('ref_axis',(0.,-3.330669073875E-16,1.));
#12452=DIRECTION('',(0.,5.551115123126E-16,-1.));
#12453=DIRECTION('center_axis',(0.,1.,3.330669073875E-16));
#12454=DIRECTION('ref_axis',(0.,-3.330669073875E-16,1.));
#12455=DIRECTION('',(0.,-5.551115123126E-16,1.));
#12456=DIRECTION('center_axis',(0.,-1.,-3.330669073875E-16));
#12457=DIRECTION('ref_axis',(0.,-3.330669073875E-16,1.));
#12458=DIRECTION('center_axis',(0.,-1.,-3.330669073875E-16));
#12459=DIRECTION('ref_axis',(0.,3.330669073875E-16,-1.));
#12460=DIRECTION('',(-0.28734788556607,5.3170039772213E-16,-0.957826285221234));
#12461=DIRECTION('center_axis',(0.,-1.,-3.330669073875E-16));
#12462=DIRECTION('ref_axis',(0.,-3.330669073875E-16,1.));
#12463=DIRECTION('',(0.28734788556607,5.3170039772213E-16,-0.957826285221234));
#12464=DIRECTION('center_axis',(0.,-1.,-3.330669073875E-16));
#12465=DIRECTION('ref_axis',(0.,-3.330669073875E-16,1.));
#12466=DIRECTION('',(0.,-5.551115123126E-16,1.));
#12467=DIRECTION('',(-1.,0.,0.));
#12468=DIRECTION('',(0.,5.551115123126E-16,-1.));
#12469=DIRECTION('center_axis',(0.,1.,3.330669073875E-16));
#12470=DIRECTION('ref_axis',(0.,-3.330669073875E-16,1.));
#12471=DIRECTION('',(-0.28734788556607,-5.3170039772213E-16,0.957826285221234));
#12472=DIRECTION('center_axis',(0.,-1.,-3.330669073875E-16));
#12473=DIRECTION('ref_axis',(0.,-3.330669073875E-16,1.));
#12474=DIRECTION('',(0.28734788556607,-5.3170039772213E-16,0.957826285221234));
#12475=DIRECTION('center_axis',(0.,1.,3.330669073875E-16));
#12476=DIRECTION('ref_axis',(0.,-3.330669073875E-16,1.));
#12477=DIRECTION('',(0.,5.551115123126E-16,-1.));
#12478=DIRECTION('',(1.,0.,0.));
#12479=DIRECTION('center_axis',(0.,1.,3.330669073875E-16));
#12480=DIRECTION('ref_axis',(0.,-3.330669073875E-16,1.));
#12481=DIRECTION('',(0.,-5.551115123126E-16,1.));
#12482=DIRECTION('center_axis',(0.,-1.,-3.330669073875E-16));
#12483=DIRECTION('ref_axis',(0.,-3.330669073875E-16,1.));
#12484=DIRECTION('center_axis',(0.,-1.,-3.330669073875E-16));
#12485=DIRECTION('ref_axis',(0.,3.330669073875E-16,-1.));
#12486=DIRECTION('',(-0.28734788556607,5.3170039772213E-16,-0.957826285221234));
#12487=DIRECTION('center_axis',(0.,-1.,-3.330669073875E-16));
#12488=DIRECTION('ref_axis',(0.,-3.330669073875E-16,1.));
#12489=DIRECTION('',(0.,-5.551115123126E-16,1.));
#12490=DIRECTION('center_axis',(0.,1.,3.330669073875E-16));
#12491=DIRECTION('ref_axis',(0.,-3.330669073875E-16,1.));
#12492=DIRECTION('',(1.,0.,0.));
#12493=DIRECTION('',(0.,5.551115123126E-16,-1.));
#12494=DIRECTION('center_axis',(0.,1.,3.330669073875E-16));
#12495=DIRECTION('ref_axis',(0.,-3.330669073875E-16,1.));
#12496=DIRECTION('',(0.28734788556607,-5.3170039772213E-16,0.957826285221234));
#12497=DIRECTION('center_axis',(0.,-1.,-3.330669073875E-16));
#12498=DIRECTION('ref_axis',(0.,-3.330669073875E-16,1.));
#12499=DIRECTION('',(-0.28734788556607,-5.3170039772213E-16,0.957826285221234));
#12500=DIRECTION('center_axis',(0.,1.,3.330669073875E-16));
#12501=DIRECTION('ref_axis',(0.,-3.330669073875E-16,1.));
#12502=DIRECTION('',(0.,5.551115123126E-16,-1.));
#12503=DIRECTION('',(-1.,0.,0.));
#12504=DIRECTION('',(0.,-5.551115123126E-16,1.));
#12505=DIRECTION('center_axis',(0.,-1.,-3.330669073875E-16));
#12506=DIRECTION('ref_axis',(0.,-3.330669073875E-16,1.));
#12507=DIRECTION('',(0.28734788556607,5.3170039772213E-16,-0.957826285221234));
#12508=DIRECTION('center_axis',(0.,-1.,-3.330669073875E-16));
#12509=DIRECTION('ref_axis',(0.,-3.330669073875E-16,1.));
#12510=DIRECTION('center_axis',(0.,3.330669073875E-16,-1.));
#12511=DIRECTION('ref_axis',(1.,0.,0.));
#12512=DIRECTION('',(0.,1.,3.330669073875E-16));
#12513=DIRECTION('center_axis',(0.,1.,3.330669073875E-16));
#12514=DIRECTION('ref_axis',(0.,-3.330669073875E-16,1.));
#12515=DIRECTION('',(0.28734788556607,5.3170039772213E-16,-0.957826285221234));
#12516=DIRECTION('center_axis',(0.,1.,3.330669073875E-16));
#12517=DIRECTION('ref_axis',(0.,-3.330669073875E-16,1.));
#12518=DIRECTION('',(0.,-5.551115123126E-16,1.));
#12519=DIRECTION('center_axis',(0.,-1.,-3.330669073875E-16));
#12520=DIRECTION('ref_axis',(0.,-3.330669073875E-16,1.));
#12521=DIRECTION('',(-1.,0.,0.));
#12522=DIRECTION('',(0.,5.551115123126E-16,-1.));
#12523=DIRECTION('center_axis',(0.,-1.,-3.330669073875E-16));
#12524=DIRECTION('ref_axis',(0.,-3.330669073875E-16,1.));
#12525=DIRECTION('',(-0.28734788556607,-5.3170039772213E-16,0.957826285221234));
#12526=DIRECTION('center_axis',(0.,1.,3.330669073875E-16));
#12527=DIRECTION('ref_axis',(0.,-3.330669073875E-16,1.));
#12528=DIRECTION('',(0.28734788556607,-5.3170039772213E-16,0.957826285221234));
#12529=DIRECTION('center_axis',(0.,-1.,-3.330669073875E-16));
#12530=DIRECTION('ref_axis',(0.,-3.330669073875E-16,1.));
#12531=DIRECTION('',(0.,5.551115123126E-16,-1.));
#12532=DIRECTION('',(1.,0.,0.));
#12533=DIRECTION('',(0.,-5.551115123126E-16,1.));
#12534=DIRECTION('center_axis',(0.,1.,3.330669073875E-16));
#12535=DIRECTION('ref_axis',(0.,-3.330669073875E-16,1.));
#12536=DIRECTION('',(-0.28734788556607,5.3170039772213E-16,-0.957826285221234));
#12537=DIRECTION('center_axis',(0.,1.,3.330669073875E-16));
#12538=DIRECTION('ref_axis',(0.,-3.330669073875E-16,1.));
#12539=DIRECTION('center_axis',(0.,-3.330669073875E-16,1.));
#12540=DIRECTION('ref_axis',(-1.,0.,0.));
#12541=DIRECTION('',(0.,1.,3.330669073875E-16));
#12542=DIRECTION('',(-1.,0.,0.));
#12543=DIRECTION('center_axis',(0.,1.,3.330669073875E-16));
#12544=DIRECTION('ref_axis',(0.,-3.330669073875E-16,1.));
#12545=DIRECTION('',(0.28734788556607,5.3170039772213E-16,-0.957826285221234));
#12546=DIRECTION('center_axis',(0.,1.,3.330669073875E-16));
#12547=DIRECTION('ref_axis',(0.,-3.330669073875E-16,1.));
#12548=DIRECTION('',(-0.28734788556607,5.3170039772213E-16,-0.957826285221234));
#12549=DIRECTION('center_axis',(0.,1.,3.330669073875E-16));
#12550=DIRECTION('ref_axis',(0.,-3.330669073875E-16,1.));
#12551=DIRECTION('',(0.,-5.551115123126E-16,1.));
#12552=DIRECTION('',(1.,0.,0.));
#12553=DIRECTION('',(0.,5.551115123126E-16,-1.));
#12554=DIRECTION('center_axis',(0.,-1.,-3.330669073875E-16));
#12555=DIRECTION('ref_axis',(0.,-3.330669073875E-16,1.));
#12556=DIRECTION('',(0.28734788556607,-5.3170039772213E-16,0.957826285221234));
#12557=DIRECTION('center_axis',(0.,1.,3.330669073875E-16));
#12558=DIRECTION('ref_axis',(0.,-3.330669073875E-16,1.));
#12559=DIRECTION('',(-0.28734788556607,-5.3170039772213E-16,0.957826285221234));
#12560=DIRECTION('center_axis',(0.,-1.,-3.330669073875E-16));
#12561=DIRECTION('ref_axis',(0.,-3.330669073875E-16,1.));
#12562=DIRECTION('',(0.,5.551115123126E-16,-1.));
#12563=DIRECTION('center_axis',(0.,-1.,-3.330669073875E-16));
#12564=DIRECTION('ref_axis',(0.,-3.330669073875E-16,1.));
#12565=DIRECTION('',(0.,-5.551115123126E-16,1.));
#12566=DIRECTION('center_axis',(0.,1.,3.330669073875E-16));
#12567=DIRECTION('ref_axis',(0.,-3.330669073875E-16,1.));
#12568=DIRECTION('center_axis',(1.64346021921E-31,1.,5.551115123126E-16));
#12569=DIRECTION('ref_axis',(-4.05144223723343E-63,-5.551115123126E-16,
1.));
#12570=DIRECTION('',(0.28734788556607,5.3170039772213E-16,-0.957826285221234));
#12571=DIRECTION('center_axis',(0.,1.,3.330669073875E-16));
#12572=DIRECTION('ref_axis',(0.,-3.330669073875E-16,1.));
#12573=DIRECTION('',(-0.28734788556607,5.3170039772213E-16,-0.957826285221234));
#12574=DIRECTION('center_axis',(0.,1.,3.330669073875E-16));
#12575=DIRECTION('ref_axis',(0.,-3.330669073875E-16,1.));
#12576=DIRECTION('',(0.,-5.551115123126E-16,1.));
#12577=DIRECTION('',(1.,0.,0.));
#12578=DIRECTION('',(0.,5.551115123126E-16,-1.));
#12579=DIRECTION('center_axis',(0.,-1.,-3.330669073875E-16));
#12580=DIRECTION('ref_axis',(0.,-3.330669073875E-16,1.));
#12581=DIRECTION('',(0.28734788556607,-5.3170039772213E-16,0.957826285221234));
#12582=DIRECTION('center_axis',(0.,1.,3.330669073875E-16));
#12583=DIRECTION('ref_axis',(0.,-3.330669073875E-16,1.));
#12584=DIRECTION('',(-0.28734788556607,-5.3170039772213E-16,0.957826285221234));
#12585=DIRECTION('center_axis',(0.,-1.,-3.330669073875E-16));
#12586=DIRECTION('ref_axis',(0.,-3.330669073875E-16,1.));
#12587=DIRECTION('',(0.,5.551115123126E-16,-1.));
#12588=DIRECTION('',(-1.,0.,0.));
#12589=DIRECTION('center_axis',(0.,-1.,-3.330669073875E-16));
#12590=DIRECTION('ref_axis',(0.,-3.330669073875E-16,1.));
#12591=DIRECTION('',(0.,-5.551115123126E-16,1.));
#12592=DIRECTION('center_axis',(0.,1.,3.330669073875E-16));
#12593=DIRECTION('ref_axis',(0.,-3.330669073875E-16,1.));
#12594=DIRECTION('center_axis',(1.64346021921E-31,1.,5.551115123126E-16));
#12595=DIRECTION('ref_axis',(-4.05144223723343E-63,-5.551115123126E-16,
1.));
#12596=DIRECTION('',(0.28734788556607,5.3170039772213E-16,-0.957826285221234));
#12597=DIRECTION('center_axis',(0.,1.,3.330669073875E-16));
#12598=DIRECTION('ref_axis',(0.,-3.330669073875E-16,1.));
#12599=DIRECTION('',(0.,-5.551115123126E-16,1.));
#12600=DIRECTION('center_axis',(0.,-1.,-3.330669073875E-16));
#12601=DIRECTION('ref_axis',(0.,-3.330669073875E-16,1.));
#12602=DIRECTION('',(-1.,0.,0.));
#12603=DIRECTION('',(0.,5.551115123126E-16,-1.));
#12604=DIRECTION('center_axis',(0.,-1.,-3.330669073875E-16));
#12605=DIRECTION('ref_axis',(0.,-3.330669073875E-16,1.));
#12606=DIRECTION('',(-0.28734788556607,-5.3170039772213E-16,0.957826285221234));
#12607=DIRECTION('center_axis',(0.,1.,3.330669073875E-16));
#12608=DIRECTION('ref_axis',(0.,-3.330669073875E-16,1.));
#12609=DIRECTION('',(0.28734788556607,-5.3170039772213E-16,0.957826285221234));
#12610=DIRECTION('center_axis',(0.,-1.,-3.330669073875E-16));
#12611=DIRECTION('ref_axis',(0.,-3.330669073875E-16,1.));
#12612=DIRECTION('',(0.,5.551115123126E-16,-1.));
#12613=DIRECTION('',(1.,0.,0.));
#12614=DIRECTION('',(0.,-5.551115123126E-16,1.));
#12615=DIRECTION('center_axis',(0.,1.,3.330669073875E-16));
#12616=DIRECTION('ref_axis',(0.,-3.330669073875E-16,1.));
#12617=DIRECTION('',(-0.28734788556607,5.3170039772213E-16,-0.957826285221234));
#12618=DIRECTION('center_axis',(0.,1.,3.330669073875E-16));
#12619=DIRECTION('ref_axis',(0.,-3.330669073875E-16,1.));
#12620=DIRECTION('center_axis',(0.,-3.330669073875E-16,1.));
#12621=DIRECTION('ref_axis',(-1.,0.,0.));
#12622=DIRECTION('',(0.,1.,3.330669073875E-16));
#12623=DIRECTION('center_axis',(0.,0.,-1.));
#12624=DIRECTION('ref_axis',(-1.,0.,0.));
#12625=DIRECTION('center_axis',(-1.,0.,0.));
#12626=DIRECTION('ref_axis',(0.,5.551115123126E-16,-1.));
#12627=DIRECTION('',(0.,1.,3.330669073875E-16));
#12628=DIRECTION('center_axis',(-1.,0.,0.));
#12629=DIRECTION('ref_axis',(0.,5.551115123126E-16,-1.));
#12630=DIRECTION('',(0.,1.,3.330669073875E-16));
#12631=DIRECTION('center_axis',(-1.,0.,0.));
#12632=DIRECTION('ref_axis',(0.,5.551115123126E-16,-1.));
#12633=DIRECTION('',(0.,1.,3.330669073875E-16));
#12634=DIRECTION('center_axis',(-1.,0.,0.));
#12635=DIRECTION('ref_axis',(0.,5.551115123126E-16,-1.));
#12636=DIRECTION('',(0.,1.,3.330669073875E-16));
#12637=DIRECTION('center_axis',(-0.957826285221234,-9.57060715899734E-17,
0.28734788556607));
#12638=DIRECTION('ref_axis',(-0.28734788556607,5.3170039772213E-16,-0.957826285221234));
#12639=DIRECTION('',(0.,1.,3.330669073875E-16));
#12640=DIRECTION('',(0.,1.,3.330669073875E-16));
#12641=DIRECTION('center_axis',(0.,1.,3.330669073875E-16));
#12642=DIRECTION('ref_axis',(0.957826285221234,9.57060715898283E-17,-0.28734788556607));
#12643=DIRECTION('',(0.,1.,3.330669073875E-16));
#12644=DIRECTION('center_axis',(0.,1.,3.330669073875E-16));
#12645=DIRECTION('ref_axis',(-0.957826285221234,-9.57060715898283E-17,0.28734788556607));
#12646=DIRECTION('',(0.,1.,3.330669073875E-16));
#12647=DIRECTION('center_axis',(1.,0.,0.));
#12648=DIRECTION('ref_axis',(0.,-5.551115123126E-16,1.));
#12649=DIRECTION('',(0.,1.,3.330669073875E-16));
#12650=DIRECTION('center_axis',(-0.957826285221234,9.57060715899734E-17,
-0.28734788556607));
#12651=DIRECTION('ref_axis',(0.28734788556607,5.3170039772213E-16,-0.957826285221234));
#12652=DIRECTION('',(0.,1.,3.330669073875E-16));
#12653=DIRECTION('center_axis',(0.,1.,3.330669073875E-16));
#12654=DIRECTION('ref_axis',(-1.,0.,0.));
#12655=DIRECTION('center_axis',(0.,1.,3.330669073875E-16));
#12656=DIRECTION('ref_axis',(1.,0.,0.));
#12657=DIRECTION('',(0.,1.,3.330669073875E-16));
#12658=DIRECTION('center_axis',(1.,0.,0.));
#12659=DIRECTION('ref_axis',(0.,-5.551115123126E-16,1.));
#12660=DIRECTION('',(0.,1.,3.330669073875E-16));
#12661=DIRECTION('center_axis',(0.,-3.330669073875E-16,1.));
#12662=DIRECTION('ref_axis',(-1.,0.,0.));
#12663=DIRECTION('',(0.,1.,3.330669073875E-16));
#12664=DIRECTION('center_axis',(-1.,0.,0.));
#12665=DIRECTION('ref_axis',(0.,5.551115123126E-16,-1.));
#12666=DIRECTION('',(0.,1.,3.330669073875E-16));
#12667=DIRECTION('center_axis',(0.,1.,3.330669073875E-16));
#12668=DIRECTION('ref_axis',(1.,0.,0.));
#12669=DIRECTION('',(0.,1.,3.330669073875E-16));
#12670=DIRECTION('center_axis',(0.,1.,3.330669073875E-16));
#12671=DIRECTION('ref_axis',(0.957826285221234,-9.57060715898283E-17,0.28734788556607));
#12672=DIRECTION('',(0.,1.,3.330669073875E-16));
#12673=DIRECTION('center_axis',(0.957826285221234,9.57060715899734E-17,
-0.28734788556607));
#12674=DIRECTION('ref_axis',(0.28734788556607,-5.3170039772213E-16,0.957826285221234));
#12675=DIRECTION('',(0.,1.,3.330669073875E-16));
#12676=DIRECTION('center_axis',(0.957826285221234,-9.57060715899734E-17,
0.28734788556607));
#12677=DIRECTION('ref_axis',(-0.28734788556607,-5.3170039772213E-16,0.957826285221234));
#12678=DIRECTION('',(0.,1.,3.330669073875E-16));
#12679=DIRECTION('center_axis',(0.,1.,3.330669073875E-16));
#12680=DIRECTION('ref_axis',(-0.957826285221234,-9.57060715898283E-17,0.28734788556607));
#12681=DIRECTION('center_axis',(-0.957826285221234,-9.57060715899734E-17,
0.28734788556607));
#12682=DIRECTION('ref_axis',(-0.28734788556607,5.3170039772213E-16,-0.957826285221234));
#12683=DIRECTION('',(0.,1.,3.330669073875E-16));
#12684=DIRECTION('',(0.,1.,3.330669073875E-16));
#12685=DIRECTION('center_axis',(0.,1.,3.330669073875E-16));
#12686=DIRECTION('ref_axis',(0.957826285221234,9.57060715898283E-17,-0.28734788556607));
#12687=DIRECTION('',(0.,1.,3.330669073875E-16));
#12688=DIRECTION('center_axis',(0.,1.,3.330669073875E-16));
#12689=DIRECTION('ref_axis',(-0.957826285221234,-9.57060715898283E-17,0.28734788556607));
#12690=DIRECTION('',(0.,1.,3.330669073875E-16));
#12691=DIRECTION('center_axis',(1.,0.,0.));
#12692=DIRECTION('ref_axis',(0.,-5.551115123126E-16,1.));
#12693=DIRECTION('',(0.,1.,3.330669073875E-16));
#12694=DIRECTION('center_axis',(-0.957826285221234,9.57060715899734E-17,
-0.28734788556607));
#12695=DIRECTION('ref_axis',(0.28734788556607,5.3170039772213E-16,-0.957826285221234));
#12696=DIRECTION('',(0.,1.,3.330669073875E-16));
#12697=DIRECTION('center_axis',(0.,1.,3.330669073875E-16));
#12698=DIRECTION('ref_axis',(-1.,0.,0.));
#12699=DIRECTION('center_axis',(0.,1.,3.330669073875E-16));
#12700=DIRECTION('ref_axis',(1.,0.,0.));
#12701=DIRECTION('',(0.,1.,3.330669073875E-16));
#12702=DIRECTION('center_axis',(1.,0.,0.));
#12703=DIRECTION('ref_axis',(0.,-5.551115123126E-16,1.));
#12704=DIRECTION('',(0.,1.,3.330669073875E-16));
#12705=DIRECTION('center_axis',(0.,-3.330669073875E-16,1.));
#12706=DIRECTION('ref_axis',(-1.,0.,0.));
#12707=DIRECTION('',(0.,1.,3.330669073875E-16));
#12708=DIRECTION('center_axis',(-1.,0.,0.));
#12709=DIRECTION('ref_axis',(0.,5.551115123126E-16,-1.));
#12710=DIRECTION('',(0.,1.,3.330669073875E-16));
#12711=DIRECTION('center_axis',(0.,1.,3.330669073875E-16));
#12712=DIRECTION('ref_axis',(1.,0.,0.));
#12713=DIRECTION('',(0.,1.,3.330669073875E-16));
#12714=DIRECTION('center_axis',(0.,1.,3.330669073875E-16));
#12715=DIRECTION('ref_axis',(0.957826285221234,-9.57060715898283E-17,0.28734788556607));
#12716=DIRECTION('',(0.,1.,3.330669073875E-16));
#12717=DIRECTION('center_axis',(0.957826285221234,9.57060715899734E-17,
-0.28734788556607));
#12718=DIRECTION('ref_axis',(0.28734788556607,-5.3170039772213E-16,0.957826285221234));
#12719=DIRECTION('',(0.,1.,3.330669073875E-16));
#12720=DIRECTION('center_axis',(0.957826285221234,-9.57060715899734E-17,
0.28734788556607));
#12721=DIRECTION('ref_axis',(-0.28734788556607,-5.3170039772213E-16,0.957826285221234));
#12722=DIRECTION('',(0.,1.,3.330669073875E-16));
#12723=DIRECTION('center_axis',(0.,1.,3.330669073875E-16));
#12724=DIRECTION('ref_axis',(-0.957826285221234,-9.57060715898283E-17,0.28734788556607));
#12725=DIRECTION('center_axis',(-0.957826285221234,9.57060715899734E-17,
-0.28734788556607));
#12726=DIRECTION('ref_axis',(0.28734788556607,5.3170039772213E-16,-0.957826285221234));
#12727=DIRECTION('',(0.,1.,3.330669073875E-16));
#12728=DIRECTION('',(0.,1.,3.330669073875E-16));
#12729=DIRECTION('center_axis',(0.,1.,3.330669073875E-16));
#12730=DIRECTION('ref_axis',(-0.957826285221234,9.57060715898283E-17,-0.28734788556607));
#12731=DIRECTION('',(0.,1.,3.330669073875E-16));
#12732=DIRECTION('center_axis',(0.,1.,3.330669073875E-16));
#12733=DIRECTION('ref_axis',(0.957826285221234,-9.57060715898283E-17,0.28734788556607));
#12734=DIRECTION('',(0.,1.,3.330669073875E-16));
#12735=DIRECTION('center_axis',(1.,0.,0.));
#12736=DIRECTION('ref_axis',(0.,-5.551115123126E-16,1.));
#12737=DIRECTION('',(0.,1.,3.330669073875E-16));
#12738=DIRECTION('center_axis',(-0.957826285221234,-9.57060715899734E-17,
0.28734788556607));
#12739=DIRECTION('ref_axis',(-0.28734788556607,5.3170039772213E-16,-0.957826285221234));
#12740=DIRECTION('',(0.,1.,3.330669073875E-16));
#12741=DIRECTION('center_axis',(0.,1.,3.330669073875E-16));
#12742=DIRECTION('ref_axis',(1.,0.,0.));
#12743=DIRECTION('center_axis',(0.,1.,3.330669073875E-16));
#12744=DIRECTION('ref_axis',(-1.,0.,0.));
#12745=DIRECTION('',(0.,1.,3.330669073875E-16));
#12746=DIRECTION('center_axis',(1.,0.,0.));
#12747=DIRECTION('ref_axis',(0.,-5.551115123126E-16,1.));
#12748=DIRECTION('',(0.,1.,3.330669073875E-16));
#12749=DIRECTION('center_axis',(0.,3.330669073875E-16,-1.));
#12750=DIRECTION('ref_axis',(1.,0.,0.));
#12751=DIRECTION('',(0.,1.,3.330669073875E-16));
#12752=DIRECTION('center_axis',(-1.,0.,0.));
#12753=DIRECTION('ref_axis',(0.,5.551115123126E-16,-1.));
#12754=DIRECTION('',(0.,1.,3.330669073875E-16));
#12755=DIRECTION('center_axis',(0.,1.,3.330669073875E-16));
#12756=DIRECTION('ref_axis',(-1.,0.,0.));
#12757=DIRECTION('',(0.,1.,3.330669073875E-16));
#12758=DIRECTION('center_axis',(0.,1.,3.330669073875E-16));
#12759=DIRECTION('ref_axis',(-0.957826285221234,-9.57060715898283E-17,0.28734788556607));
#12760=DIRECTION('',(0.,1.,3.330669073875E-16));
#12761=DIRECTION('center_axis',(0.957826285221234,-9.57060715899734E-17,
0.28734788556607));
#12762=DIRECTION('ref_axis',(-0.28734788556607,-5.3170039772213E-16,0.957826285221234));
#12763=DIRECTION('',(0.,1.,3.330669073875E-16));
#12764=DIRECTION('center_axis',(0.957826285221234,9.57060715899734E-17,
-0.28734788556607));
#12765=DIRECTION('ref_axis',(0.28734788556607,-5.3170039772213E-16,0.957826285221234));
#12766=DIRECTION('',(0.,1.,3.330669073875E-16));
#12767=DIRECTION('center_axis',(0.,1.,3.330669073875E-16));
#12768=DIRECTION('ref_axis',(0.957826285221234,-9.57060715898283E-17,0.28734788556607));
#12769=DIRECTION('center_axis',(-0.957826285221234,9.57060715899734E-17,
-0.28734788556607));
#12770=DIRECTION('ref_axis',(0.28734788556607,5.3170039772213E-16,-0.957826285221234));
#12771=DIRECTION('',(0.,1.,3.330669073875E-16));
#12772=DIRECTION('',(0.,1.,3.330669073875E-16));
#12773=DIRECTION('center_axis',(0.,1.,3.330669073875E-16));
#12774=DIRECTION('ref_axis',(-0.957826285221234,9.57060715898283E-17,-0.28734788556607));
#12775=DIRECTION('',(0.,1.,3.330669073875E-16));
#12776=DIRECTION('center_axis',(0.,1.,3.330669073875E-16));
#12777=DIRECTION('ref_axis',(0.957826285221234,-9.57060715898283E-17,0.28734788556607));
#12778=DIRECTION('',(0.,1.,3.330669073875E-16));
#12779=DIRECTION('center_axis',(1.,0.,0.));
#12780=DIRECTION('ref_axis',(0.,-5.551115123126E-16,1.));
#12781=DIRECTION('',(0.,1.,3.330669073875E-16));
#12782=DIRECTION('center_axis',(-0.957826285221234,-9.57060715899734E-17,
0.28734788556607));
#12783=DIRECTION('ref_axis',(-0.28734788556607,5.3170039772213E-16,-0.957826285221234));
#12784=DIRECTION('',(0.,1.,3.330669073875E-16));
#12785=DIRECTION('center_axis',(0.,1.,3.330669073875E-16));
#12786=DIRECTION('ref_axis',(1.,0.,0.));
#12787=DIRECTION('center_axis',(0.,1.,3.330669073875E-16));
#12788=DIRECTION('ref_axis',(-1.,0.,0.));
#12789=DIRECTION('',(0.,1.,3.330669073875E-16));
#12790=DIRECTION('center_axis',(1.,0.,0.));
#12791=DIRECTION('ref_axis',(0.,-5.551115123126E-16,1.));
#12792=DIRECTION('',(0.,1.,3.330669073875E-16));
#12793=DIRECTION('center_axis',(0.,3.330669073875E-16,-1.));
#12794=DIRECTION('ref_axis',(1.,0.,0.));
#12795=DIRECTION('',(0.,1.,3.330669073875E-16));
#12796=DIRECTION('center_axis',(-1.,0.,0.));
#12797=DIRECTION('ref_axis',(0.,5.551115123126E-16,-1.));
#12798=DIRECTION('',(0.,1.,3.330669073875E-16));
#12799=DIRECTION('center_axis',(0.,1.,3.330669073875E-16));
#12800=DIRECTION('ref_axis',(-1.,0.,0.));
#12801=DIRECTION('',(0.,1.,3.330669073875E-16));
#12802=DIRECTION('center_axis',(0.,1.,3.330669073875E-16));
#12803=DIRECTION('ref_axis',(-0.957826285221234,-9.57060715898283E-17,0.28734788556607));
#12804=DIRECTION('',(0.,1.,3.330669073875E-16));
#12805=DIRECTION('center_axis',(0.957826285221234,-9.57060715899734E-17,
0.28734788556607));
#12806=DIRECTION('ref_axis',(-0.28734788556607,-5.3170039772213E-16,0.957826285221234));
#12807=DIRECTION('',(0.,1.,3.330669073875E-16));
#12808=DIRECTION('center_axis',(0.957826285221234,9.57060715899734E-17,
-0.28734788556607));
#12809=DIRECTION('ref_axis',(0.28734788556607,-5.3170039772213E-16,0.957826285221234));
#12810=DIRECTION('',(0.,1.,3.330669073875E-16));
#12811=DIRECTION('center_axis',(0.,1.,3.330669073875E-16));
#12812=DIRECTION('ref_axis',(0.957826285221234,-9.57060715898283E-17,0.28734788556607));
#12813=DIRECTION('axis',(0.,0.,1.));
#12814=DIRECTION('refdir',(1.,0.,0.));
#12815=DIRECTION('center_axis',(1.,0.,0.));
#12816=DIRECTION('ref_axis',(0.,0.,1.));
#12817=DIRECTION('',(0.,0.,1.));
#12818=DIRECTION('',(0.,1.,0.));
#12819=DIRECTION('',(0.,0.,1.));
#12820=DIRECTION('',(0.,1.,0.));
#12821=DIRECTION('center_axis',(0.,1.,0.));
#12822=DIRECTION('ref_axis',(0.,0.,1.));
#12823=DIRECTION('',(1.,0.,0.));
#12824=DIRECTION('center_axis',(0.,1.,0.));
#12825=DIRECTION('ref_axis',(0.,0.,1.));
#12826=DIRECTION('',(1.,0.,0.));
#12827=DIRECTION('',(0.,0.,1.));
#12828=DIRECTION('',(1.,0.,0.));
#12829=DIRECTION('center_axis',(0.,-1.,0.));
#12830=DIRECTION('ref_axis',(0.,0.,1.));
#12831=DIRECTION('',(1.,0.,0.));
#12832=DIRECTION('center_axis',(0.,1.,0.));
#12833=DIRECTION('ref_axis',(0.,0.,1.));
#12834=DIRECTION('center_axis',(0.,-1.,0.));
#12835=DIRECTION('ref_axis',(0.,0.,1.));
#12836=DIRECTION('center_axis',(0.,1.,0.));
#12837=DIRECTION('ref_axis',(-1.,0.,0.));
#12838=DIRECTION('center_axis',(0.,-1.,0.));
#12839=DIRECTION('ref_axis',(0.,0.,1.));
#12840=DIRECTION('',(0.,1.,0.));
#12841=DIRECTION('center_axis',(0.,1.,0.));
#12842=DIRECTION('ref_axis',(-1.,0.,0.));
#12843=DIRECTION('',(0.,1.,0.));
#12844=DIRECTION('center_axis',(0.,1.,0.));
#12845=DIRECTION('ref_axis',(0.,0.,1.));
#12846=DIRECTION('center_axis',(0.,1.,0.));
#12847=DIRECTION('ref_axis',(0.,0.,1.));
#12848=DIRECTION('',(1.,0.,0.));
#12849=DIRECTION('',(1.,0.,0.));
#12850=DIRECTION('center_axis',(0.,-1.,0.));
#12851=DIRECTION('ref_axis',(0.,0.,1.));
#12852=DIRECTION('',(1.,0.,0.));
#12853=DIRECTION('',(0.,0.,1.));
#12854=DIRECTION('',(1.,0.,0.));
#12855=DIRECTION('center_axis',(0.,1.,0.));
#12856=DIRECTION('ref_axis',(0.,0.,1.));
#12857=DIRECTION('center_axis',(0.,0.,1.));
#12858=DIRECTION('ref_axis',(1.,0.,0.));
#12859=DIRECTION('',(0.,1.,0.));
#12860=DIRECTION('center_axis',(0.,1.,0.));
#12861=DIRECTION('ref_axis',(1.,0.,0.));
#12862=DIRECTION('',(0.,1.,0.));
#12863=DIRECTION('center_axis',(0.,1.,0.));
#12864=DIRECTION('ref_axis',(0.,0.,1.));
#12865=DIRECTION('',(1.,0.,0.));
#12866=DIRECTION('',(1.,0.,0.));
#12867=DIRECTION('',(0.,0.,1.));
#12868=DIRECTION('',(1.,0.,0.));
#12869=DIRECTION('',(1.,0.,0.));
#12870=DIRECTION('center_axis',(0.,0.,1.));
#12871=DIRECTION('ref_axis',(1.,0.,0.));
#12872=DIRECTION('',(0.,1.,0.));
#12873=DIRECTION('center_axis',(0.,1.,0.));
#12874=DIRECTION('ref_axis',(1.,0.,0.));
#12875=DIRECTION('',(0.,1.,0.));
#12876=DIRECTION('center_axis',(0.,1.,0.));
#12877=DIRECTION('ref_axis',(0.,0.,1.));
#12878=DIRECTION('',(1.,0.,0.));
#12879=DIRECTION('',(1.,0.,0.));
#12880=DIRECTION('',(0.,0.,1.));
#12881=DIRECTION('',(1.,0.,0.));
#12882=DIRECTION('',(1.,0.,0.));
#12883=DIRECTION('center_axis',(0.,0.,1.));
#12884=DIRECTION('ref_axis',(1.,0.,0.));
#12885=DIRECTION('',(0.,1.,0.));
#12886=DIRECTION('center_axis',(0.,1.,0.));
#12887=DIRECTION('ref_axis',(0.,0.,1.));
#12888=DIRECTION('',(1.,0.,0.));
#12889=DIRECTION('center_axis',(0.,1.,0.));
#12890=DIRECTION('ref_axis',(0.,0.,1.));
#12891=DIRECTION('',(0.,0.,1.));
#12892=DIRECTION('center_axis',(0.,-1.,0.));
#12893=DIRECTION('ref_axis',(0.,0.,1.));
#12894=DIRECTION('',(1.,0.,0.));
#12895=DIRECTION('center_axis',(0.,1.,0.));
#12896=DIRECTION('ref_axis',(0.,0.,1.));
#12897=DIRECTION('center_axis',(0.,-1.,0.));
#12898=DIRECTION('ref_axis',(0.,0.,1.));
#12899=DIRECTION('center_axis',(0.,1.,0.));
#12900=DIRECTION('ref_axis',(0.,0.,1.));
#12901=DIRECTION('',(0.,0.,1.));
#12902=DIRECTION('',(1.,0.,0.));
#12903=DIRECTION('',(0.,0.,1.));
#12904=DIRECTION('center_axis',(1.,0.,0.));
#12905=DIRECTION('ref_axis',(0.,0.,1.));
#12906=DIRECTION('',(0.,1.,0.));
#12907=DIRECTION('',(0.,0.,1.));
#12908=DIRECTION('center_axis',(0.,1.,0.));
#12909=DIRECTION('ref_axis',(0.,0.,1.));
#12910=DIRECTION('',(1.,0.,0.));
#12911=DIRECTION('center_axis',(0.,-1.,0.));
#12912=DIRECTION('ref_axis',(0.,0.,1.));
#12913=DIRECTION('center_axis',(0.,1.,0.));
#12914=DIRECTION('ref_axis',(0.,0.,1.));
#12915=DIRECTION('',(1.,0.,0.));
#12916=DIRECTION('center_axis',(0.,-1.,0.));
#12917=DIRECTION('ref_axis',(0.,0.,1.));
#12918=DIRECTION('',(0.,0.,1.));
#12919=DIRECTION('center_axis',(0.,1.,0.));
#12920=DIRECTION('ref_axis',(0.,0.,1.));
#12921=DIRECTION('center_axis',(0.,1.,0.));
#12922=DIRECTION('ref_axis',(0.,0.,1.));
#12923=DIRECTION('',(1.,0.,0.));
#12924=DIRECTION('',(0.,0.,1.));
#12925=DIRECTION('center_axis',(0.,1.,0.));
#12926=DIRECTION('ref_axis',(-1.,0.,0.));
#12927=DIRECTION('',(0.,1.,0.));
#12928=DIRECTION('center_axis',(0.,0.,1.));
#12929=DIRECTION('ref_axis',(1.,0.,0.));
#12930=DIRECTION('',(0.,1.,0.));
#12931=DIRECTION('center_axis',(0.,1.,0.));
#12932=DIRECTION('ref_axis',(1.,0.,0.));
#12933=DIRECTION('',(0.,1.,0.));
#12934=DIRECTION('center_axis',(1.,0.,0.));
#12935=DIRECTION('ref_axis',(0.,0.,1.));
#12936=DIRECTION('',(0.,1.,0.));
#12937=DIRECTION('center_axis',(0.,1.,0.));
#12938=DIRECTION('ref_axis',(1.,0.,0.));
#12939=DIRECTION('',(0.,1.,0.));
#12940=DIRECTION('center_axis',(0.,0.,1.));
#12941=DIRECTION('ref_axis',(1.,0.,0.));
#12942=DIRECTION('',(0.,1.,0.));
#12943=DIRECTION('center_axis',(0.,1.,0.));
#12944=DIRECTION('ref_axis',(-1.,0.,0.));
#12945=DIRECTION('',(0.,1.,0.));
#12946=DIRECTION('center_axis',(1.,0.,0.));
#12947=DIRECTION('ref_axis',(0.,0.,1.));
#12948=DIRECTION('',(0.,1.,0.));
#12949=DIRECTION('center_axis',(0.,0.,1.));
#12950=DIRECTION('ref_axis',(1.,0.,0.));
#12951=DIRECTION('',(0.,0.,1.));
#12952=DIRECTION('',(1.110223024625E-16,1.,0.));
#12953=DIRECTION('',(0.,0.,1.));
#12954=DIRECTION('',(1.110223024625E-16,-1.,0.));
#12955=DIRECTION('',(0.,0.,1.));
#12956=DIRECTION('',(1.110223024625E-16,1.,0.));
#12957=DIRECTION('',(0.,0.,1.));
#12958=DIRECTION('',(1.110223024625E-16,1.,0.));
#12959=DIRECTION('',(0.,0.,1.));
#12960=DIRECTION('',(-1.,1.224646799147E-16,0.));
#12961=DIRECTION('',(0.,0.,1.));
#12962=DIRECTION('',(1.,0.,0.));
#12963=DIRECTION('axis',(0.,0.,1.));
#12964=DIRECTION('refdir',(1.,0.,0.));
#12965=DIRECTION('axis',(0.,0.,1.));
#12966=DIRECTION('refdir',(1.,0.,0.));
#12967=DIRECTION('center_axis',(1.,0.,0.));
#12968=DIRECTION('ref_axis',(0.,0.,-1.));
#12969=DIRECTION('',(0.,2.54379965222543E-60,-1.));
#12970=DIRECTION('',(0.,1.,0.));
#12971=DIRECTION('',(0.,0.,-1.));
#12972=DIRECTION('',(0.,1.,0.));
#12973=DIRECTION('center_axis',(0.,0.,1.));
#12974=DIRECTION('ref_axis',(1.,0.,0.));
#12975=DIRECTION('',(1.,-9.20534044281464E-54,0.));
#12976=DIRECTION('',(0.,1.,0.));
#12977=DIRECTION('',(1.,0.,0.));
#12978=DIRECTION('center_axis',(-1.,0.,0.));
#12979=DIRECTION('ref_axis',(0.,0.,1.));
#12980=DIRECTION('',(0.,-2.54379965222543E-60,1.));
#12981=DIRECTION('',(0.,1.,0.));
#12982=DIRECTION('',(0.,0.,1.));
#12983=DIRECTION('',(0.,1.,0.));
#12984=DIRECTION('',(0.,1.,0.));
#12985=DIRECTION('',(0.,1.,0.));
#12986=DIRECTION('',(0.,1.,0.));
#12987=DIRECTION('',(0.,1.,0.));
#12988=DIRECTION('',(0.,1.,0.));
#12989=DIRECTION('center_axis',(1.,0.,0.));
#12990=DIRECTION('ref_axis',(0.,0.,-1.));
#12991=DIRECTION('',(0.,2.54379965222543E-60,-1.));
#12992=DIRECTION('',(0.,1.,0.));
#12993=DIRECTION('',(0.,0.,-1.));
#12994=DIRECTION('center_axis',(0.,0.,1.));
#12995=DIRECTION('ref_axis',(1.,0.,0.));
#12996=DIRECTION('',(1.,-9.20534044281464E-54,0.));
#12997=DIRECTION('',(0.,1.,0.));
#12998=DIRECTION('',(1.,0.,0.));
#12999=DIRECTION('center_axis',(-1.,0.,0.));
#13000=DIRECTION('ref_axis',(0.,0.,1.));
#13001=DIRECTION('',(0.,-2.54379965222543E-60,1.));
#13002=DIRECTION('',(0.,1.,0.));
#13003=DIRECTION('',(0.,0.,1.));
#13004=DIRECTION('',(0.,1.,0.));
#13005=DIRECTION('',(0.,1.,0.));
#13006=DIRECTION('',(0.,1.,0.));
#13007=DIRECTION('',(0.,1.,0.));
#13008=DIRECTION('',(0.,1.,0.));
#13009=DIRECTION('center_axis',(-1.,0.,0.));
#13010=DIRECTION('ref_axis',(0.,0.,1.));
#13011=DIRECTION('',(0.,-2.54379965222543E-60,1.));
#13012=DIRECTION('',(0.,1.,0.));
#13013=DIRECTION('',(0.,0.,1.));
#13014=DIRECTION('center_axis',(0.,0.,-1.));
#13015=DIRECTION('ref_axis',(-1.,0.,0.));
#13016=DIRECTION('',(-1.,9.20534044281464E-54,0.));
#13017=DIRECTION('',(-1.,0.,0.));
#13018=DIRECTION('center_axis',(0.,-1.,0.));
#13019=DIRECTION('ref_axis',(1.,0.,0.));
#13020=DIRECTION('center_axis',(1.,0.,0.));
#13021=DIRECTION('ref_axis',(0.,0.,-1.));
#13022=DIRECTION('',(0.,2.54379965222543E-60,-1.));
#13023=DIRECTION('',(0.,1.,0.));
#13024=DIRECTION('',(0.,0.,-1.));
#13025=DIRECTION('',(0.,1.,0.));
#13026=DIRECTION('center_axis',(0.,0.,1.));
#13027=DIRECTION('ref_axis',(1.,0.,0.));
#13028=DIRECTION('',(1.,-9.20534044281464E-54,0.));
#13029=DIRECTION('',(0.,1.,0.));
#13030=DIRECTION('',(1.,0.,0.));
#13031=DIRECTION('center_axis',(-1.,0.,0.));
#13032=DIRECTION('ref_axis',(0.,0.,1.));
#13033=DIRECTION('',(0.,-2.54379965222543E-60,1.));
#13034=DIRECTION('',(0.,1.,0.));
#13035=DIRECTION('',(0.,0.,1.));
#13036=DIRECTION('center_axis',(0.,0.,-1.));
#13037=DIRECTION('ref_axis',(-1.,0.,0.));
#13038=DIRECTION('',(-1.,9.20534044281464E-54,0.));
#13039=DIRECTION('',(-1.,0.,0.));
#13040=DIRECTION('center_axis',(0.,1.,0.));
#13041=DIRECTION('ref_axis',(0.,0.,1.));
#13042=DIRECTION('center_axis',(1.,0.,0.));
#13043=DIRECTION('ref_axis',(0.,0.,-1.));
#13044=DIRECTION('',(0.,2.54379965222543E-60,-1.));
#13045=DIRECTION('',(0.,1.,0.));
#13046=DIRECTION('',(0.,0.,-1.));
#13047=DIRECTION('',(0.,1.,0.));
#13048=DIRECTION('',(0.,1.,0.));
#13049=DIRECTION('',(0.,1.,0.));
#13050=DIRECTION('',(0.,1.,0.));
#13051=DIRECTION('',(0.,1.,0.));
#13052=DIRECTION('',(0.,1.,0.));
#13053=DIRECTION('center_axis',(-1.,0.,0.));
#13054=DIRECTION('ref_axis',(0.,0.,1.));
#13055=DIRECTION('',(0.,-2.54379965222543E-60,1.));
#13056=DIRECTION('',(0.,1.,0.));
#13057=DIRECTION('',(0.,0.,1.));
#13058=DIRECTION('center_axis',(0.,0.,-1.));
#13059=DIRECTION('ref_axis',(-1.,0.,0.));
#13060=DIRECTION('',(-1.,9.20534044281464E-54,0.));
#13061=DIRECTION('',(0.,1.,0.));
#13062=DIRECTION('',(-1.,0.,0.));
#13063=DIRECTION('center_axis',(1.,0.,0.));
#13064=DIRECTION('ref_axis',(0.,0.,-1.));
#13065=DIRECTION('',(0.,2.54379965222543E-60,-1.));
#13066=DIRECTION('',(0.,1.,0.));
#13067=DIRECTION('',(0.,0.,-1.));
#13068=DIRECTION('',(0.,1.,0.));
#13069=DIRECTION('',(0.,1.,0.));
#13070=DIRECTION('',(0.,1.,0.));
#13071=DIRECTION('',(0.,1.,0.));
#13072=DIRECTION('',(0.,1.,0.));
#13073=DIRECTION('center_axis',(1.,0.,0.));
#13074=DIRECTION('ref_axis',(0.,0.,-1.));
#13075=DIRECTION('',(0.,2.54379965222543E-60,-1.));
#13076=DIRECTION('',(0.,1.,0.));
#13077=DIRECTION('',(0.,0.,-1.));
#13078=DIRECTION('center_axis',(0.,0.,1.));
#13079=DIRECTION('ref_axis',(1.,0.,0.));
#13080=DIRECTION('',(1.,-9.20534044281464E-54,0.));
#13081=DIRECTION('',(0.,1.,0.));
#13082=DIRECTION('',(1.,0.,0.));
#13083=DIRECTION('center_axis',(-1.,0.,0.));
#13084=DIRECTION('ref_axis',(0.,0.,1.));
#13085=DIRECTION('',(0.,-2.54379965222543E-60,1.));
#13086=DIRECTION('',(0.,1.,0.));
#13087=DIRECTION('',(0.,0.,1.));
#13088=DIRECTION('center_axis',(0.,0.,-1.));
#13089=DIRECTION('ref_axis',(-1.,0.,0.));
#13090=DIRECTION('',(-1.,9.20534044281464E-54,0.));
#13091=DIRECTION('',(-1.,0.,0.));
#13092=DIRECTION('center_axis',(0.,-1.,0.));
#13093=DIRECTION('ref_axis',(1.,0.,0.));
#13094=DIRECTION('',(0.,1.,0.));
#13095=DIRECTION('',(0.,1.,0.));
#13096=DIRECTION('',(0.,1.,0.));
#13097=DIRECTION('',(0.,1.,0.));
#13098=DIRECTION('',(0.,1.,0.));
#13099=DIRECTION('',(0.,1.,0.));
#13100=DIRECTION('',(0.,1.,0.));
#13101=DIRECTION('',(0.,1.,0.));
#13102=DIRECTION('',(0.,1.,0.));
#13103=DIRECTION('',(0.,1.,0.));
#13104=DIRECTION('center_axis',(-1.,0.,0.));
#13105=DIRECTION('ref_axis',(0.,0.,1.));
#13106=DIRECTION('',(0.,-2.54379965222543E-60,1.));
#13107=DIRECTION('',(0.,0.,1.));
#13108=DIRECTION('center_axis',(0.,0.,-1.));
#13109=DIRECTION('ref_axis',(-1.,0.,0.));
#13110=DIRECTION('',(-1.,9.20534044281464E-54,0.));
#13111=DIRECTION('',(0.,1.,0.));
#13112=DIRECTION('',(-1.,0.,0.));
#13113=DIRECTION('',(0.,1.,0.));
#13114=DIRECTION('',(0.,1.,0.));
#13115=DIRECTION('',(0.,1.,0.));
#13116=DIRECTION('center_axis',(1.,0.,0.));
#13117=DIRECTION('ref_axis',(0.,0.,-1.));
#13118=DIRECTION('',(0.,2.54379965222543E-60,-1.));
#13119=DIRECTION('',(0.,1.,0.));
#13120=DIRECTION('',(0.,0.,-1.));
#13121=DIRECTION('',(0.,1.,0.));
#13122=DIRECTION('',(0.,1.,0.));
#13123=DIRECTION('',(0.,1.,0.));
#13124=DIRECTION('',(0.,1.,0.));
#13125=DIRECTION('',(0.,1.,0.));
#13126=DIRECTION('',(0.,1.,0.));
#13127=DIRECTION('',(0.,1.,0.));
#13128=DIRECTION('center_axis',(-0.135113369374297,0.,-0.990830145593242));
#13129=DIRECTION('ref_axis',(-0.990830145593242,0.,0.135113369374297));
#13130=DIRECTION('',(-0.990830145593242,9.12092846748805E-54,0.135113369374297));
#13131=DIRECTION('',(0.,1.,0.));
#13132=DIRECTION('',(-0.990830145593242,0.,0.135113369374297));
#13133=DIRECTION('',(0.,1.,0.));
#13134=DIRECTION('',(0.,1.,0.));
#13135=DIRECTION('',(0.,1.,0.));
#13136=DIRECTION('',(0.,1.,0.));
#13137=DIRECTION('',(0.,1.,0.));
#13138=DIRECTION('',(0.,1.,0.));
#13139=DIRECTION('',(0.,1.,0.));
#13140=DIRECTION('',(0.,1.,0.));
#13141=DIRECTION('',(0.,1.,0.));
#13142=DIRECTION('',(0.,1.,0.));
#13143=DIRECTION('',(0.,1.,0.));
#13144=DIRECTION('',(0.,1.,0.));
#13145=DIRECTION('',(0.,1.,0.));
#13146=DIRECTION('',(0.,1.,0.));
#13147=DIRECTION('center_axis',(0.,-1.,0.));
#13148=DIRECTION('ref_axis',(1.,0.,0.));
#13149=DIRECTION('center_axis',(1.,0.,0.));
#13150=DIRECTION('ref_axis',(0.,0.,-1.));
#13151=DIRECTION('',(0.,2.54379965222543E-60,-1.));
#13152=DIRECTION('',(0.,1.,0.));
#13153=DIRECTION('',(0.,0.,-1.));
#13154=DIRECTION('',(0.,1.,0.));
#13155=DIRECTION('',(0.,1.,0.));
#13156=DIRECTION('',(0.,1.,0.));
#13157=DIRECTION('',(0.,1.,0.));
#13158=DIRECTION('',(0.,1.,0.));
#13159=DIRECTION('',(0.,1.,0.));
#13160=DIRECTION('center_axis',(-1.,0.,0.));
#13161=DIRECTION('ref_axis',(0.,0.,1.));
#13162=DIRECTION('',(0.,-2.54379965222543E-60,1.));
#13163=DIRECTION('',(0.,1.,0.));
#13164=DIRECTION('',(0.,0.,1.));
#13165=DIRECTION('center_axis',(0.,0.,-1.));
#13166=DIRECTION('ref_axis',(-1.,0.,0.));
#13167=DIRECTION('',(-1.,9.20534044281464E-54,0.));
#13168=DIRECTION('',(0.,1.,0.));
#13169=DIRECTION('',(-1.,0.,0.));
#13170=DIRECTION('center_axis',(1.,0.,0.));
#13171=DIRECTION('ref_axis',(0.,0.,-1.));
#13172=DIRECTION('',(0.,2.54379965222543E-60,-1.));
#13173=DIRECTION('',(0.,1.,0.));
#13174=DIRECTION('',(0.,0.,-1.));
#13175=DIRECTION('',(0.,1.,0.));
#13176=DIRECTION('',(0.,1.,0.));
#13177=DIRECTION('',(0.,1.,0.));
#13178=DIRECTION('',(0.,1.,0.));
#13179=DIRECTION('center_axis',(1.,0.,0.));
#13180=DIRECTION('ref_axis',(0.,0.,-1.));
#13181=DIRECTION('',(0.,2.54379965222543E-60,-1.));
#13182=DIRECTION('',(0.,1.,0.));
#13183=DIRECTION('',(0.,0.,-1.));
#13184=DIRECTION('center_axis',(0.,0.,1.));
#13185=DIRECTION('ref_axis',(1.,0.,0.));
#13186=DIRECTION('',(1.,-9.20534044281464E-54,0.));
#13187=DIRECTION('',(0.,1.,0.));
#13188=DIRECTION('',(1.,0.,0.));
#13189=DIRECTION('center_axis',(-1.,0.,0.));
#13190=DIRECTION('ref_axis',(0.,0.,1.));
#13191=DIRECTION('',(0.,-2.54379965222543E-60,1.));
#13192=DIRECTION('',(0.,1.,0.));
#13193=DIRECTION('',(0.,0.,1.));
#13194=DIRECTION('center_axis',(0.,0.,-1.));
#13195=DIRECTION('ref_axis',(-1.,0.,0.));
#13196=DIRECTION('',(-1.,9.20534044281464E-54,0.));
#13197=DIRECTION('',(-1.,0.,0.));
#13198=DIRECTION('center_axis',(0.,-1.,0.));
#13199=DIRECTION('ref_axis',(1.,0.,0.));
#13200=DIRECTION('',(0.,1.,0.));
#13201=DIRECTION('',(0.,1.,0.));
#13202=DIRECTION('',(0.,1.,0.));
#13203=DIRECTION('',(0.,1.,0.));
#13204=DIRECTION('center_axis',(0.,0.,1.));
#13205=DIRECTION('ref_axis',(1.,0.,0.));
#13206=DIRECTION('',(1.,-9.20534044281464E-54,0.));
#13207=DIRECTION('',(0.,1.,0.));
#13208=DIRECTION('',(1.,0.,0.));
#13209=DIRECTION('',(0.,1.,0.));
#13210=DIRECTION('',(0.,1.,0.));
#13211=DIRECTION('',(0.,1.,0.));
#13212=DIRECTION('',(0.,1.,0.));
#13213=DIRECTION('center_axis',(0.,0.,-1.));
#13214=DIRECTION('ref_axis',(-1.,0.,0.));
#13215=DIRECTION('',(-1.,9.20534044281464E-54,0.));
#13216=DIRECTION('',(0.,1.,0.));
#13217=DIRECTION('',(-1.,0.,0.));
#13218=DIRECTION('',(0.,1.,0.));
#13219=DIRECTION('',(0.,1.,0.));
#13220=DIRECTION('',(0.,1.,0.));
#13221=DIRECTION('',(0.,1.,0.));
#13222=DIRECTION('',(0.,1.,0.));
#13223=DIRECTION('',(0.,1.,0.));
#13224=DIRECTION('',(0.,1.,0.));
#13225=DIRECTION('',(0.,1.,0.));
#13226=DIRECTION('',(0.,1.,0.));
#13227=DIRECTION('center_axis',(0.122720412994349,0.,0.992441283016026));
#13228=DIRECTION('ref_axis',(0.992441283016026,0.,-0.122720412994349));
#13229=DIRECTION('',(0.992441283016026,-9.13575956749014E-54,-0.122720412994349));
#13230=DIRECTION('',(0.,1.,0.));
#13231=DIRECTION('',(0.992441283016026,0.,-0.122720412994349));
#13232=DIRECTION('center_axis',(0.,-1.,0.));
#13233=DIRECTION('ref_axis',(1.,0.,0.));
#13234=DIRECTION('',(0.,1.,0.));
#13235=DIRECTION('',(0.,1.,0.));
#13236=DIRECTION('',(0.,1.,0.));
#13237=DIRECTION('',(0.,1.,0.));
#13238=DIRECTION('',(0.,1.,0.));
#13239=DIRECTION('',(0.,1.,0.));
#13240=DIRECTION('',(0.,1.,0.));
#13241=DIRECTION('',(0.,1.,0.));
#13242=DIRECTION('',(0.,1.,0.));
#13243=DIRECTION('',(0.,1.,0.));
#13244=DIRECTION('center_axis',(0.229323511061228,0.,-0.973350259297521));
#13245=DIRECTION('ref_axis',(-0.973350259297521,0.,-0.229323511061228));
#13246=DIRECTION('',(-0.973350259297521,8.96002109028866E-54,-0.229323511061228));
#13247=DIRECTION('',(0.,1.,0.));
#13248=DIRECTION('',(-0.973350259297521,0.,-0.229323511061228));
#13249=DIRECTION('',(0.,1.,0.));
#13250=DIRECTION('',(0.,1.,0.));
#13251=DIRECTION('',(0.,1.,0.));
#13252=DIRECTION('',(0.,1.,0.));
#13253=DIRECTION('',(0.,1.,0.));
#13254=DIRECTION('',(0.,1.,0.));
#13255=DIRECTION('',(0.,1.,0.));
#13256=DIRECTION('',(0.,1.,0.));
#13257=DIRECTION('',(0.,1.,0.));
#13258=DIRECTION('',(0.,1.,0.));
#13259=DIRECTION('center_axis',(0.244886287296035,0.,0.969551806916146));
#13260=DIRECTION('ref_axis',(0.969551806916146,0.,-0.244886287296035));
#13261=DIRECTION('',(0.969551806916146,-8.92505383666756E-54,-0.244886287296035));
#13262=DIRECTION('',(0.,1.,0.));
#13263=DIRECTION('',(0.969551806916146,0.,-0.244886287296035));
#13264=DIRECTION('center_axis',(0.,-1.,0.));
#13265=DIRECTION('ref_axis',(1.,0.,0.));
#13266=DIRECTION('center_axis',(1.,0.,0.));
#13267=DIRECTION('ref_axis',(0.,0.,-1.));
#13268=DIRECTION('',(0.,2.54379965222543E-60,-1.));
#13269=DIRECTION('',(0.,1.,0.));
#13270=DIRECTION('',(0.,0.,-1.));
#13271=DIRECTION('',(0.,1.,0.));
#13272=DIRECTION('',(0.,1.,0.));
#13273=DIRECTION('',(0.,1.,0.));
#13274=DIRECTION('',(0.,1.,0.));
#13275=DIRECTION('',(0.,1.,0.));
#13276=DIRECTION('',(0.,1.,0.));
#13277=DIRECTION('center_axis',(-1.,0.,0.));
#13278=DIRECTION('ref_axis',(0.,0.,1.));
#13279=DIRECTION('',(0.,-2.54379965222543E-60,1.));
#13280=DIRECTION('',(0.,1.,0.));
#13281=DIRECTION('',(0.,0.,1.));
#13282=DIRECTION('center_axis',(0.,0.,-1.));
#13283=DIRECTION('ref_axis',(-1.,0.,0.));
#13284=DIRECTION('',(-1.,9.20534044281464E-54,0.));
#13285=DIRECTION('',(0.,1.,0.));
#13286=DIRECTION('',(-1.,0.,0.));
#13287=DIRECTION('center_axis',(1.,0.,0.));
#13288=DIRECTION('ref_axis',(0.,0.,-1.));
#13289=DIRECTION('',(0.,2.54379965222543E-60,-1.));
#13290=DIRECTION('',(0.,1.,0.));
#13291=DIRECTION('',(0.,0.,-1.));
#13292=DIRECTION('',(0.,1.,0.));
#13293=DIRECTION('',(0.,1.,0.));
#13294=DIRECTION('',(0.,1.,0.));
#13295=DIRECTION('',(0.,1.,0.));
#13296=DIRECTION('',(0.,1.,0.));
#13297=DIRECTION('center_axis',(1.,0.,0.));
#13298=DIRECTION('ref_axis',(0.,0.,-1.));
#13299=DIRECTION('',(0.,2.54379965222543E-60,-1.));
#13300=DIRECTION('',(0.,1.,0.));
#13301=DIRECTION('',(0.,0.,-1.));
#13302=DIRECTION('center_axis',(0.,0.,1.));
#13303=DIRECTION('ref_axis',(1.,0.,0.));
#13304=DIRECTION('',(1.,-9.20534044281464E-54,0.));
#13305=DIRECTION('',(0.,1.,0.));
#13306=DIRECTION('',(1.,0.,0.));
#13307=DIRECTION('center_axis',(-1.,0.,0.));
#13308=DIRECTION('ref_axis',(0.,0.,1.));
#13309=DIRECTION('',(0.,-2.54379965222543E-60,1.));
#13310=DIRECTION('',(0.,1.,0.));
#13311=DIRECTION('',(0.,0.,1.));
#13312=DIRECTION('center_axis',(0.,0.,-1.));
#13313=DIRECTION('ref_axis',(-1.,0.,0.));
#13314=DIRECTION('',(-1.,9.20534044281464E-54,0.));
#13315=DIRECTION('',(-1.,0.,0.));
#13316=DIRECTION('center_axis',(0.,-1.,0.));
#13317=DIRECTION('ref_axis',(1.,0.,0.));
#13318=DIRECTION('center_axis',(1.,0.,0.));
#13319=DIRECTION('ref_axis',(0.,0.,-1.));
#13320=DIRECTION('',(0.,2.54379965222543E-60,-1.));
#13321=DIRECTION('',(0.,1.,0.));
#13322=DIRECTION('',(0.,0.,-1.));
#13323=DIRECTION('',(0.,1.,0.));
#13324=DIRECTION('center_axis',(0.,0.,1.));
#13325=DIRECTION('ref_axis',(1.,0.,0.));
#13326=DIRECTION('',(1.,-9.20534044281464E-54,0.));
#13327=DIRECTION('',(0.,1.,0.));
#13328=DIRECTION('',(1.,0.,0.));
#13329=DIRECTION('center_axis',(-1.,0.,0.));
#13330=DIRECTION('ref_axis',(0.,0.,1.));
#13331=DIRECTION('',(0.,-2.54379965222543E-60,1.));
#13332=DIRECTION('',(0.,1.,0.));
#13333=DIRECTION('',(0.,0.,1.));
#13334=DIRECTION('center_axis',(0.,0.,-1.));
#13335=DIRECTION('ref_axis',(-1.,0.,0.));
#13336=DIRECTION('',(-1.,9.20534044281464E-54,0.));
#13337=DIRECTION('',(-1.,0.,0.));
#13338=DIRECTION('center_axis',(0.,1.,0.));
#13339=DIRECTION('ref_axis',(0.,0.,1.));
#13340=DIRECTION('center_axis',(1.,0.,0.));
#13341=DIRECTION('ref_axis',(0.,0.,-1.));
#13342=DIRECTION('',(0.,2.54379965222543E-60,-1.));
#13343=DIRECTION('',(0.,1.,0.));
#13344=DIRECTION('',(0.,0.,-1.));
#13345=DIRECTION('',(0.,1.,0.));
#13346=DIRECTION('center_axis',(0.692768146901892,0.,-0.72116038066308));
#13347=DIRECTION('ref_axis',(-0.72116038066308,0.,-0.692768146901892));
#13348=DIRECTION('',(-0.72116038066308,6.63852858013683E-54,-0.692768146901892));
#13349=DIRECTION('',(0.,1.,0.));
#13350=DIRECTION('',(-0.72116038066308,0.,-0.692768146901892));
#13351=DIRECTION('center_axis',(-0.839819109864136,0.,-0.54286633963344));
#13352=DIRECTION('ref_axis',(-0.54286633963344,0.,0.839819109864136));
#13353=DIRECTION('',(-0.54286633963344,4.9972673349389E-54,0.839819109864136));
#13354=DIRECTION('',(0.,1.,0.));
#13355=DIRECTION('',(-0.54286633963344,0.,0.839819109864136));
#13356=DIRECTION('center_axis',(0.,0.,-1.));
#13357=DIRECTION('ref_axis',(-1.,0.,0.));
#13358=DIRECTION('',(-1.,9.20534044281464E-54,0.));
#13359=DIRECTION('',(0.,1.,0.));
#13360=DIRECTION('',(-1.,0.,0.));
#13361=DIRECTION('center_axis',(0.831092035454618,0.,0.556134901443796));
#13362=DIRECTION('ref_axis',(0.556134901443796,0.,-0.831092035454618));
#13363=DIRECTION('',(0.556134901443796,-5.11940898578968E-54,-0.831092035454618));
#13364=DIRECTION('',(0.,1.,0.));
#13365=DIRECTION('',(0.556134901443796,0.,-0.831092035454618));
#13366=DIRECTION('center_axis',(0.69642187952009,0.,-0.717632611944096));
#13367=DIRECTION('ref_axis',(-0.717632611944096,0.,-0.69642187952009));
#13368=DIRECTION('',(-0.717632611944096,6.60605427736943E-54,-0.69642187952009));
#13369=DIRECTION('',(0.,1.,0.));
#13370=DIRECTION('',(-0.717632611944096,0.,-0.69642187952009));
#13371=DIRECTION('center_axis',(0.,0.,1.));
#13372=DIRECTION('ref_axis',(1.,0.,0.));
#13373=DIRECTION('',(1.,-9.20534044281464E-54,0.));
#13374=DIRECTION('',(0.,1.,0.));
#13375=DIRECTION('',(1.,0.,0.));
#13376=DIRECTION('center_axis',(-0.712034154063968,0.,0.702144830819404));
#13377=DIRECTION('ref_axis',(0.702144830819404,0.,0.712034154063968));
#13378=DIRECTION('',(0.702144830819404,-6.46348401912734E-54,0.712034154063968));
#13379=DIRECTION('',(0.,1.,0.));
#13380=DIRECTION('',(0.702144830819404,0.,0.712034154063968));
#13381=DIRECTION('center_axis',(1.,0.,0.));
#13382=DIRECTION('ref_axis',(0.,0.,-1.));
#13383=DIRECTION('',(0.,2.54379965222543E-60,-1.));
#13384=DIRECTION('',(0.,1.,0.));
#13385=DIRECTION('',(0.,0.,-1.));
#13386=DIRECTION('center_axis',(0.,0.,1.));
#13387=DIRECTION('ref_axis',(1.,0.,0.));
#13388=DIRECTION('',(1.,-9.20534044281464E-54,0.));
#13389=DIRECTION('',(0.,1.,0.));
#13390=DIRECTION('',(1.,0.,0.));
#13391=DIRECTION('center_axis',(-1.,0.,0.));
#13392=DIRECTION('ref_axis',(0.,0.,1.));
#13393=DIRECTION('',(0.,-2.54379965222543E-60,1.));
#13394=DIRECTION('',(0.,1.,0.));
#13395=DIRECTION('',(0.,0.,1.));
#13396=DIRECTION('center_axis',(0.,0.,-1.));
#13397=DIRECTION('ref_axis',(-1.,0.,0.));
#13398=DIRECTION('',(-1.,9.20534044281464E-54,0.));
#13399=DIRECTION('',(-1.,0.,0.));
#13400=DIRECTION('center_axis',(0.,1.,0.));
#13401=DIRECTION('ref_axis',(0.,0.,1.));
#13402=DIRECTION('center_axis',(1.,0.,0.));
#13403=DIRECTION('ref_axis',(0.,0.,-1.));
#13404=DIRECTION('',(0.,2.54379965222543E-60,-1.));
#13405=DIRECTION('',(0.,1.,0.));
#13406=DIRECTION('',(0.,0.,-1.));
#13407=DIRECTION('',(0.,1.,0.));
#13408=DIRECTION('center_axis',(0.,0.,1.));
#13409=DIRECTION('ref_axis',(1.,0.,0.));
#13410=DIRECTION('',(1.,-9.20534044281464E-54,0.));
#13411=DIRECTION('',(0.,1.,0.));
#13412=DIRECTION('',(1.,0.,0.));
#13413=DIRECTION('center_axis',(1.,0.,0.));
#13414=DIRECTION('ref_axis',(0.,0.,-1.));
#13415=DIRECTION('',(0.,2.54379965222543E-60,-1.));
#13416=DIRECTION('',(0.,1.,0.));
#13417=DIRECTION('',(0.,0.,-1.));
#13418=DIRECTION('center_axis',(0.,0.,1.));
#13419=DIRECTION('ref_axis',(1.,0.,0.));
#13420=DIRECTION('',(1.,-9.20534044281464E-54,0.));
#13421=DIRECTION('',(0.,1.,0.));
#13422=DIRECTION('',(1.,0.,0.));
#13423=DIRECTION('center_axis',(-1.,0.,0.));
#13424=DIRECTION('ref_axis',(0.,0.,1.));
#13425=DIRECTION('',(0.,-2.54379965222543E-60,1.));
#13426=DIRECTION('',(0.,1.,0.));
#13427=DIRECTION('',(0.,0.,1.));
#13428=DIRECTION('center_axis',(0.,0.,-1.));
#13429=DIRECTION('ref_axis',(-1.,0.,0.));
#13430=DIRECTION('',(-1.,9.20534044281464E-54,0.));
#13431=DIRECTION('',(-1.,0.,0.));
#13432=DIRECTION('center_axis',(0.,1.,0.));
#13433=DIRECTION('ref_axis',(0.,0.,1.));
#13434=DIRECTION('center_axis',(-9.20534044281464E-54,-1.,-2.54379965222543E-60));
#13435=DIRECTION('ref_axis',(1.,-9.20534044281464E-54,0.));
#13436=DIRECTION('center_axis',(0.,-1.,0.));
#13437=DIRECTION('ref_axis',(-0.999999999999947,0.,-3.25455144591886E-7));
#13438=DIRECTION('',(1.,0.,5.65739927738034E-14));
#13439=DIRECTION('center_axis',(-1.36763105184161E-39,-1.,1.70092259152559E-48));
#13440=DIRECTION('ref_axis',(4.02098478031328E-8,-5.66931590369151E-47,
-0.999999999999999));
#13441=DIRECTION('',(-4.79300985807748E-14,0.,1.));
#13442=DIRECTION('center_axis',(-1.93304936897839E-52,-1.,-3.38203535640274E-46));
#13443=DIRECTION('ref_axis',(0.999999999999852,-9.55491033304796E-54,-5.43311962179503E-7));
#13444=DIRECTION('',(-1.,6.54268782888113E-33,-1.68375126537683E-16));
#13445=DIRECTION('center_axis',(-2.837087624949E-39,-1.,1.78272088932017E-45));
#13446=DIRECTION('ref_axis',(6.22505950602846E-7,1.66169604073728E-47,0.999999999999806));
#13447=DIRECTION('',(-1.17302675388901E-13,0.,-1.));
#13448=DIRECTION('center_axis',(9.20534044281464E-54,1.,2.54379965222543E-60));
#13449=DIRECTION('ref_axis',(1.,0.,0.));
#13450=DIRECTION('',(-1.,9.20534044281464E-54,-3.38424166704933E-13));
#13451=DIRECTION('center_axis',(9.20534044281464E-54,1.,2.54379965222543E-60));
#13452=DIRECTION('ref_axis',(0.506790981265661,0.,-0.862068965517138));
#13453=DIRECTION('center_axis',(9.20534044281464E-54,1.,2.54379965222543E-60));
#13454=DIRECTION('ref_axis',(0.999847892749486,0.,0.0174410826617254));
#13455=DIRECTION('center_axis',(9.20534044281464E-54,1.,2.54379965222543E-60));
#13456=DIRECTION('ref_axis',(-0.999847892749486,0.,-0.0174410826617333));
#13457=DIRECTION('center_axis',(-9.20534044281464E-54,-1.,-2.54379965222543E-60));
#13458=DIRECTION('ref_axis',(0.999847892749485,0.,0.0174410826617237));
#13459=DIRECTION('center_axis',(9.20534044281464E-54,1.,2.54379965222543E-60));
#13460=DIRECTION('ref_axis',(-1.,0.,3.55271367880045E-14));
#13461=DIRECTION('center_axis',(9.20534044281464E-54,1.,2.54379965222543E-60));
#13462=DIRECTION('ref_axis',(1.,0.,0.));
#13463=DIRECTION('center_axis',(9.20534044281464E-54,1.,2.54379965222543E-60));
#13464=DIRECTION('ref_axis',(1.,0.,0.));
#13465=DIRECTION('center_axis',(9.20534044281464E-54,1.,2.54379965222543E-60));
#13466=DIRECTION('ref_axis',(1.,0.,0.));
#13467=DIRECTION('center_axis',(9.20534044281464E-54,1.,2.54379965222543E-60));
#13468=DIRECTION('ref_axis',(1.,0.,0.));
#13469=DIRECTION('center_axis',(-9.20534044281464E-54,-1.,-2.54379965222543E-60));
#13470=DIRECTION('ref_axis',(1.,-9.20534044281464E-54,0.));
#13471=DIRECTION('center_axis',(0.,1.,0.));
#13472=DIRECTION('ref_axis',(1.,0.,0.));
#13473=DIRECTION('',(0.,1.,0.));
#13474=DIRECTION('center_axis',(-9.20534044281464E-54,-1.,-2.54379965222543E-60));
#13475=DIRECTION('ref_axis',(1.,0.,0.));
#13476=DIRECTION('center_axis',(3.38424166704933E-13,0.,-1.));
#13477=DIRECTION('ref_axis',(-1.,-9.20534044281463E-54,-3.38424166704933E-13));
#13478=DIRECTION('',(0.,1.,0.));
#13479=DIRECTION('',(1.,-9.20534044281464E-54,3.38424166704933E-13));
#13480=DIRECTION('',(0.,1.,0.));
#13481=DIRECTION('center_axis',(0.,1.,0.));
#13482=DIRECTION('ref_axis',(-2.37453734835777E-13,0.,1.));
#13483=DIRECTION('center_axis',(-9.20534044281464E-54,-1.,-2.54379965222543E-60));
#13484=DIRECTION('ref_axis',(0.506790981265661,0.,-0.862068965517138));
#13485=DIRECTION('center_axis',(0.,1.,0.));
#13486=DIRECTION('ref_axis',(-1.,0.,0.));
#13487=DIRECTION('center_axis',(0.,1.,0.));
#13488=DIRECTION('ref_axis',(-1.,0.,0.));
#13489=DIRECTION('',(0.,-1.,0.));
#13490=DIRECTION('center_axis',(-9.20534044281464E-54,-1.,-2.54379965222543E-60));
#13491=DIRECTION('ref_axis',(-1.,0.,0.));
#13492=DIRECTION('center_axis',(0.,1.,0.));
#13493=DIRECTION('ref_axis',(-1.,0.,0.));
#13494=DIRECTION('center_axis',(0.,1.,0.));
#13495=DIRECTION('ref_axis',(0.999847892749486,0.,0.0174410826617254));
#13496=DIRECTION('',(0.,1.,0.));
#13497=DIRECTION('center_axis',(-9.20534044281464E-54,-1.,-2.54379965222543E-60));
#13498=DIRECTION('ref_axis',(0.999847892749486,0.,0.0174410826617254));
#13499=DIRECTION('',(0.,1.,0.));
#13500=DIRECTION('center_axis',(0.,1.,0.));
#13501=DIRECTION('ref_axis',(-1.,0.,3.55271367880045E-14));
#13502=DIRECTION('',(0.,1.,0.));
#13503=DIRECTION('center_axis',(-9.20534044281464E-54,-1.,-2.54379965222543E-60));
#13504=DIRECTION('ref_axis',(-1.,0.,3.55271367880045E-14));
#13505=DIRECTION('center_axis',(0.,1.,0.));
#13506=DIRECTION('ref_axis',(0.999847892749485,0.,0.0174410826617237));
#13507=DIRECTION('',(0.,1.,0.));
#13508=DIRECTION('center_axis',(9.20534044281464E-54,1.,2.54379965222543E-60));
#13509=DIRECTION('ref_axis',(0.999847892749485,0.,0.0174410826617237));
#13510=DIRECTION('center_axis',(0.,1.,0.));
#13511=DIRECTION('ref_axis',(-0.999847892749486,0.,-0.0174410826617333));
#13512=DIRECTION('center_axis',(-9.20534044281464E-54,-1.,-2.54379965222543E-60));
#13513=DIRECTION('ref_axis',(-0.999847892749486,0.,-0.0174410826617333));
#13514=DIRECTION('center_axis',(0.,1.,0.));
#13515=DIRECTION('ref_axis',(1.,0.,0.));
#13516=DIRECTION('',(0.,1.,0.));
#13517=DIRECTION('center_axis',(-9.20534044281464E-54,-1.,-2.54379965222543E-60));
#13518=DIRECTION('ref_axis',(1.,0.,0.));
#13519=DIRECTION('center_axis',(0.,1.,0.));
#13520=DIRECTION('ref_axis',(1.,0.,0.));
#13521=DIRECTION('',(0.,1.,0.));
#13522=DIRECTION('center_axis',(-9.20534044281464E-54,-1.,-2.54379965222543E-60));
#13523=DIRECTION('ref_axis',(1.,0.,0.));
#13524=DIRECTION('center_axis',(0.,1.,0.));
#13525=DIRECTION('ref_axis',(1.,0.,0.));
#13526=DIRECTION('',(0.,1.,0.));
#13527=DIRECTION('center_axis',(-9.20534044281464E-54,-1.,-2.54379965222543E-60));
#13528=DIRECTION('ref_axis',(1.,0.,0.));
#13529=DIRECTION('center_axis',(0.,1.,0.));
#13530=DIRECTION('ref_axis',(1.,0.,0.));
#13531=DIRECTION('',(0.,1.,0.));
#13532=DIRECTION('center_axis',(-9.20534044281464E-54,-1.,-2.54379965222543E-60));
#13533=DIRECTION('ref_axis',(1.,0.,0.));
#13534=DIRECTION('center_axis',(-1.,0.,1.17302675388901E-13));
#13535=DIRECTION('ref_axis',(-1.17302675388901E-13,0.,-1.));
#13536=DIRECTION('',(1.17302675388901E-13,0.,1.));
#13537=DIRECTION('',(0.,-1.,0.));
#13538=DIRECTION('',(0.,-1.,0.));
#13539=DIRECTION('center_axis',(0.,-1.,0.));
#13540=DIRECTION('ref_axis',(6.22505950602846E-7,0.,0.999999999999806));
#13541=DIRECTION('center_axis',(-2.837087624949E-39,-1.,1.78272088932017E-45));
#13542=DIRECTION('ref_axis',(6.22505950602846E-7,1.66169604073728E-47,0.999999999999806));
#13543=DIRECTION('',(0.,-1.,0.));
#13544=DIRECTION('center_axis',(-1.68375126537683E-16,0.,1.));
#13545=DIRECTION('ref_axis',(-1.,6.54268782888113E-33,-1.68375126537683E-16));
#13546=DIRECTION('',(1.,-6.54268782888113E-33,1.68375126537683E-16));
#13547=DIRECTION('',(0.,-1.,0.));
#13548=DIRECTION('center_axis',(0.,-1.,0.));
#13549=DIRECTION('ref_axis',(0.999999999999852,0.,-5.43311962179503E-7));
#13550=DIRECTION('center_axis',(-1.93304936897839E-52,-1.,-3.38203535640274E-46));
#13551=DIRECTION('ref_axis',(0.999999999999852,-9.55491033304796E-54,-5.43311962179503E-7));
#13552=DIRECTION('',(0.,-1.,0.));
#13553=DIRECTION('center_axis',(1.,0.,4.79300985807748E-14));
#13554=DIRECTION('ref_axis',(-4.79300985807748E-14,0.,1.));
#13555=DIRECTION('',(4.79300985807748E-14,0.,-1.));
#13556=DIRECTION('',(0.,-1.,0.));
#13557=DIRECTION('center_axis',(0.,-1.,0.));
#13558=DIRECTION('ref_axis',(4.02098478031328E-8,0.,-0.999999999999999));
#13559=DIRECTION('center_axis',(-1.36763105184161E-39,-1.,1.70092259152559E-48));
#13560=DIRECTION('ref_axis',(4.02098478031328E-8,-5.66931590369151E-47,
-0.999999999999999));
#13561=DIRECTION('',(0.,-1.,0.));
#13562=DIRECTION('center_axis',(5.65739927738034E-14,0.,-1.));
#13563=DIRECTION('ref_axis',(1.,0.,5.65739927738034E-14));
#13564=DIRECTION('',(-1.,0.,-5.65739927738034E-14));
#13565=DIRECTION('',(0.,-1.,0.));
#13566=DIRECTION('center_axis',(0.,-1.,0.));
#13567=DIRECTION('ref_axis',(-0.999999999999947,0.,-3.25455144591886E-7));
#13568=DIRECTION('center_axis',(0.,-1.,0.));
#13569=DIRECTION('ref_axis',(-0.999999999999947,0.,-3.25455144591886E-7));
#13570=DIRECTION('center_axis',(-9.20534044281464E-54,-1.,-2.54379965222543E-60));
#13571=DIRECTION('ref_axis',(1.,-9.20534044281464E-54,0.));
#13572=DIRECTION('center_axis',(-9.20534044281464E-54,-1.,-2.54379965222543E-60));
#13573=DIRECTION('ref_axis',(1.,-9.20534044281464E-54,0.));
#13574=DIRECTION('center_axis',(0.,0.,1.));
#13575=DIRECTION('ref_axis',(0.,1.,0.));
#13576=DIRECTION('',(0.,-1.,0.));
#13577=DIRECTION('',(-1.,0.,0.));
#13578=DIRECTION('',(0.,1.,0.));
#13579=DIRECTION('',(-1.,0.,0.));
#13580=DIRECTION('center_axis',(0.,-1.,0.));
#13581=DIRECTION('ref_axis',(0.,0.,1.));
#13582=DIRECTION('',(0.,0.,-1.));
#13583=DIRECTION('',(-4.79300985807748E-14,0.,1.));
#13584=DIRECTION('',(-1.,0.,0.));
#13585=DIRECTION('center_axis',(0.,0.,-1.));
#13586=DIRECTION('ref_axis',(0.,-1.,0.));
#13587=DIRECTION('',(0.,1.,0.));
#13588=DIRECTION('',(0.,-1.,0.));
#13589=DIRECTION('',(-1.,0.,0.));
#13590=DIRECTION('center_axis',(0.,1.,0.));
#13591=DIRECTION('ref_axis',(0.,0.,-1.));
#13592=DIRECTION('',(0.,0.,1.));
#13593=DIRECTION('',(4.79300985807748E-14,0.,-1.));
#13594=DIRECTION('center_axis',(0.,1.,0.));
#13595=DIRECTION('ref_axis',(1.,0.,0.));
#13596=DIRECTION('center_axis',(7.72569050211983E-24,1.,-1.80411241501598E-16));
#13597=DIRECTION('ref_axis',(1.,0.,0.));
#13598=DIRECTION('',(0.,1.,0.));
#13599=DIRECTION('center_axis',(0.,1.,0.));
#13600=DIRECTION('ref_axis',(1.,0.,0.));
#13601=DIRECTION('center_axis',(0.,-1.,0.));
#13602=DIRECTION('ref_axis',(1.,0.,0.));
#13603=DIRECTION('center_axis',(0.,1.,0.));
#13604=DIRECTION('ref_axis',(1.,0.,0.));
#13605=DIRECTION('center_axis',(7.72569050211983E-24,1.,-1.80411241501598E-16));
#13606=DIRECTION('ref_axis',(1.,0.,0.));
#13607=DIRECTION('',(0.,1.,0.));
#13608=DIRECTION('center_axis',(0.,1.,0.));
#13609=DIRECTION('ref_axis',(1.,0.,0.));
#13610=DIRECTION('center_axis',(0.,-1.,0.));
#13611=DIRECTION('ref_axis',(1.,0.,0.));
#13612=DIRECTION('center_axis',(0.,1.,0.));
#13613=DIRECTION('ref_axis',(1.,0.,0.));
#13614=DIRECTION('center_axis',(7.72569050211983E-24,1.,-1.80411241501598E-16));
#13615=DIRECTION('ref_axis',(1.,0.,0.));
#13616=DIRECTION('',(0.,1.,0.));
#13617=DIRECTION('center_axis',(0.,1.,0.));
#13618=DIRECTION('ref_axis',(1.,0.,0.));
#13619=DIRECTION('center_axis',(0.,-1.,0.));
#13620=DIRECTION('ref_axis',(1.,0.,0.));
#13621=DIRECTION('center_axis',(0.,1.,0.));
#13622=DIRECTION('ref_axis',(1.,0.,0.));
#13623=DIRECTION('center_axis',(7.72569050211983E-24,1.,-1.80411241501598E-16));
#13624=DIRECTION('ref_axis',(1.,0.,0.));
#13625=DIRECTION('',(0.,1.,0.));
#13626=DIRECTION('center_axis',(0.,1.,0.));
#13627=DIRECTION('ref_axis',(1.,0.,0.));
#13628=DIRECTION('center_axis',(0.,-1.,0.));
#13629=DIRECTION('ref_axis',(1.,0.,0.));
#13630=DIRECTION('center_axis',(0.,-1.,0.));
#13631=DIRECTION('ref_axis',(-1.,0.,0.));
#13632=DIRECTION('center_axis',(7.72569050211983E-24,1.,-1.80411241501598E-16));
#13633=DIRECTION('ref_axis',(-1.,0.,0.));
#13634=DIRECTION('',(0.,1.,0.));
#13635=DIRECTION('center_axis',(7.72569050211983E-24,1.,-1.80411241501598E-16));
#13636=DIRECTION('ref_axis',(-1.,0.,0.));
#13637=DIRECTION('center_axis',(-7.72569050211983E-24,-1.,1.80411241501598E-16));
#13638=DIRECTION('ref_axis',(0.,-1.80411241501598E-16,-1.));
#13639=DIRECTION('center_axis',(0.,-1.,2.69144975666705E-16));
#13640=DIRECTION('ref_axis',(-1.,0.,0.));
#13641=DIRECTION('center_axis',(7.72569050211983E-24,1.,-1.80411241501598E-16));
#13642=DIRECTION('ref_axis',(-1.,0.,0.));
#13643=DIRECTION('',(0.,1.,-2.69144975666705E-16));
#13644=DIRECTION('center_axis',(7.72569050211983E-24,1.,-1.80411241501598E-16));
#13645=DIRECTION('ref_axis',(-1.,0.,0.));
#13646=DIRECTION('center_axis',(-7.72569050211983E-24,-1.,1.80411241501598E-16));
#13647=DIRECTION('ref_axis',(0.,-1.80411241501598E-16,-1.));
#13648=DIRECTION('center_axis',(0.,-1.,0.));
#13649=DIRECTION('ref_axis',(-1.,0.,0.));
#13650=DIRECTION('center_axis',(7.72569050211983E-24,1.,-1.80411241501598E-16));
#13651=DIRECTION('ref_axis',(-1.,0.,0.));
#13652=DIRECTION('',(0.,1.,0.));
#13653=DIRECTION('center_axis',(7.72569050211983E-24,1.,-1.80411241501598E-16));
#13654=DIRECTION('ref_axis',(-1.,0.,0.));
#13655=DIRECTION('center_axis',(-7.72569050211983E-24,-1.,1.80411241501598E-16));
#13656=DIRECTION('ref_axis',(0.,-1.80411241501598E-16,-1.));
#13657=DIRECTION('center_axis',(0.,-1.,2.69144975666705E-16));
#13658=DIRECTION('ref_axis',(-1.,0.,0.));
#13659=DIRECTION('center_axis',(7.72569050211983E-24,1.,-1.80411241501598E-16));
#13660=DIRECTION('ref_axis',(-1.,0.,0.));
#13661=DIRECTION('',(0.,1.,-2.69144975666705E-16));
#13662=DIRECTION('center_axis',(7.72569050211983E-24,1.,-1.80411241501598E-16));
#13663=DIRECTION('ref_axis',(-1.,0.,0.));
#13664=DIRECTION('center_axis',(-7.72569050211983E-24,-1.,1.80411241501598E-16));
#13665=DIRECTION('ref_axis',(0.,-1.80411241501598E-16,-1.));
#13666=DIRECTION('center_axis',(3.36750112554771E-16,-2.96059473233375E-16,
-1.));
#13667=DIRECTION('ref_axis',(1.,-1.31542902874113E-18,3.36750112554771E-16));
#13668=DIRECTION('',(-1.,7.72569044136633E-24,-3.36750112554771E-16));
#13669=DIRECTION('',(0.,-1.,2.96059473233375E-16));
#13670=DIRECTION('',(1.,-1.31542902874113E-18,3.36750112554771E-16));
#13671=DIRECTION('',(0.,-1.,2.96059473233375E-16));
#13672=DIRECTION('center_axis',(0.,-1.,2.96059473233375E-16));
#13673=DIRECTION('ref_axis',(-1.,-7.92378983111892E-24,-2.6764182698092E-8));
#13674=DIRECTION('center_axis',(-7.72569050211983E-24,-1.,1.80411241501598E-16));
#13675=DIRECTION('ref_axis',(-1.,-7.92378983111892E-24,-2.6764182698092E-8));
#13676=DIRECTION('center_axis',(6.75997912466224E-24,1.,-1.80411241501587E-16));
#13677=DIRECTION('ref_axis',(-1.,1.93141969632417E-24,-2.6764182698092E-8));
#13678=DIRECTION('',(0.,-1.,2.96059473233375E-16));
#13679=DIRECTION('center_axis',(1.,1.24475093904473E-31,4.20439489893821E-16));
#13680=DIRECTION('ref_axis',(-4.20439489893821E-16,1.77372907541452E-16,
1.));
#13681=DIRECTION('',(4.20439489893821E-16,-1.80411241501598E-16,-1.));
#13682=DIRECTION('',(-4.20439489893821E-16,1.77372907541452E-16,1.));
#13683=DIRECTION('',(0.,-1.,2.96059473233375E-16));
#13684=DIRECTION('center_axis',(0.,-1.,2.96059473233375E-16));
#13685=DIRECTION('ref_axis',(2.6764150131538E-8,-2.96059473233375E-16,-1.));
#13686=DIRECTION('center_axis',(-7.72569050211983E-24,-1.,1.80411241501598E-16));
#13687=DIRECTION('ref_axis',(2.6764150131538E-8,-2.96059473233375E-16,-1.));
#13688=DIRECTION('center_axis',(1.16544798976015E-24,1.,-1.97758481554127E-16));
#13689=DIRECTION('ref_axis',(2.6764150131538E-8,-1.97758481554127E-16,-1.));
#13690=DIRECTION('',(0.,-1.,2.96059473233375E-16));
#13691=DIRECTION('center_axis',(-4.56381631551778E-34,2.96059473233375E-16,
1.));
#13692=DIRECTION('ref_axis',(-1.,-3.94629147992702E-18,7.11955345220772E-34));
#13693=DIRECTION('',(1.,-7.72569050211983E-24,4.56383918815639E-34));
#13694=DIRECTION('',(-1.,-3.94629147992702E-18,7.11955345220772E-34));
#13695=DIRECTION('',(0.,-1.,2.96059473233375E-16));
#13696=DIRECTION('center_axis',(0.,-1.,2.96059473233375E-16));
#13697=DIRECTION('ref_axis',(1.,7.92354002515765E-24,2.67633389285664E-8));
#13698=DIRECTION('center_axis',(-7.72569050211983E-24,-1.,1.80411241501598E-16));
#13699=DIRECTION('ref_axis',(1.,7.92354002515765E-24,2.67633389285664E-8));
#13700=DIRECTION('center_axis',(4.82840720283044E-24,1.,-1.80411241501587E-16));
#13701=DIRECTION('ref_axis',(1.,-6.73460323182986E-39,2.67633389285664E-8));
#13702=DIRECTION('',(0.,-1.,2.96059473233375E-16));
#13703=DIRECTION('center_axis',(-1.,0.,0.));
#13704=DIRECTION('ref_axis',(0.,-1.77372908174356E-16,-1.));
#13705=DIRECTION('',(0.,1.80411241501598E-16,1.));
#13706=DIRECTION('',(0.,-1.77372908174356E-16,-1.));
#13707=DIRECTION('',(0.,-1.,2.96059473233375E-16));
#13708=DIRECTION('center_axis',(0.,-1.,2.96059473233375E-16));
#13709=DIRECTION('ref_axis',(-2.67633463300578E-8,2.96059473233375E-16,
1.));
#13710=DIRECTION('center_axis',(-7.72569050211983E-24,-1.,1.80411241501598E-16));
#13711=DIRECTION('ref_axis',(-2.67633463300578E-8,2.96059473233375E-16,
1.));
#13712=DIRECTION('center_axis',(-3.88470563530311E-25,1.,-1.74628834588735E-16));
#13713=DIRECTION('ref_axis',(-2.67633463300578E-8,1.74628834588735E-16,
1.));
#13714=DIRECTION('center_axis',(7.72569050211983E-24,1.,-1.80411241501598E-16));
#13715=DIRECTION('ref_axis',(-1.,7.72569050211983E-24,-1.39380141494446E-39));
#13716=DIRECTION('center_axis',(-3.3869719594031E-24,-1.,1.75454892738089E-16));
#13717=DIRECTION('ref_axis',(-1.0048187363649E-6,1.75454892738004E-16,0.999999999999495));
#13718=DIRECTION('',(-1.,1.31542957764922E-18,-1.68375126537683E-16));
#13719=DIRECTION('center_axis',(-7.72569050193386E-24,-1.,1.80411241501598E-16));
#13720=DIRECTION('ref_axis',(-0.999999999998261,-3.28774586951857E-22,-1.8651846451087E-6));
#13721=DIRECTION('',(-1.16882235692166E-13,-1.77372906771962E-16,-1.));
#13722=DIRECTION('center_axis',(-1.9393407688732E-23,-1.,1.95280304346945E-16));
#13723=DIRECTION('ref_axis',(-1.64536418616288E-6,-1.95280304346648E-16,
-0.999999999998646));
#13724=DIRECTION('',(1.,3.94628965687634E-18,5.65739927738034E-14));
#13725=DIRECTION('center_axis',(-4.13863472946096E-24,-1.,1.80411241501585E-16));
#13726=DIRECTION('ref_axis',(0.999999999999759,-1.29337775354454E-22,-6.9396529608103E-7));
#13727=DIRECTION('',(-4.79300985807748E-14,1.77372908353045E-16,1.));
#13728=DIRECTION('center_axis',(0.,1.,0.));
#13729=DIRECTION('ref_axis',(-1.,0.,0.));
#13730=DIRECTION('center_axis',(0.,-1.,1.80411241501588E-16));
#13731=DIRECTION('ref_axis',(-1.,0.,0.));
#13732=DIRECTION('',(0.,-1.,0.));
#13733=DIRECTION('center_axis',(0.,-1.,1.80411241501588E-16));
#13734=DIRECTION('ref_axis',(-1.,0.,0.));
#13735=DIRECTION('center_axis',(0.,1.,0.));
#13736=DIRECTION('ref_axis',(-1.,0.,0.));
#13737=DIRECTION('center_axis',(0.,-1.,1.80411241501588E-16));
#13738=DIRECTION('ref_axis',(-1.,0.,0.));
#13739=DIRECTION('',(0.,-1.,0.));
#13740=DIRECTION('center_axis',(0.,-1.,1.80411241501588E-16));
#13741=DIRECTION('ref_axis',(-1.,0.,0.));
#13742=DIRECTION('center_axis',(0.,1.,0.));
#13743=DIRECTION('ref_axis',(-1.,0.,0.));
#13744=DIRECTION('center_axis',(0.,-1.,1.80411241501588E-16));
#13745=DIRECTION('ref_axis',(-1.,0.,0.));
#13746=DIRECTION('',(0.,-1.,0.));
#13747=DIRECTION('center_axis',(0.,-1.,1.80411241501588E-16));
#13748=DIRECTION('ref_axis',(-1.,0.,0.));
#13749=DIRECTION('center_axis',(0.,1.,0.));
#13750=DIRECTION('ref_axis',(-1.,0.,0.));
#13751=DIRECTION('center_axis',(0.,-1.,1.80411241501588E-16));
#13752=DIRECTION('ref_axis',(-1.,0.,0.));
#13753=DIRECTION('',(0.,-1.,0.));
#13754=DIRECTION('center_axis',(0.,-1.,1.80411241501588E-16));
#13755=DIRECTION('ref_axis',(-1.,0.,0.));
#13756=DIRECTION('center_axis',(0.,1.,0.));
#13757=DIRECTION('ref_axis',(-1.,0.,0.));
#13758=DIRECTION('center_axis',(0.,-1.,1.80411241501588E-16));
#13759=DIRECTION('ref_axis',(-1.,0.,0.));
#13760=DIRECTION('',(0.,-1.,0.));
#13761=DIRECTION('center_axis',(0.,-1.,1.80411241501588E-16));
#13762=DIRECTION('ref_axis',(-1.,0.,0.));
#13763=DIRECTION('center_axis',(0.,1.,0.));
#13764=DIRECTION('ref_axis',(-1.,0.,0.));
#13765=DIRECTION('center_axis',(0.,-1.,1.80411241501588E-16));
#13766=DIRECTION('ref_axis',(-1.,0.,0.));
#13767=DIRECTION('',(0.,-1.,0.));
#13768=DIRECTION('center_axis',(0.,-1.,1.80411241501588E-16));
#13769=DIRECTION('ref_axis',(-1.,0.,0.));
#13770=DIRECTION('center_axis',(0.,1.,0.));
#13771=DIRECTION('ref_axis',(-1.,0.,0.));
#13772=DIRECTION('center_axis',(0.,-1.,1.80411241501588E-16));
#13773=DIRECTION('ref_axis',(-1.,0.,0.));
#13774=DIRECTION('',(0.,-1.,0.));
#13775=DIRECTION('center_axis',(0.,-1.,1.80411241501588E-16));
#13776=DIRECTION('ref_axis',(-1.,0.,0.));
#13777=DIRECTION('center_axis',(0.,1.,0.));
#13778=DIRECTION('ref_axis',(-1.,0.,0.));
#13779=DIRECTION('center_axis',(0.,-1.,1.80411241501588E-16));
#13780=DIRECTION('ref_axis',(-1.,0.,0.));
#13781=DIRECTION('',(0.,-1.,0.));
#13782=DIRECTION('center_axis',(0.,-1.,1.80411241501588E-16));
#13783=DIRECTION('ref_axis',(-1.,0.,0.));
#13784=DIRECTION('center_axis',(0.,1.,0.));
#13785=DIRECTION('ref_axis',(-1.,0.,0.));
#13786=DIRECTION('center_axis',(0.,-1.,1.80411241501588E-16));
#13787=DIRECTION('ref_axis',(-1.,0.,0.));
#13788=DIRECTION('',(0.,-1.,0.));
#13789=DIRECTION('center_axis',(0.,-1.,1.80411241501588E-16));
#13790=DIRECTION('ref_axis',(-1.,0.,0.));
#13791=DIRECTION('center_axis',(0.,1.,0.));
#13792=DIRECTION('ref_axis',(-1.,0.,0.));
#13793=DIRECTION('center_axis',(0.,-1.,1.80411241501588E-16));
#13794=DIRECTION('ref_axis',(-1.,0.,0.));
#13795=DIRECTION('',(0.,-1.,0.));
#13796=DIRECTION('center_axis',(0.,-1.,1.80411241501588E-16));
#13797=DIRECTION('ref_axis',(-1.,0.,0.));
#13798=DIRECTION('center_axis',(0.,1.,0.));
#13799=DIRECTION('ref_axis',(-1.,0.,0.));
#13800=DIRECTION('center_axis',(0.,-1.,1.80411241501588E-16));
#13801=DIRECTION('ref_axis',(-1.,0.,0.));
#13802=DIRECTION('',(0.,-1.,0.));
#13803=DIRECTION('center_axis',(0.,-1.,1.80411241501588E-16));
#13804=DIRECTION('ref_axis',(-1.,0.,0.));
#13805=DIRECTION('center_axis',(0.,1.,0.));
#13806=DIRECTION('ref_axis',(-1.,0.,0.));
#13807=DIRECTION('center_axis',(0.,-1.,1.80411241501588E-16));
#13808=DIRECTION('ref_axis',(-1.,0.,0.));
#13809=DIRECTION('',(0.,-1.,0.));
#13810=DIRECTION('center_axis',(0.,-1.,1.80411241501588E-16));
#13811=DIRECTION('ref_axis',(-1.,0.,0.));
#13812=DIRECTION('center_axis',(0.,1.,0.));
#13813=DIRECTION('ref_axis',(-1.,0.,0.));
#13814=DIRECTION('center_axis',(0.,-1.,1.80411241501588E-16));
#13815=DIRECTION('ref_axis',(-1.,0.,0.));
#13816=DIRECTION('',(0.,-1.,0.));
#13817=DIRECTION('center_axis',(0.,-1.,1.80411241501588E-16));
#13818=DIRECTION('ref_axis',(-1.,0.,0.));
#13819=DIRECTION('center_axis',(0.,1.,0.));
#13820=DIRECTION('ref_axis',(-1.,0.,0.));
#13821=DIRECTION('center_axis',(0.,-1.,1.80411241501588E-16));
#13822=DIRECTION('ref_axis',(-1.,0.,0.));
#13823=DIRECTION('',(0.,-1.,0.));
#13824=DIRECTION('center_axis',(0.,-1.,1.80411241501588E-16));
#13825=DIRECTION('ref_axis',(-1.,0.,0.));
#13826=DIRECTION('center_axis',(0.,1.,0.));
#13827=DIRECTION('ref_axis',(-1.,0.,0.));
#13828=DIRECTION('center_axis',(0.,-1.,1.80411241501588E-16));
#13829=DIRECTION('ref_axis',(-1.,0.,0.));
#13830=DIRECTION('',(0.,-1.,0.));
#13831=DIRECTION('center_axis',(0.,-1.,1.80411241501588E-16));
#13832=DIRECTION('ref_axis',(-1.,0.,0.));
#13833=DIRECTION('center_axis',(0.,1.,0.));
#13834=DIRECTION('ref_axis',(-1.,0.,0.));
#13835=DIRECTION('center_axis',(0.,-1.,1.80411241501588E-16));
#13836=DIRECTION('ref_axis',(-1.,0.,0.));
#13837=DIRECTION('',(0.,-1.,0.));
#13838=DIRECTION('center_axis',(0.,-1.,1.80411241501588E-16));
#13839=DIRECTION('ref_axis',(-1.,0.,0.));
#13840=DIRECTION('center_axis',(-1.68375126537683E-16,0.,1.));
#13841=DIRECTION('ref_axis',(1.,-1.31542957764922E-18,1.68375126537683E-16));
#13842=DIRECTION('',(0.,-1.,2.96059473233375E-16));
#13843=DIRECTION('',(1.,-1.31542957764922E-18,1.68375126537683E-16));
#13844=DIRECTION('',(0.,1.,0.));
#13845=DIRECTION('center_axis',(0.,1.,0.));
#13846=DIRECTION('ref_axis',(-0.999999999998261,0.,-1.8651846451087E-6));
#13847=DIRECTION('center_axis',(7.72569050193386E-24,1.,-1.80411241501598E-16));
#13848=DIRECTION('ref_axis',(-0.999999999998261,-3.28774586951857E-22,-1.8651846451087E-6));
#13849=DIRECTION('',(0.,1.,0.));
#13850=DIRECTION('center_axis',(-1.,0.,1.16882235692166E-13));
#13851=DIRECTION('ref_axis',(1.16882235692166E-13,1.77372906771962E-16,
1.));
#13852=DIRECTION('',(1.16882235692166E-13,1.77372906771962E-16,1.));
#13853=DIRECTION('',(0.,1.,0.));
#13854=DIRECTION('center_axis',(0.,1.,0.));
#13855=DIRECTION('ref_axis',(-1.64536418616288E-6,0.,-0.999999999998646));
#13856=DIRECTION('center_axis',(1.9393407688732E-23,1.,-1.95280304346945E-16));
#13857=DIRECTION('ref_axis',(-1.64536418616288E-6,-1.95280304346648E-16,
-0.999999999998646));
#13858=DIRECTION('',(0.,1.,0.));
#13859=DIRECTION('center_axis',(5.65739927738034E-14,0.,-1.));
#13860=DIRECTION('ref_axis',(-1.,-3.94628965687634E-18,-5.65739927738034E-14));
#13861=DIRECTION('',(-1.,-3.94628965687634E-18,-5.65739927738034E-14));
#13862=DIRECTION('',(0.,1.,0.));
#13863=DIRECTION('center_axis',(0.,1.,0.));
#13864=DIRECTION('ref_axis',(0.999999999999759,0.,-6.9396529608103E-7));
#13865=DIRECTION('center_axis',(4.13863472946096E-24,1.,-1.80411241501585E-16));
#13866=DIRECTION('ref_axis',(0.999999999999759,-1.29337775354454E-22,-6.9396529608103E-7));
#13867=DIRECTION('',(0.,1.,0.));
#13868=DIRECTION('center_axis',(1.,0.,4.79300985807748E-14));
#13869=DIRECTION('ref_axis',(4.79300985807748E-14,-1.77372908353045E-16,
-1.));
#13870=DIRECTION('',(4.79300985807748E-14,-1.77372908353045E-16,-1.));
#13871=DIRECTION('',(0.,1.,0.));
#13872=DIRECTION('center_axis',(0.,1.,0.));
#13873=DIRECTION('ref_axis',(-1.0048187363649E-6,0.,0.999999999999495));
#13874=DIRECTION('center_axis',(3.3869719594031E-24,1.,-1.75454892738089E-16));
#13875=DIRECTION('ref_axis',(-1.0048187363649E-6,1.75454892738004E-16,0.999999999999495));
#13876=DIRECTION('center_axis',(7.72569050211983E-24,1.,-1.80411241501598E-16));
#13877=DIRECTION('ref_axis',(-1.,7.72569050211983E-24,-1.39380141494446E-39));
#13878=DIRECTION('center_axis',(7.72569050211983E-24,1.,-1.80411241501598E-16));
#13879=DIRECTION('ref_axis',(-1.,7.72569050211983E-24,-1.39380141494446E-39));
#13880=DIRECTION('',(0.,0.,1.));
#13881=DIRECTION('',(1.,0.,0.));
#13882=DIRECTION('',(0.,-1.,1.80411241501588E-16));
#13883=DIRECTION('',(1.,0.,0.));
#13884=DIRECTION('',(0.,0.,1.));
#13885=DIRECTION('',(1.,0.,0.));
#13886=CARTESIAN_POINT('',(0.,0.,0.));
#13887=CARTESIAN_POINT('',(0.,0.,0.));
#13888=CARTESIAN_POINT('',(0.,0.,0.));
#13889=CARTESIAN_POINT('Origin',(-1.,-0.625,0.));
#13890=CARTESIAN_POINT('',(-1.,-0.625,0.04));
#13891=CARTESIAN_POINT('',(-1.,-0.625,1.21));
#13892=CARTESIAN_POINT('',(-1.,-0.625,0.));
#13893=CARTESIAN_POINT('',(-1.,-0.585,1.25));
#13894=CARTESIAN_POINT('Origin',(-1.,-0.585,1.21));
#13895=CARTESIAN_POINT('',(-1.,0.585,1.25));
#13896=CARTESIAN_POINT('',(-1.,-0.625,1.25));
#13897=CARTESIAN_POINT('',(-1.,0.625,1.21));
#13898=CARTESIAN_POINT('Origin',(-1.,0.585,1.21));
#13899=CARTESIAN_POINT('',(-1.,0.625,0.04));
#13900=CARTESIAN_POINT('',(-1.,0.625,0.));
#13901=CARTESIAN_POINT('',(-1.,0.585,0.));
#13902=CARTESIAN_POINT('Origin',(-1.,0.585,0.04));
#13903=CARTESIAN_POINT('',(-1.,-0.585,0.));
#13904=CARTESIAN_POINT('',(-1.,-0.625,0.));
#13905=CARTESIAN_POINT('Origin',(-1.,-0.585,0.04));
#13906=CARTESIAN_POINT('Origin',(-1.,-0.625,0.));
#13907=CARTESIAN_POINT('',(-0.6,-0.625,0.04));
#13908=CARTESIAN_POINT('',(-0.6,-0.625,1.21));
#13909=CARTESIAN_POINT('',(-0.6,-0.625,0.));
#13910=CARTESIAN_POINT('',(-1.,-0.625,1.21));
#13911=CARTESIAN_POINT('',(-1.,-0.625,0.04));
#13912=CARTESIAN_POINT('Origin',(-1.,-0.585,0.04));
#13913=CARTESIAN_POINT('',(-0.6,-0.585,0.));
#13914=CARTESIAN_POINT('',(-1.,-0.585,0.));
#13915=CARTESIAN_POINT('Origin',(-0.6,-0.585,0.04));
#13916=CARTESIAN_POINT('Origin',(-1.,-0.585,1.21));
#13917=CARTESIAN_POINT('',(-0.6,-0.585,1.25));
#13918=CARTESIAN_POINT('Origin',(-0.6,-0.585,1.21));
#13919=CARTESIAN_POINT('',(-1.,-0.585,1.25));
#13920=CARTESIAN_POINT('Origin',(-1.,-0.625,0.));
#13921=CARTESIAN_POINT('',(-0.6,0.585,0.));
#13922=CARTESIAN_POINT('',(-1.,0.585,0.));
#13923=CARTESIAN_POINT('',(-0.6,-0.625,0.));
#13924=CARTESIAN_POINT('Origin',(-1.,-0.625,1.25));
#13925=CARTESIAN_POINT('',(-0.6,0.585,1.25));
#13926=CARTESIAN_POINT('',(-0.6,-0.625,1.25));
#13927=CARTESIAN_POINT('',(-1.,0.585,1.25));
#13928=CARTESIAN_POINT('Origin',(-1.,0.585,0.04));
#13929=CARTESIAN_POINT('',(-0.6,0.625,0.04));
#13930=CARTESIAN_POINT('',(-1.,0.625,0.04));
#13931=CARTESIAN_POINT('Origin',(-0.6,0.585,0.04));
#13932=CARTESIAN_POINT('Origin',(-1.,0.585,1.21));
#13933=CARTESIAN_POINT('',(-0.6,0.625,1.21));
#13934=CARTESIAN_POINT('Origin',(-0.6,0.585,1.21));
#13935=CARTESIAN_POINT('',(-1.,0.625,1.21));
#13936=CARTESIAN_POINT('Origin',(-1.,0.625,0.));
#13937=CARTESIAN_POINT('',(-0.6,0.625,0.));
#13938=CARTESIAN_POINT('Origin',(-0.6,-0.625,0.));
#13939=CARTESIAN_POINT('',(-0.6,-0.585,0.08));
#13940=CARTESIAN_POINT('',(-0.6,-0.545,0.04));
#13941=CARTESIAN_POINT('Origin',(-0.6,-0.545,0.08));
#13942=CARTESIAN_POINT('',(-0.6,-0.585,1.17));
#13943=CARTESIAN_POINT('',(-0.6,-0.585,0.04));
#13944=CARTESIAN_POINT('',(-0.6,-0.545,1.21));
#13945=CARTESIAN_POINT('Origin',(-0.6,-0.545,1.17));
#13946=CARTESIAN_POINT('',(-0.6,0.545,1.21));
#13947=CARTESIAN_POINT('',(-0.6,-0.585,1.21));
#13948=CARTESIAN_POINT('',(-0.6,0.585,1.17));
#13949=CARTESIAN_POINT('Origin',(-0.6,0.545,1.17));
#13950=CARTESIAN_POINT('',(-0.6,0.585,0.08));
#13951=CARTESIAN_POINT('',(-0.6,0.585,0.04));
#13952=CARTESIAN_POINT('',(-0.6,0.545,0.04));
#13953=CARTESIAN_POINT('Origin',(-0.6,0.545,0.08));
#13954=CARTESIAN_POINT('',(-0.6,-0.585,0.04));
#13955=CARTESIAN_POINT('Origin',(-0.6,-0.545,0.08));
#13956=CARTESIAN_POINT('',(0.6,-0.545,0.04));
#13957=CARTESIAN_POINT('',(-0.6,-0.545,0.04));
#13958=CARTESIAN_POINT('',(0.6,-0.585,0.08));
#13959=CARTESIAN_POINT('Origin',(0.6,-0.545,0.08));
#13960=CARTESIAN_POINT('',(-0.6,-0.585,0.08));
#13961=CARTESIAN_POINT('Origin',(-0.6,-0.585,0.04));
#13962=CARTESIAN_POINT('',(0.6,0.545,0.04));
#13963=CARTESIAN_POINT('',(-0.6,0.545,0.04));
#13964=CARTESIAN_POINT('',(0.6,-0.585,0.04));
#13965=CARTESIAN_POINT('Origin',(-0.6,0.545,0.08));
#13966=CARTESIAN_POINT('',(0.6,0.585,0.08));
#13967=CARTESIAN_POINT('',(-0.6,0.585,0.08));
#13968=CARTESIAN_POINT('Origin',(0.6,0.545,0.08));
#13969=CARTESIAN_POINT('Origin',(-0.6,0.585,0.04));
#13970=CARTESIAN_POINT('',(0.6,0.585,1.17));
#13971=CARTESIAN_POINT('',(0.6,0.585,0.04));
#13972=CARTESIAN_POINT('',(-0.6,0.585,1.17));
#13973=CARTESIAN_POINT('Origin',(-0.6,0.545,1.17));
#13974=CARTESIAN_POINT('',(0.6,0.545,1.21));
#13975=CARTESIAN_POINT('',(-0.6,0.545,1.21));
#13976=CARTESIAN_POINT('Origin',(0.6,0.545,1.17));
#13977=CARTESIAN_POINT('Origin',(-0.6,-0.585,1.21));
#13978=CARTESIAN_POINT('',(0.6,-0.545,1.21));
#13979=CARTESIAN_POINT('',(-0.6,-0.545,1.21));
#13980=CARTESIAN_POINT('',(0.6,-0.585,1.21));
#13981=CARTESIAN_POINT('Origin',(-0.6,-0.545,1.17));
#13982=CARTESIAN_POINT('',(0.6,-0.585,1.17));
#13983=CARTESIAN_POINT('',(-0.6,-0.585,1.17));
#13984=CARTESIAN_POINT('Origin',(0.6,-0.545,1.17));
#13985=CARTESIAN_POINT('Origin',(-0.6,-0.585,0.04));
#13986=CARTESIAN_POINT('',(0.6,-0.585,0.04));
#13987=CARTESIAN_POINT('Origin',(0.6,-0.625,0.));
#13988=CARTESIAN_POINT('',(0.6,-0.625,0.04));
#13989=CARTESIAN_POINT('',(0.6,-0.625,1.21));
#13990=CARTESIAN_POINT('',(0.6,-0.625,0.));
#13991=CARTESIAN_POINT('',(0.6,-0.585,1.25));
#13992=CARTESIAN_POINT('Origin',(0.6,-0.585,1.21));
#13993=CARTESIAN_POINT('',(0.6,0.585,1.25));
#13994=CARTESIAN_POINT('',(0.6,-0.625,1.25));
#13995=CARTESIAN_POINT('',(0.6,0.625,1.21));
#13996=CARTESIAN_POINT('Origin',(0.6,0.585,1.21));
#13997=CARTESIAN_POINT('',(0.6,0.625,0.04));
#13998=CARTESIAN_POINT('',(0.6,0.625,0.));
#13999=CARTESIAN_POINT('',(0.6,0.585,0.));
#14000=CARTESIAN_POINT('Origin',(0.6,0.585,0.04));
#14001=CARTESIAN_POINT('',(0.6,-0.585,0.));
#14002=CARTESIAN_POINT('',(0.6,-0.625,0.));
#14003=CARTESIAN_POINT('Origin',(0.6,-0.585,0.04));
#14004=CARTESIAN_POINT('Origin',(0.6,-0.625,0.));
#14005=CARTESIAN_POINT('',(1.,-0.625,0.04));
#14006=CARTESIAN_POINT('',(1.,-0.625,1.21));
#14007=CARTESIAN_POINT('',(1.,-0.625,0.));
#14008=CARTESIAN_POINT('',(0.6,-0.625,1.21));
#14009=CARTESIAN_POINT('',(0.6,-0.625,0.04));
#14010=CARTESIAN_POINT('Origin',(0.6,-0.585,0.04));
#14011=CARTESIAN_POINT('',(1.,-0.585,0.));
#14012=CARTESIAN_POINT('',(0.6,-0.585,0.));
#14013=CARTESIAN_POINT('Origin',(1.,-0.585,0.04));
#14014=CARTESIAN_POINT('Origin',(0.6,-0.585,1.21));
#14015=CARTESIAN_POINT('',(1.,-0.585,1.25));
#14016=CARTESIAN_POINT('Origin',(1.,-0.585,1.21));
#14017=CARTESIAN_POINT('',(0.6,-0.585,1.25));
#14018=CARTESIAN_POINT('Origin',(0.6,-0.625,0.));
#14019=CARTESIAN_POINT('',(1.,0.585,0.));
#14020=CARTESIAN_POINT('',(0.6,0.585,0.));
#14021=CARTESIAN_POINT('',(1.,-0.625,0.));
#14022=CARTESIAN_POINT('Origin',(0.6,-0.625,1.25));
#14023=CARTESIAN_POINT('',(1.,0.585,1.25));
#14024=CARTESIAN_POINT('',(1.,-0.625,1.25));
#14025=CARTESIAN_POINT('',(0.6,0.585,1.25));
#14026=CARTESIAN_POINT('Origin',(0.6,0.585,0.04));
#14027=CARTESIAN_POINT('',(1.,0.625,0.04));
#14028=CARTESIAN_POINT('',(0.6,0.625,0.04));
#14029=CARTESIAN_POINT('Origin',(1.,0.585,0.04));
#14030=CARTESIAN_POINT('Origin',(0.6,0.585,1.21));
#14031=CARTESIAN_POINT('',(1.,0.625,1.21));
#14032=CARTESIAN_POINT('Origin',(1.,0.585,1.21));
#14033=CARTESIAN_POINT('',(0.6,0.625,1.21));
#14034=CARTESIAN_POINT('Origin',(0.6,0.625,0.));
#14035=CARTESIAN_POINT('',(1.,0.625,0.));
#14036=CARTESIAN_POINT('Origin',(1.,-0.625,0.));
#14037=CARTESIAN_POINT('',(0.,0.,0.));
#14038=CARTESIAN_POINT('Origin',(3.95,-4.65,2.5));
#14039=CARTESIAN_POINT('',(3.95,-4.65,2.5));
#14040=CARTESIAN_POINT('',(3.95,-6.25,2.5));
#14041=CARTESIAN_POINT('',(3.95,-4.65,2.5));
#14042=CARTESIAN_POINT('',(3.45,-4.65,2.5));
#14043=CARTESIAN_POINT('',(3.95,-4.65,2.5));
#14044=CARTESIAN_POINT('',(3.45,-6.25,2.5));
#14045=CARTESIAN_POINT('',(3.45,-5.45,2.5));
#14046=CARTESIAN_POINT('',(3.95,-6.25,2.5));
#14047=CARTESIAN_POINT('Origin',(3.95,-2.909897467985,2.368621550033));
#14048=CARTESIAN_POINT('',(3.95,-6.25,0.));
#14049=CARTESIAN_POINT('',(3.95,-6.25,0.3));
#14050=CARTESIAN_POINT('',(3.95,1.35,0.));
#14051=CARTESIAN_POINT('',(3.95,1.35,0.));
#14052=CARTESIAN_POINT('',(3.95,1.35,3.2));
#14053=CARTESIAN_POINT('',(3.95,1.35,3.2));
#14054=CARTESIAN_POINT('',(3.95,-0.25,4.1));
#14055=CARTESIAN_POINT('',(3.95,-0.25,4.1));
#14056=CARTESIAN_POINT('',(3.95,-0.25,4.8));
#14057=CARTESIAN_POINT('',(3.95,-0.25,0.3));
#14058=CARTESIAN_POINT('',(3.95,-6.25,4.8));
#14059=CARTESIAN_POINT('',(3.95,-0.25,4.8));
#14060=CARTESIAN_POINT('',(3.95,-6.25,3.3));
#14061=CARTESIAN_POINT('',(3.95,-6.25,0.3));
#14062=CARTESIAN_POINT('',(3.95,-4.65,3.3));
#14063=CARTESIAN_POINT('',(3.95,-6.25,3.3));
#14064=CARTESIAN_POINT('Origin',(3.95,-4.65,2.9));
#14065=CARTESIAN_POINT('Origin',(1.,-6.25,0.939423076923));
#14066=CARTESIAN_POINT('',(-0.95,-6.25,0.3));
#14067=CARTESIAN_POINT('',(2.95,-6.25,0.3));
#14068=CARTESIAN_POINT('',(-1.95,-6.25,0.3));
#14069=CARTESIAN_POINT('',(2.95,-6.25,0.));
#14070=CARTESIAN_POINT('',(2.95,-6.25,0.));
#14071=CARTESIAN_POINT('',(3.95,-6.25,0.));
#14072=CARTESIAN_POINT('',(3.45,-6.25,0.8));
#14073=CARTESIAN_POINT('',(3.45,-6.25,0.8));
#14074=CARTESIAN_POINT('',(-1.45,-6.25,0.8));
#14075=CARTESIAN_POINT('',(-1.45,-6.25,0.8));
#14076=CARTESIAN_POINT('',(-1.45,-6.25,2.5));
#14077=CARTESIAN_POINT('',(-1.45,-6.25,4.2));
#14078=CARTESIAN_POINT('',(-1.95,-6.25,2.5));
#14079=CARTESIAN_POINT('',(3.95,-6.25,2.5));
#14080=CARTESIAN_POINT('',(-1.95,-6.25,0.));
#14081=CARTESIAN_POINT('',(-1.95,-6.25,4.8));
#14082=CARTESIAN_POINT('',(-0.95,-6.25,0.));
#14083=CARTESIAN_POINT('',(-0.95,-6.25,0.));
#14084=CARTESIAN_POINT('',(-0.95,-6.25,0.));
#14085=CARTESIAN_POINT('Origin',(3.45,-6.25,0.8));
#14086=CARTESIAN_POINT('',(3.45,-4.65,3.3));
#14087=CARTESIAN_POINT('Origin',(3.45,-4.65,2.9));
#14088=CARTESIAN_POINT('',(3.45,-6.25,3.3));
#14089=CARTESIAN_POINT('',(3.45,-6.25,3.3));
#14090=CARTESIAN_POINT('',(3.45,-6.25,4.2));
#14091=CARTESIAN_POINT('',(3.45,-6.25,0.8));
#14092=CARTESIAN_POINT('',(3.45,-2.05,4.2));
#14093=CARTESIAN_POINT('',(3.45,-6.25,4.2));
#14094=CARTESIAN_POINT('',(3.45,-2.05,0.8));
#14095=CARTESIAN_POINT('',(3.45,-2.05,0.8));
#14096=CARTESIAN_POINT('',(3.45,-6.25,0.8));
#14097=CARTESIAN_POINT('Origin',(3.95,-4.65,2.9));
#14098=CARTESIAN_POINT('',(3.95,-4.65,3.3));
#14099=CARTESIAN_POINT('Origin',(3.95,1.35,0.));
#14100=CARTESIAN_POINT('',(2.95,1.35,0.));
#14101=CARTESIAN_POINT('',(3.95,1.35,0.));
#14102=CARTESIAN_POINT('',(2.95,1.35,0.));
#14103=CARTESIAN_POINT('Origin',(3.95,1.35,3.2));
#14104=CARTESIAN_POINT('',(2.95,1.35,3.2));
#14105=CARTESIAN_POINT('',(3.95,1.35,3.2));
#14106=CARTESIAN_POINT('',(2.95,1.35,3.2));
#14107=CARTESIAN_POINT('Origin',(3.95,-0.25,4.1));
#14108=CARTESIAN_POINT('',(2.95,-0.25,4.1));
#14109=CARTESIAN_POINT('',(3.95,-0.25,4.1));
#14110=CARTESIAN_POINT('',(2.95,-0.25,4.1));
#14111=CARTESIAN_POINT('Origin',(1.,-0.25,2.55));
#14112=CARTESIAN_POINT('',(2.75,-0.25,0.3));
#14113=CARTESIAN_POINT('',(2.75,-0.25,4.2));
#14114=CARTESIAN_POINT('',(2.75,-0.25,0.3));
#14115=CARTESIAN_POINT('',(3.4,-0.25,4.2));
#14116=CARTESIAN_POINT('',(3.4,-0.25,4.2));
#14117=CARTESIAN_POINT('',(3.4,-0.25,4.8));
#14118=CARTESIAN_POINT('',(3.4,-0.25,4.8));
#14119=CARTESIAN_POINT('',(3.95,-0.25,4.8));
#14120=CARTESIAN_POINT('',(2.95,-0.25,0.3));
#14121=CARTESIAN_POINT('',(2.95,-0.25,0.3));
#14122=CARTESIAN_POINT('',(-1.95,-0.25,0.3));
#14123=CARTESIAN_POINT('Origin',(3.95,-0.25,4.8));
#14124=CARTESIAN_POINT('',(3.4,-4.45,4.8));
#14125=CARTESIAN_POINT('',(3.4,-4.45,4.8));
#14126=CARTESIAN_POINT('',(2.4,-4.45,4.8));
#14127=CARTESIAN_POINT('',(2.4,-4.45,4.8));
#14128=CARTESIAN_POINT('',(2.4,-0.45,4.8));
#14129=CARTESIAN_POINT('',(2.4,-0.25,4.8));
#14130=CARTESIAN_POINT('',(1.25,-0.45,4.8));
#14131=CARTESIAN_POINT('',(2.75,-0.45,4.8));
#14132=CARTESIAN_POINT('',(1.25,-0.25,4.8));
#14133=CARTESIAN_POINT('',(1.25,-0.25,4.8));
#14134=CARTESIAN_POINT('',(0.75,-0.25,4.8));
#14135=CARTESIAN_POINT('',(3.95,-0.25,4.8));
#14136=CARTESIAN_POINT('',(0.75,-0.45,4.8));
#14137=CARTESIAN_POINT('',(0.75,-0.25,4.8));
#14138=CARTESIAN_POINT('',(-0.4,-0.45,4.8));
#14139=CARTESIAN_POINT('',(0.75,-0.45,4.8));
#14140=CARTESIAN_POINT('',(-0.4,-4.45,4.8));
#14141=CARTESIAN_POINT('',(-0.4,-0.25,4.8));
#14142=CARTESIAN_POINT('',(-0.45,-4.45,4.8));
#14143=CARTESIAN_POINT('',(-0.4,-4.45,4.8));
#14144=CARTESIAN_POINT('',(-0.45,-6.25,4.8));
#14145=CARTESIAN_POINT('',(-0.45,-4.45,4.8));
#14146=CARTESIAN_POINT('',(0.55,-6.25,4.8));
#14147=CARTESIAN_POINT('',(3.95,-6.25,4.8));
#14148=CARTESIAN_POINT('',(0.55,-2.35,4.8));
#14149=CARTESIAN_POINT('',(0.55,-2.35,4.8));
#14150=CARTESIAN_POINT('',(1.45,-2.35,4.8));
#14151=CARTESIAN_POINT('',(1.45,-2.35,4.8));
#14152=CARTESIAN_POINT('',(1.45,-6.25,4.8));
#14153=CARTESIAN_POINT('',(1.45,-6.25,4.8));
#14154=CARTESIAN_POINT('',(3.95,-6.25,4.8));
#14155=CARTESIAN_POINT('Origin',(1.,-6.25,2.55));
#14156=CARTESIAN_POINT('',(3.95,-6.25,3.3));
#14157=CARTESIAN_POINT('',(1.45,-6.25,4.2));
#14158=CARTESIAN_POINT('',(1.45,-6.25,4.8));
#14159=CARTESIAN_POINT('',(3.45,-6.25,4.2));
#14160=CARTESIAN_POINT('Origin',(3.95,-6.25,3.3));
#14161=CARTESIAN_POINT('Origin',(-1.95,-0.25,0.3));
#14162=CARTESIAN_POINT('',(-0.95,-0.25,0.3));
#14163=CARTESIAN_POINT('',(-0.75,-0.25,0.3));
#14164=CARTESIAN_POINT('',(-1.95,-0.25,0.3));
#14165=CARTESIAN_POINT('',(-0.75,-0.45,0.3));
#14166=CARTESIAN_POINT('',(-0.75,-0.45,0.3));
#14167=CARTESIAN_POINT('',(0.75,-0.45,0.3));
#14168=CARTESIAN_POINT('',(0.75,-0.45,0.3));
#14169=CARTESIAN_POINT('',(0.75,-0.25,0.3));
#14170=CARTESIAN_POINT('',(0.75,-0.45,0.3));
#14171=CARTESIAN_POINT('',(1.25,-0.25,0.3));
#14172=CARTESIAN_POINT('',(-1.95,-0.25,0.3));
#14173=CARTESIAN_POINT('',(1.25,-0.45,0.3));
#14174=CARTESIAN_POINT('',(1.25,-0.45,0.3));
#14175=CARTESIAN_POINT('',(2.75,-0.45,0.3));
#14176=CARTESIAN_POINT('',(2.75,-0.45,0.3));
#14177=CARTESIAN_POINT('',(2.75,-0.45,0.3));
#14178=CARTESIAN_POINT('',(2.95,-6.25,0.3));
#14179=CARTESIAN_POINT('',(-0.95,-6.25,0.3));
#14180=CARTESIAN_POINT('Origin',(2.95,-1.566489992801,0.968760807125));
#14181=CARTESIAN_POINT('Origin',(-1.45,-6.25,0.8));
#14182=CARTESIAN_POINT('',(1.2,-2.05,0.8));
#14183=CARTESIAN_POINT('',(-1.45,-2.05,0.8));
#14184=CARTESIAN_POINT('',(1.2,-3.95,0.8));
#14185=CARTESIAN_POINT('',(1.2,-2.05,0.8));
#14186=CARTESIAN_POINT('',(0.8,-3.95,0.8));
#14187=CARTESIAN_POINT('',(0.8,-3.95,0.8));
#14188=CARTESIAN_POINT('',(0.8,-2.05,0.8));
#14189=CARTESIAN_POINT('',(0.8,-2.05,0.8));
#14190=CARTESIAN_POINT('',(-1.45,-2.05,0.8));
#14191=CARTESIAN_POINT('',(-1.45,-2.05,0.8));
#14192=CARTESIAN_POINT('',(-1.45,-6.25,0.8));
#14193=CARTESIAN_POINT('Origin',(-1.45,-6.25,4.2));
#14194=CARTESIAN_POINT('',(-1.45,-6.25,4.2));
#14195=CARTESIAN_POINT('',(-1.45,-6.25,3.3));
#14196=CARTESIAN_POINT('',(-1.45,-6.25,4.2));
#14197=CARTESIAN_POINT('',(-1.45,-4.65,3.3));
#14198=CARTESIAN_POINT('',(-1.45,-6.25,3.3));
#14199=CARTESIAN_POINT('',(-1.45,-4.65,2.5));
#14200=CARTESIAN_POINT('Origin',(-1.45,-4.65,2.9));
#14201=CARTESIAN_POINT('',(-1.45,-5.45,2.5));
#14202=CARTESIAN_POINT('',(-1.45,-2.05,4.2));
#14203=CARTESIAN_POINT('',(-1.45,-2.05,4.2));
#14204=CARTESIAN_POINT('',(-1.45,-6.25,4.2));
#14205=CARTESIAN_POINT('Origin',(3.95,-4.65,2.5));
#14206=CARTESIAN_POINT('',(-1.95,-4.65,2.5));
#14207=CARTESIAN_POINT('',(3.95,-4.65,2.5));
#14208=CARTESIAN_POINT('',(-1.95,-2.45,2.5));
#14209=CARTESIAN_POINT('Origin',(-1.95,-2.909897467985,2.368621550033));
#14210=CARTESIAN_POINT('',(-1.95,-0.25,4.8));
#14211=CARTESIAN_POINT('',(-1.95,-0.25,4.1));
#14212=CARTESIAN_POINT('',(-1.95,-0.25,4.8));
#14213=CARTESIAN_POINT('',(-1.95,1.35,3.2));
#14214=CARTESIAN_POINT('',(-1.95,-0.25,4.1));
#14215=CARTESIAN_POINT('',(-1.95,1.35,0.));
#14216=CARTESIAN_POINT('',(-1.95,1.35,3.2));
#14217=CARTESIAN_POINT('',(-1.95,1.35,0.));
#14218=CARTESIAN_POINT('',(-1.95,-4.65,3.3));
#14219=CARTESIAN_POINT('Origin',(-1.95,-4.65,2.9));
#14220=CARTESIAN_POINT('',(-1.95,-6.25,3.3));
#14221=CARTESIAN_POINT('',(-1.95,-3.25,3.3));
#14222=CARTESIAN_POINT('',(-1.95,-6.25,4.8));
#14223=CARTESIAN_POINT('',(-1.95,-6.25,4.8));
#14224=CARTESIAN_POINT('',(-1.95,-0.25,4.8));
#14225=CARTESIAN_POINT('Origin',(-0.95,1.35,0.));
#14226=CARTESIAN_POINT('',(-0.95,1.35,0.));
#14227=CARTESIAN_POINT('',(-0.95,1.35,0.));
#14228=CARTESIAN_POINT('',(-0.95,1.35,0.));
#14229=CARTESIAN_POINT('Origin',(-0.95,-1.566489992801,0.968760807125));
#14230=CARTESIAN_POINT('',(-0.95,-0.25,4.1));
#14231=CARTESIAN_POINT('',(-0.95,-0.25,0.3));
#14232=CARTESIAN_POINT('',(-0.95,1.35,3.2));
#14233=CARTESIAN_POINT('',(-0.95,1.35,3.2));
#14234=CARTESIAN_POINT('',(-0.95,-0.25,4.1));
#14235=CARTESIAN_POINT('Origin',(3.45,-6.25,4.2));
#14236=CARTESIAN_POINT('',(1.45,-2.35,4.2));
#14237=CARTESIAN_POINT('',(1.45,-6.25,4.2));
#14238=CARTESIAN_POINT('',(0.55,-2.35,4.2));
#14239=CARTESIAN_POINT('',(2.45,-2.35,4.2));
#14240=CARTESIAN_POINT('',(0.55,-6.25,4.2));
#14241=CARTESIAN_POINT('',(0.55,-4.3,4.2));
#14242=CARTESIAN_POINT('',(3.45,-6.25,4.2));
#14243=CARTESIAN_POINT('',(-1.4,-2.05,4.2));
#14244=CARTESIAN_POINT('',(3.45,-2.05,4.2));
#14245=CARTESIAN_POINT('',(-1.4,-4.45,4.2));
#14246=CARTESIAN_POINT('',(-1.4,-4.45,4.2));
#14247=CARTESIAN_POINT('',(-0.4,-4.45,4.2));
#14248=CARTESIAN_POINT('',(-0.4,-4.45,4.2));
#14249=CARTESIAN_POINT('',(-0.4,-2.05,4.2));
#14250=CARTESIAN_POINT('',(-0.4,-0.25,4.2));
#14251=CARTESIAN_POINT('',(2.4,-2.05,4.2));
#14252=CARTESIAN_POINT('',(3.45,-2.05,4.2));
#14253=CARTESIAN_POINT('',(2.4,-4.45,4.2));
#14254=CARTESIAN_POINT('',(2.4,-0.25,4.2));
#14255=CARTESIAN_POINT('',(3.4,-4.45,4.2));
#14256=CARTESIAN_POINT('',(2.4,-4.45,4.2));
#14257=CARTESIAN_POINT('',(3.4,-2.05,4.2));
#14258=CARTESIAN_POINT('',(3.4,-4.45,4.2));
#14259=CARTESIAN_POINT('',(3.45,-2.05,4.2));
#14260=CARTESIAN_POINT('Origin',(1.,-2.05,2.5));
#14261=CARTESIAN_POINT('',(3.45,-2.05,4.2));
#14262=CARTESIAN_POINT('',(3.45,-2.05,4.2));
#14263=CARTESIAN_POINT('',(0.8,-2.05,1.1));
#14264=CARTESIAN_POINT('',(0.8,-2.05,1.1));
#14265=CARTESIAN_POINT('',(1.2,-2.05,1.1));
#14266=CARTESIAN_POINT('',(1.2,-2.05,1.1));
#14267=CARTESIAN_POINT('',(1.2,-2.05,0.8));
#14268=CARTESIAN_POINT('',(0.25,-2.05,3.35));
#14269=CARTESIAN_POINT('',(0.25,-2.05,2.85));
#14270=CARTESIAN_POINT('',(0.25,-2.05,1.901106711288));
#14271=CARTESIAN_POINT('',(-0.25,-2.05,2.85));
#14272=CARTESIAN_POINT('',(0.625,-2.05,2.85));
#14273=CARTESIAN_POINT('',(-0.25,-2.05,3.35));
#14274=CARTESIAN_POINT('',(-0.25,-2.05,1.901106711288));
#14275=CARTESIAN_POINT('',(0.625,-2.05,3.35));
#14276=CARTESIAN_POINT('',(2.25,-2.05,3.35));
#14277=CARTESIAN_POINT('',(2.25,-2.05,2.85));
#14278=CARTESIAN_POINT('',(2.25,-2.05,1.901106711288));
#14279=CARTESIAN_POINT('',(1.75,-2.05,2.85));
#14280=CARTESIAN_POINT('',(1.625,-2.05,2.85));
#14281=CARTESIAN_POINT('',(1.75,-2.05,3.35));
#14282=CARTESIAN_POINT('',(1.75,-2.05,1.901106711288));
#14283=CARTESIAN_POINT('',(1.625,-2.05,3.35));
#14284=CARTESIAN_POINT('Origin',(2.75,-0.320798035545,2.550475523299));
#14285=CARTESIAN_POINT('',(2.75,-0.35,2.6));
#14286=CARTESIAN_POINT('',(2.75,-0.35,2.6));
#14287=CARTESIAN_POINT('',(2.75,-0.35,3.6));
#14288=CARTESIAN_POINT('',(2.75,-0.35,3.6));
#14289=CARTESIAN_POINT('',(2.75,-0.4,4.2));
#14290=CARTESIAN_POINT('',(2.75,-0.45,4.8));
#14291=CARTESIAN_POINT('',(2.75,-1.335399017773,4.2));
#14292=CARTESIAN_POINT('Origin',(2.9,-2.35,4.2));
#14293=CARTESIAN_POINT('',(3.4,-4.45,4.2));
#14294=CARTESIAN_POINT('',(2.4,-0.4,4.2));
#14295=CARTESIAN_POINT('',(2.825,-0.4,4.2));
#14296=CARTESIAN_POINT('',(2.4,-0.25,4.2));
#14297=CARTESIAN_POINT('Origin',(3.4,-4.45,4.8));
#14298=CARTESIAN_POINT('',(3.4,-4.45,4.8));
#14299=CARTESIAN_POINT('Origin',(2.4,-4.45,4.8));
#14300=CARTESIAN_POINT('',(2.4,-4.45,4.8));
#14301=CARTESIAN_POINT('Origin',(2.4,-0.25,4.8));
#14302=CARTESIAN_POINT('',(2.4,-0.449310344828,4.791724137931));
#14303=CARTESIAN_POINT('Origin',(2.75,-0.45,4.8));
#14304=CARTESIAN_POINT('',(1.25,-0.35,3.6));
#14305=CARTESIAN_POINT('',(2.75,-0.35,3.6));
#14306=CARTESIAN_POINT('',(1.25,-0.45,4.8));
#14307=CARTESIAN_POINT('Origin',(1.25,-0.320798035545,2.550475523299));
#14308=CARTESIAN_POINT('',(1.25,-0.35,2.6));
#14309=CARTESIAN_POINT('',(1.25,-0.35,3.6));
#14310=CARTESIAN_POINT('',(1.25,-0.35,2.6));
#14311=CARTESIAN_POINT('',(1.25,-0.25,0.3));
#14312=CARTESIAN_POINT('Origin',(1.,-0.25,2.55));
#14313=CARTESIAN_POINT('',(0.75,-0.25,0.3));
#14314=CARTESIAN_POINT('Origin',(0.75,-0.320798035545,2.550475523299));
#14315=CARTESIAN_POINT('',(0.75,-0.35,2.6));
#14316=CARTESIAN_POINT('',(0.75,-0.35,2.6));
#14317=CARTESIAN_POINT('',(0.75,-0.35,3.6));
#14318=CARTESIAN_POINT('',(0.75,-0.35,3.6));
#14319=CARTESIAN_POINT('',(0.75,-0.45,4.8));
#14320=CARTESIAN_POINT('Origin',(0.75,-0.45,4.8));
#14321=CARTESIAN_POINT('',(-0.75,-0.35,3.6));
#14322=CARTESIAN_POINT('',(0.75,-0.35,3.6));
#14323=CARTESIAN_POINT('',(-0.75,-0.4,4.2));
#14324=CARTESIAN_POINT('',(-0.75,-0.45,4.8));
#14325=CARTESIAN_POINT('',(-0.4,-0.4,4.2));
#14326=CARTESIAN_POINT('',(-0.075,-0.4,4.2));
#14327=CARTESIAN_POINT('',(-0.4,-0.449310344828,4.791724137931));
#14328=CARTESIAN_POINT('Origin',(-0.4,-0.25,4.8));
#14329=CARTESIAN_POINT('',(-0.4,-0.25,4.2));
#14330=CARTESIAN_POINT('',(-0.4,-4.45,4.8));
#14331=CARTESIAN_POINT('Origin',(-0.893939393939,-4.45,4.517424242424));
#14332=CARTESIAN_POINT('',(-1.4,-4.45,4.8));
#14333=CARTESIAN_POINT('',(-1.4,-4.45,4.8));
#14334=CARTESIAN_POINT('',(-0.95,-4.45,4.8));
#14335=CARTESIAN_POINT('',(-0.4,-4.45,4.8));
#14336=CARTESIAN_POINT('',(-0.95,-4.45,4.85));
#14337=CARTESIAN_POINT('',(-0.95,-4.45,4.85));
#14338=CARTESIAN_POINT('',(-0.45,-4.45,4.85));
#14339=CARTESIAN_POINT('',(-0.45,-4.45,4.85));
#14340=CARTESIAN_POINT('',(-0.45,-4.45,4.8));
#14341=CARTESIAN_POINT('Origin',(-0.45,-4.45,4.8));
#14342=CARTESIAN_POINT('',(-0.45,-6.25,4.85));
#14343=CARTESIAN_POINT('',(-0.45,-4.45,4.85));
#14344=CARTESIAN_POINT('',(-0.45,-6.25,4.8));
#14345=CARTESIAN_POINT('Origin',(-0.922222222222,-6.25,4.28487654321));
#14346=CARTESIAN_POINT('',(0.55,-6.25,4.8));
#14347=CARTESIAN_POINT('',(-0.95,-6.25,4.85));
#14348=CARTESIAN_POINT('',(-0.45,-6.25,4.85));
#14349=CARTESIAN_POINT('',(-0.95,-6.25,4.8));
#14350=CARTESIAN_POINT('',(-0.95,-6.25,4.85));
#14351=CARTESIAN_POINT('',(3.95,-6.25,4.8));
#14352=CARTESIAN_POINT('',(3.95,-6.25,3.3));
#14353=CARTESIAN_POINT('Origin',(0.55,-2.35,4.8));
#14354=CARTESIAN_POINT('',(0.55,-2.35,4.8));
#14355=CARTESIAN_POINT('Origin',(1.45,-2.35,4.8));
#14356=CARTESIAN_POINT('',(1.45,-2.35,4.8));
#14357=CARTESIAN_POINT('Origin',(1.45,-6.25,4.8));
#14358=CARTESIAN_POINT('Origin',(1.,-0.25,2.55));
#14359=CARTESIAN_POINT('',(-1.4,-0.25,4.8));
#14360=CARTESIAN_POINT('',(3.95,-0.25,4.8));
#14361=CARTESIAN_POINT('',(-1.4,-0.25,4.2));
#14362=CARTESIAN_POINT('',(-1.4,-0.25,4.8));
#14363=CARTESIAN_POINT('',(-0.75,-0.25,4.2));
#14364=CARTESIAN_POINT('',(-1.4,-0.25,4.2));
#14365=CARTESIAN_POINT('',(-0.75,-0.25,0.3));
#14366=CARTESIAN_POINT('',(-0.95,-0.25,4.1));
#14367=CARTESIAN_POINT('Origin',(-0.75,-0.320798035545,2.550475523299));
#14368=CARTESIAN_POINT('',(-0.75,-1.335399017773,4.2));
#14369=CARTESIAN_POINT('',(-0.75,-0.35,2.6));
#14370=CARTESIAN_POINT('',(-0.75,-0.35,3.6));
#14371=CARTESIAN_POINT('',(-0.75,-0.35,2.6));
#14372=CARTESIAN_POINT('Origin',(0.75,-0.35,2.6));
#14373=CARTESIAN_POINT('',(0.75,-0.35,2.6));
#14374=CARTESIAN_POINT('Origin',(2.75,-0.35,2.6));
#14375=CARTESIAN_POINT('',(2.75,-0.35,2.6));
#14376=CARTESIAN_POINT('Origin',(1.2,-2.05,0.8));
#14377=CARTESIAN_POINT('',(1.2,-3.95,1.1));
#14378=CARTESIAN_POINT('',(1.2,-2.05,1.1));
#14379=CARTESIAN_POINT('',(1.2,-3.95,0.8));
#14380=CARTESIAN_POINT('Origin',(1.,-3.95,0.95));
#14381=CARTESIAN_POINT('',(0.8,-3.95,1.1));
#14382=CARTESIAN_POINT('',(1.2,-3.95,1.1));
#14383=CARTESIAN_POINT('',(0.8,-3.95,1.1));
#14384=CARTESIAN_POINT('Origin',(0.8,-2.05,1.1));
#14385=CARTESIAN_POINT('',(0.8,-2.05,1.1));
#14386=CARTESIAN_POINT('Origin',(3.95,-6.25,3.3));
#14387=CARTESIAN_POINT('',(3.95,-4.65,3.3));
#14388=CARTESIAN_POINT('Origin',(3.95,-4.65,2.9));
#14389=CARTESIAN_POINT('Origin',(-0.95,-0.25,4.1));
#14390=CARTESIAN_POINT('',(-0.95,1.35,3.2));
#14391=CARTESIAN_POINT('Origin',(-0.95,1.35,3.2));
#14392=CARTESIAN_POINT('Origin',(3.95,-0.25,4.8));
#14393=CARTESIAN_POINT('',(-0.95,-4.45,4.8));
#14394=CARTESIAN_POINT('',(-1.4,-4.45,4.8));
#14395=CARTESIAN_POINT('Origin',(-1.4,-4.45,4.8));
#14396=CARTESIAN_POINT('',(-1.4,-4.45,4.2));
#14397=CARTESIAN_POINT('Origin',(1.2,-2.05,1.1));
#14398=CARTESIAN_POINT('Origin',(-0.9,-2.35,4.2));
#14399=CARTESIAN_POINT('Origin',(0.25,-1.421959173294,1.302213422577));
#14400=CARTESIAN_POINT('',(0.25,-5.55,2.85));
#14401=CARTESIAN_POINT('',(0.25,-5.55,3.35));
#14402=CARTESIAN_POINT('',(0.25,-5.55,2.85));
#14403=CARTESIAN_POINT('',(0.25,-0.25,2.85));
#14404=CARTESIAN_POINT('',(0.25,-5.75,3.35));
#14405=CARTESIAN_POINT('Origin',(0.25,-5.75,3.35));
#14406=CARTESIAN_POINT('',(-0.25,-5.55,3.35));
#14407=CARTESIAN_POINT('',(-0.25,-5.75,3.35));
#14408=CARTESIAN_POINT('',(0.25,-5.55,3.35));
#14409=CARTESIAN_POINT('Origin',(-0.25,-1.421959173294,1.302213422577));
#14410=CARTESIAN_POINT('',(-0.25,-5.55,2.85));
#14411=CARTESIAN_POINT('',(-0.25,-5.55,2.85));
#14412=CARTESIAN_POINT('',(-0.25,-0.25,2.85));
#14413=CARTESIAN_POINT('Origin',(0.25,-0.25,2.85));
#14414=CARTESIAN_POINT('',(0.25,-5.55,2.85));
#14415=CARTESIAN_POINT('Origin',(2.25,-1.421959173294,1.302213422577));
#14416=CARTESIAN_POINT('',(2.25,-5.55,2.85));
#14417=CARTESIAN_POINT('',(2.25,-5.55,3.35));
#14418=CARTESIAN_POINT('',(2.25,-5.55,2.85));
#14419=CARTESIAN_POINT('',(2.25,-0.25,2.85));
#14420=CARTESIAN_POINT('',(2.25,-5.75,3.35));
#14421=CARTESIAN_POINT('Origin',(2.25,-5.75,3.35));
#14422=CARTESIAN_POINT('',(1.75,-5.55,3.35));
#14423=CARTESIAN_POINT('',(1.75,-5.75,3.35));
#14424=CARTESIAN_POINT('',(2.25,-5.55,3.35));
#14425=CARTESIAN_POINT('Origin',(1.75,-1.421959173294,1.302213422577));
#14426=CARTESIAN_POINT('',(1.75,-5.55,2.85));
#14427=CARTESIAN_POINT('',(1.75,-5.55,2.85));
#14428=CARTESIAN_POINT('',(1.75,-0.25,2.85));
#14429=CARTESIAN_POINT('Origin',(2.25,-0.25,2.85));
#14430=CARTESIAN_POINT('',(2.25,-5.55,2.85));
#14431=CARTESIAN_POINT('Origin',(2.75,-0.35,3.6));
#14432=CARTESIAN_POINT('',(2.25,-0.35,3.35));
#14433=CARTESIAN_POINT('',(2.25,-0.35,2.85));
#14434=CARTESIAN_POINT('',(2.25,-0.35,2.451106711288));
#14435=CARTESIAN_POINT('',(1.75,-0.35,3.35));
#14436=CARTESIAN_POINT('',(2.5,-0.35,3.35));
#14437=CARTESIAN_POINT('',(1.75,-0.35,2.85));
#14438=CARTESIAN_POINT('',(1.75,-0.35,2.451106711288));
#14439=CARTESIAN_POINT('',(2.5,-0.35,2.85));
#14440=CARTESIAN_POINT('Origin',(0.75,-0.35,3.6));
#14441=CARTESIAN_POINT('',(0.25,-0.35,3.35));
#14442=CARTESIAN_POINT('',(0.25,-0.35,2.85));
#14443=CARTESIAN_POINT('',(0.25,-0.35,2.451106711288));
#14444=CARTESIAN_POINT('',(-0.25,-0.35,3.35));
#14445=CARTESIAN_POINT('',(0.5,-0.35,3.35));
#14446=CARTESIAN_POINT('',(-0.25,-0.35,2.85));
#14447=CARTESIAN_POINT('',(-0.25,-0.35,2.451106711288));
#14448=CARTESIAN_POINT('',(0.5,-0.35,2.85));
#14449=CARTESIAN_POINT('Origin',(-0.95,-4.45,4.85));
#14450=CARTESIAN_POINT('',(-0.95,-4.45,4.85));
#14451=CARTESIAN_POINT('Origin',(-0.45,-4.45,4.85));
#14452=CARTESIAN_POINT('Origin',(0.15,-5.65,2.85));
#14453=CARTESIAN_POINT('',(0.05,-5.75,3.05));
#14454=CARTESIAN_POINT('',(0.183333333333,-5.616666666667,2.916666666667));
#14455=CARTESIAN_POINT('',(0.05,-5.75,3.15));
#14456=CARTESIAN_POINT('',(0.1,-5.7,3.2));
#14457=CARTESIAN_POINT('',(0.05,-5.75,2.85));
#14458=CARTESIAN_POINT('Origin',(0.25,-5.65,3.25));
#14459=CARTESIAN_POINT('',(-0.05,-5.75,3.15));
#14460=CARTESIAN_POINT('',(-0.01666666666667,-5.783333333333,3.116666666667));
#14461=CARTESIAN_POINT('',(0.25,-5.75,3.15));
#14462=CARTESIAN_POINT('Origin',(-0.15,-5.65,2.85));
#14463=CARTESIAN_POINT('',(-0.05,-5.75,3.05));
#14464=CARTESIAN_POINT('',(-0.1,-5.7,3.));
#14465=CARTESIAN_POINT('',(-0.05,-5.75,2.85));
#14466=CARTESIAN_POINT('Origin',(0.25,-5.65,2.95));
#14467=CARTESIAN_POINT('',(0.25,-5.75,3.05));
#14468=CARTESIAN_POINT('Origin',(2.15,-5.65,2.85));
#14469=CARTESIAN_POINT('',(2.05,-5.75,3.05));
#14470=CARTESIAN_POINT('',(2.183333333333,-5.616666666667,2.916666666667));
#14471=CARTESIAN_POINT('',(2.05,-5.75,3.15));
#14472=CARTESIAN_POINT('',(2.1,-5.7,3.2));
#14473=CARTESIAN_POINT('',(2.05,-5.75,2.85));
#14474=CARTESIAN_POINT('Origin',(2.25,-5.65,3.25));
#14475=CARTESIAN_POINT('',(1.95,-5.75,3.15));
#14476=CARTESIAN_POINT('',(1.983333333333,-5.783333333333,3.116666666667));
#14477=CARTESIAN_POINT('',(2.25,-5.75,3.15));
#14478=CARTESIAN_POINT('Origin',(1.85,-5.65,2.85));
#14479=CARTESIAN_POINT('',(1.95,-5.75,3.05));
#14480=CARTESIAN_POINT('',(1.9,-5.7,3.));
#14481=CARTESIAN_POINT('',(1.95,-5.75,2.85));
#14482=CARTESIAN_POINT('Origin',(2.25,-5.65,2.95));
#14483=CARTESIAN_POINT('',(2.25,-5.75,3.05));
#14484=CARTESIAN_POINT('Origin',(2.25,-1.421959173294,1.302213422577));
#14485=CARTESIAN_POINT('',(2.25,-0.3,2.85));
#14486=CARTESIAN_POINT('',(2.25,-0.25,2.85));
#14487=CARTESIAN_POINT('',(2.25,-0.25,2.8));
#14488=CARTESIAN_POINT('Origin',(2.25,-0.3,2.8));
#14489=CARTESIAN_POINT('',(2.25,-0.25,-0.9));
#14490=CARTESIAN_POINT('',(2.25,-0.25,-0.9));
#14491=CARTESIAN_POINT('',(2.25,-0.55,-1.5));
#14492=CARTESIAN_POINT('',(2.25,-0.55,-1.5));
#14493=CARTESIAN_POINT('',(2.25,-0.281578947368,-3.2));
#14494=CARTESIAN_POINT('',(2.25,-0.25,-3.4));
#14495=CARTESIAN_POINT('',(2.25,0.218421052632,-3.2));
#14496=CARTESIAN_POINT('',(2.25,0.25,-3.2));
#14497=CARTESIAN_POINT('',(2.25,-0.05,-1.5));
#14498=CARTESIAN_POINT('',(2.25,-0.05,-1.5));
#14499=CARTESIAN_POINT('',(2.25,0.25,-0.9));
#14500=CARTESIAN_POINT('',(2.25,0.25,-0.9));
#14501=CARTESIAN_POINT('',(2.25,0.25,2.8));
#14502=CARTESIAN_POINT('',(2.25,0.25,3.35));
#14503=CARTESIAN_POINT('',(2.25,-0.3,3.35));
#14504=CARTESIAN_POINT('Origin',(2.25,-0.3,2.8));
#14505=CARTESIAN_POINT('',(2.25,-5.75,3.35));
#14506=CARTESIAN_POINT('Origin',(2.25,-5.75,3.35));
#14507=CARTESIAN_POINT('',(1.75,-0.3,3.35));
#14508=CARTESIAN_POINT('',(2.25,-0.3,3.35));
#14509=CARTESIAN_POINT('',(1.75,-5.75,3.35));
#14510=CARTESIAN_POINT('Origin',(1.75,-1.421959173294,1.302213422577));
#14511=CARTESIAN_POINT('',(1.75,0.25,2.8));
#14512=CARTESIAN_POINT('Origin',(1.75,-0.3,2.8));
#14513=CARTESIAN_POINT('',(1.75,0.25,-0.9));
#14514=CARTESIAN_POINT('',(1.75,0.25,3.35));
#14515=CARTESIAN_POINT('',(1.75,-0.05,-1.5));
#14516=CARTESIAN_POINT('',(1.75,0.25,-0.9));
#14517=CARTESIAN_POINT('',(1.75,0.218421052632,-3.2));
#14518=CARTESIAN_POINT('',(1.75,-0.05,-1.5));
#14519=CARTESIAN_POINT('',(1.75,-0.281578947368,-3.2));
#14520=CARTESIAN_POINT('',(1.75,0.25,-3.2));
#14521=CARTESIAN_POINT('',(1.75,-0.55,-1.5));
#14522=CARTESIAN_POINT('',(1.75,-0.25,-3.4));
#14523=CARTESIAN_POINT('',(1.75,-0.25,-0.9));
#14524=CARTESIAN_POINT('',(1.75,-0.55,-1.5));
#14525=CARTESIAN_POINT('',(1.75,-0.25,2.8));
#14526=CARTESIAN_POINT('',(1.75,-0.25,-0.9));
#14527=CARTESIAN_POINT('',(1.75,-0.3,2.85));
#14528=CARTESIAN_POINT('Origin',(1.75,-0.3,2.8));
#14529=CARTESIAN_POINT('',(1.75,-0.25,2.85));
#14530=CARTESIAN_POINT('Origin',(2.25,-0.25,2.85));
#14531=CARTESIAN_POINT('',(2.25,-0.3,2.85));
#14532=CARTESIAN_POINT('Origin',(0.25,-1.421959173294,1.302213422577));
#14533=CARTESIAN_POINT('',(0.25,-0.3,2.85));
#14534=CARTESIAN_POINT('',(0.25,-0.25,2.85));
#14535=CARTESIAN_POINT('',(0.25,-0.25,2.8));
#14536=CARTESIAN_POINT('Origin',(0.25,-0.3,2.8));
#14537=CARTESIAN_POINT('',(0.25,-0.25,-0.9));
#14538=CARTESIAN_POINT('',(0.25,-0.25,-0.9));
#14539=CARTESIAN_POINT('',(0.25,-0.55,-1.5));
#14540=CARTESIAN_POINT('',(0.25,-0.55,-1.5));
#14541=CARTESIAN_POINT('',(0.25,-0.281578947368,-3.2));
#14542=CARTESIAN_POINT('',(0.25,-0.25,-3.4));
#14543=CARTESIAN_POINT('',(0.25,0.218421052632,-3.2));
#14544=CARTESIAN_POINT('',(0.25,0.25,-3.2));
#14545=CARTESIAN_POINT('',(0.25,-0.05,-1.5));
#14546=CARTESIAN_POINT('',(0.25,-0.05,-1.5));
#14547=CARTESIAN_POINT('',(0.25,0.25,-0.9));
#14548=CARTESIAN_POINT('',(0.25,0.25,-0.9));
#14549=CARTESIAN_POINT('',(0.25,0.25,2.8));
#14550=CARTESIAN_POINT('',(0.25,0.25,3.35));
#14551=CARTESIAN_POINT('',(0.25,-0.3,3.35));
#14552=CARTESIAN_POINT('Origin',(0.25,-0.3,2.8));
#14553=CARTESIAN_POINT('',(0.25,-5.75,3.35));
#14554=CARTESIAN_POINT('Origin',(0.25,-5.75,3.35));
#14555=CARTESIAN_POINT('',(-0.25,-0.3,3.35));
#14556=CARTESIAN_POINT('',(0.25,-0.3,3.35));
#14557=CARTESIAN_POINT('',(-0.25,-5.75,3.35));
#14558=CARTESIAN_POINT('Origin',(-0.25,-1.421959173294,1.302213422577));
#14559=CARTESIAN_POINT('',(-0.25,0.25,2.8));
#14560=CARTESIAN_POINT('Origin',(-0.25,-0.3,2.8));
#14561=CARTESIAN_POINT('',(-0.25,0.25,-0.9));
#14562=CARTESIAN_POINT('',(-0.25,0.25,3.35));
#14563=CARTESIAN_POINT('',(-0.25,-0.05,-1.5));
#14564=CARTESIAN_POINT('',(-0.25,0.25,-0.9));
#14565=CARTESIAN_POINT('',(-0.25,0.218421052632,-3.2));
#14566=CARTESIAN_POINT('',(-0.25,-0.05,-1.5));
#14567=CARTESIAN_POINT('',(-0.25,-0.281578947368,-3.2));
#14568=CARTESIAN_POINT('',(-0.25,0.25,-3.2));
#14569=CARTESIAN_POINT('',(-0.25,-0.55,-1.5));
#14570=CARTESIAN_POINT('',(-0.25,-0.25,-3.4));
#14571=CARTESIAN_POINT('',(-0.25,-0.25,-0.9));
#14572=CARTESIAN_POINT('',(-0.25,-0.55,-1.5));
#14573=CARTESIAN_POINT('',(-0.25,-0.25,2.8));
#14574=CARTESIAN_POINT('',(-0.25,-0.25,-0.9));
#14575=CARTESIAN_POINT('',(-0.25,-0.3,2.85));
#14576=CARTESIAN_POINT('Origin',(-0.25,-0.3,2.8));
#14577=CARTESIAN_POINT('',(-0.25,-0.25,2.85));
#14578=CARTESIAN_POINT('Origin',(0.25,-0.25,2.85));
#14579=CARTESIAN_POINT('',(0.25,-0.3,2.85));
#14580=CARTESIAN_POINT('Origin',(0.25,-5.75,2.85));
#14581=CARTESIAN_POINT('Origin',(2.25,-5.75,2.85));
#14582=CARTESIAN_POINT('Origin',(2.25,-0.3,2.8));
#14583=CARTESIAN_POINT('',(2.25,-0.25,2.8));
#14584=CARTESIAN_POINT('Origin',(2.25,-0.25,-0.9));
#14585=CARTESIAN_POINT('',(2.25,-0.25,-0.9));
#14586=CARTESIAN_POINT('Origin',(2.25,-0.55,-1.5));
#14587=CARTESIAN_POINT('',(2.25,-0.55,-1.5));
#14588=CARTESIAN_POINT('Origin',(2.25,-0.25,-3.4));
#14589=CARTESIAN_POINT('',(1.752447406934,-0.281192514695,-3.202447406934));
#14590=CARTESIAN_POINT('',(1.994186046512,-0.243023255814,-3.444186046512));
#14591=CARTESIAN_POINT('',(2.247552593066,-0.281192514695,-3.202447406934));
#14592=CARTESIAN_POINT('',(2.25,-0.281192514695,-3.202447406934));
#14593=CARTESIAN_POINT('',(2.1292749658,-0.262517099863,-3.3207250342));
#14594=CARTESIAN_POINT('Origin',(2.15,0.25,-3.3));
#14595=CARTESIAN_POINT('',(2.05,-0.05,-3.4));
#14596=CARTESIAN_POINT('',(2.09198936903,-0.09913946036316,-3.35801063097));
#14597=CARTESIAN_POINT('',(2.05,0.05,-3.4));
#14598=CARTESIAN_POINT('',(2.05,0.25,-3.4));
#14599=CARTESIAN_POINT('',(2.247552593066,0.218807485305,-3.202447406934));
#14600=CARTESIAN_POINT('',(2.185852405654,0.166085051658,-3.264147594346));
#14601=CARTESIAN_POINT('',(2.629616963064,0.158481532148,-2.820383036936));
#14602=CARTESIAN_POINT('Origin',(2.25,-0.05,-1.5));
#14603=CARTESIAN_POINT('',(1.752447406934,0.218807485305,-3.202447406934));
#14604=CARTESIAN_POINT('',(2.25,0.218807485305,-3.202447406934));
#14605=CARTESIAN_POINT('',(1.493844049248,0.177975376197,-2.943844049248));
#14606=CARTESIAN_POINT('',(2.25,-0.05,-1.5));
#14607=CARTESIAN_POINT('Origin',(2.25,0.25,-0.9));
#14608=CARTESIAN_POINT('',(2.25,0.25,-0.9));
#14609=CARTESIAN_POINT('Origin',(2.25,0.25,3.35));
#14610=CARTESIAN_POINT('',(2.25,0.25,2.8));
#14611=CARTESIAN_POINT('Origin',(2.25,-0.3,2.8));
#14612=CARTESIAN_POINT('Origin',(1.85,0.25,-3.3));
#14613=CARTESIAN_POINT('',(1.95,-0.05,-3.4));
#14614=CARTESIAN_POINT('',(1.982204224438,-0.01231193164325,-3.432204224438));
#14615=CARTESIAN_POINT('',(1.95,0.05,-3.4));
#14616=CARTESIAN_POINT('',(1.905717325178,0.08783927542193,-3.355717325178));
#14617=CARTESIAN_POINT('',(1.95,0.25,-3.4));
#14618=CARTESIAN_POINT('Origin',(0.25,-0.3,2.8));
#14619=CARTESIAN_POINT('',(0.25,-0.25,2.8));
#14620=CARTESIAN_POINT('Origin',(0.25,-0.25,-0.9));
#14621=CARTESIAN_POINT('',(0.25,-0.25,-0.9));
#14622=CARTESIAN_POINT('Origin',(0.25,-0.55,-1.5));
#14623=CARTESIAN_POINT('',(0.25,-0.55,-1.5));
#14624=CARTESIAN_POINT('Origin',(0.25,-0.25,-3.4));
#14625=CARTESIAN_POINT('',(-0.247552593066,-0.281192514695,-3.202447406934));
#14626=CARTESIAN_POINT('',(-0.005813953488372,-0.243023255814,-3.444186046512));
#14627=CARTESIAN_POINT('',(0.247552593066,-0.281192514695,-3.202447406934));
#14628=CARTESIAN_POINT('',(0.25,-0.281192514695,-3.202447406934));
#14629=CARTESIAN_POINT('',(0.1292749658,-0.262517099863,-3.3207250342));
#14630=CARTESIAN_POINT('Origin',(0.15,0.25,-3.3));
#14631=CARTESIAN_POINT('',(0.05,-0.05,-3.4));
#14632=CARTESIAN_POINT('',(0.09198936903048,-0.09913946036316,-3.35801063097));
#14633=CARTESIAN_POINT('',(0.05,0.05,-3.4));
#14634=CARTESIAN_POINT('',(0.05,0.25,-3.4));
#14635=CARTESIAN_POINT('',(0.247552593066,0.218807485305,-3.202447406934));
#14636=CARTESIAN_POINT('',(0.185852405654,0.166085051658,-3.264147594346));
#14637=CARTESIAN_POINT('',(0.629616963064,0.158481532148,-2.820383036936));
#14638=CARTESIAN_POINT('Origin',(0.25,-0.05,-1.5));
#14639=CARTESIAN_POINT('',(-0.247552593066,0.218807485305,-3.202447406934));
#14640=CARTESIAN_POINT('',(0.25,0.218807485305,-3.202447406934));
#14641=CARTESIAN_POINT('',(-0.506155950752,0.177975376197,-2.943844049248));
#14642=CARTESIAN_POINT('',(0.25,-0.05,-1.5));
#14643=CARTESIAN_POINT('Origin',(0.25,0.25,-0.9));
#14644=CARTESIAN_POINT('',(0.25,0.25,-0.9));
#14645=CARTESIAN_POINT('Origin',(0.25,0.25,3.35));
#14646=CARTESIAN_POINT('',(0.25,0.25,2.8));
#14647=CARTESIAN_POINT('Origin',(0.25,-0.3,2.8));
#14648=CARTESIAN_POINT('Origin',(-0.15,0.25,-3.3));
#14649=CARTESIAN_POINT('',(-0.05,-0.05,-3.4));
#14650=CARTESIAN_POINT('',(-0.0177957755624,-0.01231193164325,-3.432204224438));
#14651=CARTESIAN_POINT('',(-0.05,0.05,-3.4));
#14652=CARTESIAN_POINT('',(-0.09428267482221,0.08783927542193,-3.355717325178));
#14653=CARTESIAN_POINT('',(-0.05,0.25,-3.4));
#14654=CARTESIAN_POINT('Origin',(2.25,-0.165596257347,-3.301223703467));
#14655=CARTESIAN_POINT('',(2.25,-0.05,-3.4));
#14656=CARTESIAN_POINT('Origin',(2.25,0.25,-3.4));
#14657=CARTESIAN_POINT('',(2.25,0.05,-3.4));
#14658=CARTESIAN_POINT('Origin',(2.25,0.134403742653,-3.301223703467));
#14659=CARTESIAN_POINT('Origin',(0.25,-0.165596257347,-3.301223703467));
#14660=CARTESIAN_POINT('',(0.25,-0.05,-3.4));
#14661=CARTESIAN_POINT('Origin',(0.25,0.25,-3.4));
#14662=CARTESIAN_POINT('',(0.25,0.05,-3.4));
#14663=CARTESIAN_POINT('Origin',(0.25,0.134403742653,-3.301223703467));
#14664=CARTESIAN_POINT('',(0.,0.,0.));
#14665=CARTESIAN_POINT('Origin',(1.27,6.095124405192E-15,9.15));
#14666=CARTESIAN_POINT('',(-1.18,2.3778074579435E-15,9.15));
#14667=CARTESIAN_POINT('Origin',(1.27,4.063416270128E-15,9.15));
#14668=CARTESIAN_POINT('',(1.27,7.18314296932475E-15,11.6));
#14669=CARTESIAN_POINT('Origin',(1.27,6.095124405192E-15,9.15));
#14670=CARTESIAN_POINT('Origin',(1.27,4.063416270128E-15,9.15));
#14671=CARTESIAN_POINT('',(-1.18,4.46871701271715E-17,4.));
#14672=CARTESIAN_POINT('Origin',(1.27,1.7763568394E-15,4.));
#14673=CARTESIAN_POINT('',(-1.18,2.33174660085519E-15,9.15));
#14674=CARTESIAN_POINT('Origin',(-1.229999999999,-1.469693845671,4.));
#14675=CARTESIAN_POINT('',(-1.229999999999,-1.46969384567,4.));
#14676=CARTESIAN_POINT('',(-1.23,1.469693845669,4.));
#14677=CARTESIAN_POINT('Origin',(1.27,0.,4.));
#14678=CARTESIAN_POINT('',(-1.229999999999,-1.46969384567,4.));
#14679=CARTESIAN_POINT('Origin',(1.27,0.,3.));
#14680=CARTESIAN_POINT('',(-1.229999999999,-1.46969384567,3.));
#14681=CARTESIAN_POINT('',(-1.23,1.469693845669,3.));
#14682=CARTESIAN_POINT('Origin',(1.27,0.,3.));
#14683=CARTESIAN_POINT('',(-1.23,1.469693845669,3.));
#14684=CARTESIAN_POINT('',(-1.229999999999,-1.46969384567,3.));
#14685=CARTESIAN_POINT('Origin',(-1.229999999999,-1.46969384567,3.));
#14686=CARTESIAN_POINT('',(-1.229999999999,-1.46969384567,3.));
#14687=CARTESIAN_POINT('Origin',(-1.229999999999,-1.469693845671,3.));
#14688=CARTESIAN_POINT('',(-0.2,-0.2,3.));
#14689=CARTESIAN_POINT('',(0.2,-0.2,3.));
#14690=CARTESIAN_POINT('',(-0.515,-0.2,3.));
#14691=CARTESIAN_POINT('',(0.2,0.2,3.));
#14692=CARTESIAN_POINT('',(0.2,-0.634846922835,3.));
#14693=CARTESIAN_POINT('',(-0.2,0.2,3.));
#14694=CARTESIAN_POINT('',(-0.715,0.2,3.));
#14695=CARTESIAN_POINT('',(-0.2,-0.834846922835,3.));
#14696=CARTESIAN_POINT('',(2.34,0.2,3.));
#14697=CARTESIAN_POINT('',(2.34,-0.2,3.));
#14698=CARTESIAN_POINT('',(2.34,-0.834846922835,3.));
#14699=CARTESIAN_POINT('',(2.74,-0.2,3.));
#14700=CARTESIAN_POINT('',(0.755,-0.2,3.));
#14701=CARTESIAN_POINT('',(2.74,0.2,3.));
#14702=CARTESIAN_POINT('',(2.74,-0.634846922835,3.));
#14703=CARTESIAN_POINT('',(0.555,0.2,3.));
#14704=CARTESIAN_POINT('Origin',(0.2,-0.2,3.5));
#14705=CARTESIAN_POINT('',(-0.2,-0.2,-2.5));
#14706=CARTESIAN_POINT('',(-0.2,-0.2,3.5));
#14707=CARTESIAN_POINT('',(0.2,-0.2,-2.5));
#14708=CARTESIAN_POINT('',(0.2,-0.2,-2.5));
#14709=CARTESIAN_POINT('',(0.2,-0.2,3.5));
#14710=CARTESIAN_POINT('Origin',(-0.2,-0.2,3.5));
#14711=CARTESIAN_POINT('',(-0.2,0.2,-2.5));
#14712=CARTESIAN_POINT('',(-0.2,0.2,3.5));
#14713=CARTESIAN_POINT('',(-0.2,-0.2,-2.5));
#14714=CARTESIAN_POINT('Origin',(-0.2,0.2,3.5));
#14715=CARTESIAN_POINT('',(0.2,0.2,-2.5));
#14716=CARTESIAN_POINT('',(0.2,0.2,3.5));
#14717=CARTESIAN_POINT('',(-0.2,0.2,-2.5));
#14718=CARTESIAN_POINT('Origin',(0.2,0.2,3.5));
#14719=CARTESIAN_POINT('',(0.2,0.2,-2.5));
#14720=CARTESIAN_POINT('Origin',(2.34,-0.2,3.5));
#14721=CARTESIAN_POINT('',(2.34,0.2,-2.5));
#14722=CARTESIAN_POINT('',(2.34,0.2,3.5));
#14723=CARTESIAN_POINT('',(2.34,-0.2,-2.5));
#14724=CARTESIAN_POINT('',(2.34,-0.2,-2.5));
#14725=CARTESIAN_POINT('',(2.34,-0.2,3.5));
#14726=CARTESIAN_POINT('Origin',(2.34,0.2,3.5));
#14727=CARTESIAN_POINT('',(2.74,0.2,-2.5));
#14728=CARTESIAN_POINT('',(2.74,0.2,3.5));
#14729=CARTESIAN_POINT('',(2.34,0.2,-2.5));
#14730=CARTESIAN_POINT('Origin',(2.74,0.2,3.5));
#14731=CARTESIAN_POINT('',(2.74,-0.2,-2.5));
#14732=CARTESIAN_POINT('',(2.74,-0.2,3.5));
#14733=CARTESIAN_POINT('',(2.74,0.2,-2.5));
#14734=CARTESIAN_POINT('Origin',(2.74,-0.2,3.5));
#14735=CARTESIAN_POINT('',(2.74,-0.2,-2.5));
#14736=CARTESIAN_POINT('Origin',(-0.2,0.2,-2.5));
#14737=CARTESIAN_POINT('Origin',(2.34,0.2,-2.5));
#14738=CARTESIAN_POINT('',(0.,0.,0.));
#14739=CARTESIAN_POINT('Origin',(1.65,-4.25,4.1));
#14740=CARTESIAN_POINT('',(0.65,-4.25,4.1));
#14741=CARTESIAN_POINT('Origin',(1.15,-4.25,4.1));
#14742=CARTESIAN_POINT('Origin',(1.15,-4.25,3.5));
#14743=CARTESIAN_POINT('',(0.65,-4.25,3.6));
#14744=CARTESIAN_POINT('Origin',(1.15,-4.25,3.6));
#14745=CARTESIAN_POINT('',(0.65,-4.25,3.5));
#14746=CARTESIAN_POINT('Origin',(0.15,-5.25,3.6));
#14747=CARTESIAN_POINT('',(0.45,-5.25,3.6));
#14748=CARTESIAN_POINT('',(5.85,-5.25,3.6));
#14749=CARTESIAN_POINT('',(0.15,-5.25,3.6));
#14750=CARTESIAN_POINT('',(6.15,-4.95,3.6));
#14751=CARTESIAN_POINT('Origin',(5.85,-4.95,3.6));
#14752=CARTESIAN_POINT('',(6.15,0.45,3.6));
#14753=CARTESIAN_POINT('',(6.15,-5.25,3.6));
#14754=CARTESIAN_POINT('',(5.85,0.75,3.6));
#14755=CARTESIAN_POINT('Origin',(5.85,0.45,3.6));
#14756=CARTESIAN_POINT('',(0.45,0.75,3.6));
#14757=CARTESIAN_POINT('',(6.15,0.75,3.6));
#14758=CARTESIAN_POINT('',(0.15,0.45,3.6));
#14759=CARTESIAN_POINT('Origin',(0.45,0.45,3.6));
#14760=CARTESIAN_POINT('',(0.15,-4.95,3.6));
#14761=CARTESIAN_POINT('',(0.15,0.75,3.6));
#14762=CARTESIAN_POINT('Origin',(0.45,-4.95,3.6));
#14763=CARTESIAN_POINT('',(4.65,-4.25,3.6));
#14764=CARTESIAN_POINT('Origin',(5.15,-4.25,3.6));
#14765=CARTESIAN_POINT('',(1.4,-2.25,3.6));
#14766=CARTESIAN_POINT('Origin',(3.15,-2.25,3.6));
#14767=CARTESIAN_POINT('',(0.65,-0.25,3.6));
#14768=CARTESIAN_POINT('Origin',(1.15,-0.25,3.6));
#14769=CARTESIAN_POINT('',(4.65,-0.25,3.6));
#14770=CARTESIAN_POINT('Origin',(5.15,-0.25,3.6));
#14771=CARTESIAN_POINT('Origin',(0.15,-5.25,3.5));
#14772=CARTESIAN_POINT('',(0.45,-5.25,3.5));
#14773=CARTESIAN_POINT('',(5.85,-5.25,3.5));
#14774=CARTESIAN_POINT('',(0.15,-5.25,3.5));
#14775=CARTESIAN_POINT('',(5.85,-5.25,3.5));
#14776=CARTESIAN_POINT('',(0.45,-5.25,3.5));
#14777=CARTESIAN_POINT('Origin',(0.45,-4.95,3.5));
#14778=CARTESIAN_POINT('',(0.15,-4.95,3.5));
#14779=CARTESIAN_POINT('',(0.15,-4.95,3.5));
#14780=CARTESIAN_POINT('Origin',(0.45,-4.95,3.5));
#14781=CARTESIAN_POINT('Origin',(5.85,-4.95,3.5));
#14782=CARTESIAN_POINT('',(6.15,-4.95,3.5));
#14783=CARTESIAN_POINT('Origin',(5.85,-4.95,3.5));
#14784=CARTESIAN_POINT('',(6.15,-4.95,3.5));
#14785=CARTESIAN_POINT('Origin',(0.15,0.75,3.5));
#14786=CARTESIAN_POINT('',(0.15,0.45,3.5));
#14787=CARTESIAN_POINT('',(0.15,0.75,3.5));
#14788=CARTESIAN_POINT('',(0.15,0.45,3.5));
#14789=CARTESIAN_POINT('Origin',(6.15,-5.25,3.5));
#14790=CARTESIAN_POINT('',(6.15,0.45,3.5));
#14791=CARTESIAN_POINT('',(6.15,-5.25,3.5));
#14792=CARTESIAN_POINT('',(6.15,0.45,3.5));
#14793=CARTESIAN_POINT('Origin',(0.45,0.45,3.5));
#14794=CARTESIAN_POINT('',(0.45,0.75,3.5));
#14795=CARTESIAN_POINT('Origin',(0.45,0.45,3.5));
#14796=CARTESIAN_POINT('',(0.45,0.75,3.5));
#14797=CARTESIAN_POINT('Origin',(5.85,0.45,3.5));
#14798=CARTESIAN_POINT('',(5.85,0.75,3.5));
#14799=CARTESIAN_POINT('Origin',(5.85,0.45,3.5));
#14800=CARTESIAN_POINT('',(5.85,0.75,3.5));
#14801=CARTESIAN_POINT('Origin',(6.15,0.75,3.5));
#14802=CARTESIAN_POINT('',(6.15,0.75,3.5));
#14803=CARTESIAN_POINT('Origin',(5.15,-4.25,3.5));
#14804=CARTESIAN_POINT('',(4.65,-4.25,4.1));
#14805=CARTESIAN_POINT('',(4.65,-4.25,3.5));
#14806=CARTESIAN_POINT('Origin',(5.15,-4.25,4.1));
#14807=CARTESIAN_POINT('Origin',(3.15,-2.25,3.5));
#14808=CARTESIAN_POINT('',(1.4,-2.25,4.2));
#14809=CARTESIAN_POINT('',(1.4,-2.25,3.5));
#14810=CARTESIAN_POINT('Origin',(3.15,-2.25,4.2));
#14811=CARTESIAN_POINT('Origin',(1.15,-0.25,3.5));
#14812=CARTESIAN_POINT('',(0.65,-0.25,4.1));
#14813=CARTESIAN_POINT('',(0.65,-0.25,3.5));
#14814=CARTESIAN_POINT('Origin',(1.15,-0.25,4.1));
#14815=CARTESIAN_POINT('Origin',(5.15,-0.25,3.5));
#14816=CARTESIAN_POINT('',(4.65,-0.25,4.1));
#14817=CARTESIAN_POINT('',(4.65,-0.25,3.5));
#14818=CARTESIAN_POINT('Origin',(5.15,-0.25,4.1));
#14819=CARTESIAN_POINT('Origin',(0.15,-5.25,0.));
#14820=CARTESIAN_POINT('',(0.45,-5.25,0.));
#14821=CARTESIAN_POINT('',(5.85,-5.25,0.));
#14822=CARTESIAN_POINT('',(0.15,-5.25,0.));
#14823=CARTESIAN_POINT('',(5.85,-5.25,0.));
#14824=CARTESIAN_POINT('',(0.45,-5.25,0.));
#14825=CARTESIAN_POINT('Origin',(0.45,-4.95,0.));
#14826=CARTESIAN_POINT('',(0.15,-4.95,0.));
#14827=CARTESIAN_POINT('',(0.15,-4.95,0.));
#14828=CARTESIAN_POINT('Origin',(0.45,-4.95,0.));
#14829=CARTESIAN_POINT('Origin',(5.85,-4.95,0.));
#14830=CARTESIAN_POINT('',(6.15,-4.95,0.));
#14831=CARTESIAN_POINT('Origin',(5.85,-4.95,0.));
#14832=CARTESIAN_POINT('',(6.15,-4.95,0.));
#14833=CARTESIAN_POINT('Origin',(0.15,0.75,0.));
#14834=CARTESIAN_POINT('',(0.15,0.45,0.));
#14835=CARTESIAN_POINT('',(0.15,0.35,0.));
#14836=CARTESIAN_POINT('',(0.15,0.75,0.));
#14837=CARTESIAN_POINT('',(0.15,0.35,1.5));
#14838=CARTESIAN_POINT('',(0.15,0.35,1.5));
#14839=CARTESIAN_POINT('',(0.15,-0.35,1.5));
#14840=CARTESIAN_POINT('',(0.15,-0.35,1.5));
#14841=CARTESIAN_POINT('',(0.15,-0.35,0.));
#14842=CARTESIAN_POINT('',(0.15,-0.35,1.5));
#14843=CARTESIAN_POINT('',(0.15,-4.15,0.));
#14844=CARTESIAN_POINT('',(0.15,0.75,0.));
#14845=CARTESIAN_POINT('',(0.15,-4.15,1.5));
#14846=CARTESIAN_POINT('',(0.15,-4.15,1.5));
#14847=CARTESIAN_POINT('',(0.15,-4.85,1.5));
#14848=CARTESIAN_POINT('',(0.15,-4.85,1.5));
#14849=CARTESIAN_POINT('',(0.15,-4.85,0.));
#14850=CARTESIAN_POINT('',(0.15,-4.85,1.5));
#14851=CARTESIAN_POINT('',(0.15,0.75,0.));
#14852=CARTESIAN_POINT('',(0.15,0.45,0.));
#14853=CARTESIAN_POINT('Origin',(6.15,-5.25,0.));
#14854=CARTESIAN_POINT('',(6.15,-4.85,0.));
#14855=CARTESIAN_POINT('',(6.15,-5.25,0.));
#14856=CARTESIAN_POINT('',(6.15,-4.85,1.5));
#14857=CARTESIAN_POINT('',(6.15,-4.85,1.5));
#14858=CARTESIAN_POINT('',(6.15,-4.15,1.5));
#14859=CARTESIAN_POINT('',(6.15,-4.85,1.5));
#14860=CARTESIAN_POINT('',(6.15,-4.15,0.));
#14861=CARTESIAN_POINT('',(6.15,-4.15,1.5));
#14862=CARTESIAN_POINT('',(6.15,-0.35,0.));
#14863=CARTESIAN_POINT('',(6.15,-5.25,0.));
#14864=CARTESIAN_POINT('',(6.15,-0.35,1.5));
#14865=CARTESIAN_POINT('',(6.15,-0.35,1.5));
#14866=CARTESIAN_POINT('',(6.15,0.35,1.5));
#14867=CARTESIAN_POINT('',(6.15,-0.35,1.5));
#14868=CARTESIAN_POINT('',(6.15,0.35,0.));
#14869=CARTESIAN_POINT('',(6.15,0.35,1.5));
#14870=CARTESIAN_POINT('',(6.15,0.45,0.));
#14871=CARTESIAN_POINT('',(6.15,-5.25,0.));
#14872=CARTESIAN_POINT('',(6.15,0.45,0.));
#14873=CARTESIAN_POINT('Origin',(0.45,0.45,0.));
#14874=CARTESIAN_POINT('',(0.45,0.75,0.));
#14875=CARTESIAN_POINT('Origin',(0.45,0.45,0.));
#14876=CARTESIAN_POINT('',(0.45,0.75,0.));
#14877=CARTESIAN_POINT('Origin',(5.85,0.45,0.));
#14878=CARTESIAN_POINT('',(5.85,0.75,0.));
#14879=CARTESIAN_POINT('Origin',(5.85,0.45,0.));
#14880=CARTESIAN_POINT('',(5.85,0.75,0.));
#14881=CARTESIAN_POINT('Origin',(6.15,0.75,0.));
#14882=CARTESIAN_POINT('',(6.15,0.75,0.));
#14883=CARTESIAN_POINT('Origin',(5.65,-4.25,4.1));
#14884=CARTESIAN_POINT('Origin',(3.15,-2.25,4.2));
#14885=CARTESIAN_POINT('',(1.5,-2.25,4.3));
#14886=CARTESIAN_POINT('Origin',(1.5,-2.25,4.2));
#14887=CARTESIAN_POINT('Origin',(3.15,-2.25,4.3));
#14888=CARTESIAN_POINT('Origin',(1.65,-0.25,4.1));
#14889=CARTESIAN_POINT('Origin',(5.65,-0.25,4.1));
#14890=CARTESIAN_POINT('Origin',(0.15,-5.25,0.));
#14891=CARTESIAN_POINT('',(0.15,0.75,0.));
#14892=CARTESIAN_POINT('',(0.15,0.75,0.));
#14893=CARTESIAN_POINT('',(6.15,-5.25,0.));
#14894=CARTESIAN_POINT('',(6.15,-5.25,0.));
#14895=CARTESIAN_POINT('Origin',(-0.15,0.35,-0.5));
#14896=CARTESIAN_POINT('',(-0.162230377286,0.35,-0.540767924286));
#14897=CARTESIAN_POINT('',(-0.425000733956,0.35,-1.416669113186));
#14898=CARTESIAN_POINT('',(-0.15,0.35,-0.5));
#14899=CARTESIAN_POINT('',(-0.15,0.35,-0.457437037472));
#14900=CARTESIAN_POINT('Origin',(-0.44,0.35,-0.457437037472));
#14901=CARTESIAN_POINT('',(-0.15,0.35,1.21));
#14902=CARTESIAN_POINT('',(-0.15,0.35,-0.5));
#14903=CARTESIAN_POINT('',(0.14,0.35,1.5));
#14904=CARTESIAN_POINT('Origin',(0.14,0.35,1.21));
#14905=CARTESIAN_POINT('',(-0.15,0.35,1.5));
#14906=CARTESIAN_POINT('',(0.15,0.35,-0.457437037472));
#14907=CARTESIAN_POINT('',(0.15,0.35,1.5));
#14908=CARTESIAN_POINT('',(0.137769622714,0.35,-0.540767924286));
#14909=CARTESIAN_POINT('Origin',(-0.14,0.35,-0.457437037472));
#14910=CARTESIAN_POINT('',(-0.125000733956,0.35,-1.416669113186));
#14911=CARTESIAN_POINT('',(-0.15,0.35,-1.5));
#14912=CARTESIAN_POINT('',(-0.125000733956,0.35,-1.583330886814));
#14913=CARTESIAN_POINT('Origin',(0.152768888758,0.35,-1.5));
#14914=CARTESIAN_POINT('',(0.137769622714,0.35,-2.459232075714));
#14915=CARTESIAN_POINT('',(0.15,0.35,-2.5));
#14916=CARTESIAN_POINT('',(0.15,0.35,-2.542562962528));
#14917=CARTESIAN_POINT('Origin',(-0.14,0.35,-2.542562962528));
#14918=CARTESIAN_POINT('',(0.15,0.35,-3.5));
#14919=CARTESIAN_POINT('',(0.15,0.35,-2.5));
#14920=CARTESIAN_POINT('',(-0.15,0.35,-3.5));
#14921=CARTESIAN_POINT('',(0.15,0.35,-3.5));
#14922=CARTESIAN_POINT('',(-0.15,0.35,-2.542562962528));
#14923=CARTESIAN_POINT('',(-0.15,0.35,-3.5));
#14924=CARTESIAN_POINT('',(-0.162230377286,0.35,-2.459232075714));
#14925=CARTESIAN_POINT('Origin',(-0.44,0.35,-2.542562962528));
#14926=CARTESIAN_POINT('',(-0.425000733956,0.35,-1.583330886814));
#14927=CARTESIAN_POINT('',(-0.45,0.35,-1.5));
#14928=CARTESIAN_POINT('Origin',(-0.147231111242,0.35,-1.5));
#14929=CARTESIAN_POINT('Origin',(-0.15,-0.35,1.5));
#14930=CARTESIAN_POINT('',(0.14,-0.35,1.5));
#14931=CARTESIAN_POINT('',(-0.15,-0.35,1.5));
#14932=CARTESIAN_POINT('',(0.14,-0.35,1.5));
#14933=CARTESIAN_POINT('Origin',(-0.15,-0.35,-0.5));
#14934=CARTESIAN_POINT('',(-0.162230377286,-0.35,-0.540767924286));
#14935=CARTESIAN_POINT('',(-0.425000733956,-0.35,-1.416669113186));
#14936=CARTESIAN_POINT('',(-0.15,-0.35,-0.5));
#14937=CARTESIAN_POINT('',(-0.425000733956,-0.35,-1.583330886814));
#14938=CARTESIAN_POINT('Origin',(-0.147231111242,-0.35,-1.5));
#14939=CARTESIAN_POINT('',(-0.162230377286,-0.35,-2.459232075714));
#14940=CARTESIAN_POINT('',(-0.45,-0.35,-1.5));
#14941=CARTESIAN_POINT('',(-0.15,-0.35,-2.542562962528));
#14942=CARTESIAN_POINT('Origin',(-0.44,-0.35,-2.542562962528));
#14943=CARTESIAN_POINT('',(-0.15,-0.35,-3.5));
#14944=CARTESIAN_POINT('',(-0.15,-0.35,-3.5));
#14945=CARTESIAN_POINT('',(0.15,-0.35,-3.5));
#14946=CARTESIAN_POINT('',(0.15,-0.35,-3.5));
#14947=CARTESIAN_POINT('',(0.15,-0.35,-2.542562962528));
#14948=CARTESIAN_POINT('',(0.15,-0.35,-2.5));
#14949=CARTESIAN_POINT('',(0.137769622714,-0.35,-2.459232075714));
#14950=CARTESIAN_POINT('Origin',(-0.14,-0.35,-2.542562962528));
#14951=CARTESIAN_POINT('',(-0.125000733956,-0.35,-1.583330886814));
#14952=CARTESIAN_POINT('',(0.15,-0.35,-2.5));
#14953=CARTESIAN_POINT('',(-0.125000733956,-0.35,-1.416669113186));
#14954=CARTESIAN_POINT('Origin',(0.152768888758,-0.35,-1.5));
#14955=CARTESIAN_POINT('',(0.137769622714,-0.35,-0.540767924286));
#14956=CARTESIAN_POINT('',(-0.15,-0.35,-1.5));
#14957=CARTESIAN_POINT('',(0.15,-0.35,-0.457437037472));
#14958=CARTESIAN_POINT('Origin',(-0.14,-0.35,-0.457437037472));
#14959=CARTESIAN_POINT('',(0.15,-0.35,1.5));
#14960=CARTESIAN_POINT('',(-0.15,-0.35,1.21));
#14961=CARTESIAN_POINT('Origin',(0.14,-0.35,1.21));
#14962=CARTESIAN_POINT('',(-0.15,-0.35,-0.457437037472));
#14963=CARTESIAN_POINT('',(-0.15,-0.35,-0.5));
#14964=CARTESIAN_POINT('Origin',(-0.44,-0.35,-0.457437037472));
#14965=CARTESIAN_POINT('Origin',(-0.15,-4.85,-0.5));
#14966=CARTESIAN_POINT('',(-0.162230377286,-4.85,-0.540767924286));
#14967=CARTESIAN_POINT('',(-0.425000733956,-4.85,-1.416669113186));
#14968=CARTESIAN_POINT('',(-0.15,-4.85,-0.5));
#14969=CARTESIAN_POINT('',(-0.425000733956,-4.85,-1.583330886814));
#14970=CARTESIAN_POINT('Origin',(-0.147231111242,-4.85,-1.5));
#14971=CARTESIAN_POINT('',(-0.162230377286,-4.85,-2.459232075714));
#14972=CARTESIAN_POINT('',(-0.45,-4.85,-1.5));
#14973=CARTESIAN_POINT('',(-0.15,-4.85,-2.542562962528));
#14974=CARTESIAN_POINT('Origin',(-0.44,-4.85,-2.542562962528));
#14975=CARTESIAN_POINT('',(-0.15,-4.85,-3.5));
#14976=CARTESIAN_POINT('',(-0.15,-4.85,-3.5));
#14977=CARTESIAN_POINT('',(0.15,-4.85,-3.5));
#14978=CARTESIAN_POINT('',(0.15,-4.85,-3.5));
#14979=CARTESIAN_POINT('',(0.15,-4.85,-2.542562962528));
#14980=CARTESIAN_POINT('',(0.15,-4.85,-2.5));
#14981=CARTESIAN_POINT('',(0.137769622714,-4.85,-2.459232075714));
#14982=CARTESIAN_POINT('Origin',(-0.14,-4.85,-2.542562962528));
#14983=CARTESIAN_POINT('',(-0.125000733956,-4.85,-1.583330886814));
#14984=CARTESIAN_POINT('',(0.15,-4.85,-2.5));
#14985=CARTESIAN_POINT('',(-0.125000733956,-4.85,-1.416669113186));
#14986=CARTESIAN_POINT('Origin',(0.152768888758,-4.85,-1.5));
#14987=CARTESIAN_POINT('',(0.137769622714,-4.85,-0.540767924286));
#14988=CARTESIAN_POINT('',(-0.15,-4.85,-1.5));
#14989=CARTESIAN_POINT('',(0.15,-4.85,-0.457437037472));
#14990=CARTESIAN_POINT('Origin',(-0.14,-4.85,-0.457437037472));
#14991=CARTESIAN_POINT('',(0.15,-4.85,1.5));
#14992=CARTESIAN_POINT('',(0.14,-4.85,1.5));
#14993=CARTESIAN_POINT('',(-0.15,-4.85,1.5));
#14994=CARTESIAN_POINT('',(-0.15,-4.85,1.21));
#14995=CARTESIAN_POINT('Origin',(0.14,-4.85,1.21));
#14996=CARTESIAN_POINT('',(-0.15,-4.85,-0.457437037472));
#14997=CARTESIAN_POINT('',(-0.15,-4.85,-0.5));
#14998=CARTESIAN_POINT('Origin',(-0.44,-4.85,-0.457437037472));
#14999=CARTESIAN_POINT('Origin',(-0.15,-4.15,-0.5));
#15000=CARTESIAN_POINT('',(-0.162230377286,-4.15,-0.540767924286));
#15001=CARTESIAN_POINT('',(-0.425000733956,-4.15,-1.416669113186));
#15002=CARTESIAN_POINT('',(-0.15,-4.15,-0.5));
#15003=CARTESIAN_POINT('',(-0.15,-4.15,-0.457437037472));
#15004=CARTESIAN_POINT('Origin',(-0.44,-4.15,-0.457437037472));
#15005=CARTESIAN_POINT('',(-0.15,-4.15,1.21));
#15006=CARTESIAN_POINT('',(-0.15,-4.15,-0.5));
#15007=CARTESIAN_POINT('',(0.14,-4.15,1.5));
#15008=CARTESIAN_POINT('Origin',(0.14,-4.15,1.21));
#15009=CARTESIAN_POINT('',(-0.15,-4.15,1.5));
#15010=CARTESIAN_POINT('',(0.15,-4.15,-0.457437037472));
#15011=CARTESIAN_POINT('',(0.15,-4.15,1.5));
#15012=CARTESIAN_POINT('',(0.137769622714,-4.15,-0.540767924286));
#15013=CARTESIAN_POINT('Origin',(-0.14,-4.15,-0.457437037472));
#15014=CARTESIAN_POINT('',(-0.125000733956,-4.15,-1.416669113186));
#15015=CARTESIAN_POINT('',(-0.15,-4.15,-1.5));
#15016=CARTESIAN_POINT('',(-0.125000733956,-4.15,-1.583330886814));
#15017=CARTESIAN_POINT('Origin',(0.152768888758,-4.15,-1.5));
#15018=CARTESIAN_POINT('',(0.137769622714,-4.15,-2.459232075714));
#15019=CARTESIAN_POINT('',(0.15,-4.15,-2.5));
#15020=CARTESIAN_POINT('',(0.15,-4.15,-2.542562962528));
#15021=CARTESIAN_POINT('Origin',(-0.14,-4.15,-2.542562962528));
#15022=CARTESIAN_POINT('',(0.15,-4.15,-3.5));
#15023=CARTESIAN_POINT('',(0.15,-4.15,-2.5));
#15024=CARTESIAN_POINT('',(-0.15,-4.15,-3.5));
#15025=CARTESIAN_POINT('',(0.15,-4.15,-3.5));
#15026=CARTESIAN_POINT('',(-0.15,-4.15,-2.542562962528));
#15027=CARTESIAN_POINT('',(-0.15,-4.15,-3.5));
#15028=CARTESIAN_POINT('',(-0.162230377286,-4.15,-2.459232075714));
#15029=CARTESIAN_POINT('Origin',(-0.44,-4.15,-2.542562962528));
#15030=CARTESIAN_POINT('',(-0.425000733956,-4.15,-1.583330886814));
#15031=CARTESIAN_POINT('',(-0.45,-4.15,-1.5));
#15032=CARTESIAN_POINT('Origin',(-0.147231111242,-4.15,-1.5));
#15033=CARTESIAN_POINT('Origin',(-0.15,-4.85,1.5));
#15034=CARTESIAN_POINT('',(0.14,-4.85,1.5));
#15035=CARTESIAN_POINT('Origin',(6.45,-4.85,-0.5));
#15036=CARTESIAN_POINT('',(6.462230377286,-4.85,-0.540767924286));
#15037=CARTESIAN_POINT('',(6.725000733956,-4.85,-1.416669113186));
#15038=CARTESIAN_POINT('',(6.45,-4.85,-0.5));
#15039=CARTESIAN_POINT('',(6.45,-4.85,-0.457437037472));
#15040=CARTESIAN_POINT('Origin',(6.74,-4.85,-0.457437037472));
#15041=CARTESIAN_POINT('',(6.45,-4.85,1.21));
#15042=CARTESIAN_POINT('',(6.45,-4.85,-0.5));
#15043=CARTESIAN_POINT('',(6.16,-4.85,1.5));
#15044=CARTESIAN_POINT('Origin',(6.16,-4.85,1.21));
#15045=CARTESIAN_POINT('',(6.45,-4.85,1.5));
#15046=CARTESIAN_POINT('',(6.15,-4.85,-0.457437037472));
#15047=CARTESIAN_POINT('',(6.15,-4.85,1.5));
#15048=CARTESIAN_POINT('',(6.162230377286,-4.85,-0.540767924286));
#15049=CARTESIAN_POINT('Origin',(6.44,-4.85,-0.457437037472));
#15050=CARTESIAN_POINT('',(6.425000733956,-4.85,-1.416669113186));
#15051=CARTESIAN_POINT('',(6.45,-4.85,-1.5));
#15052=CARTESIAN_POINT('',(6.425000733956,-4.85,-1.583330886814));
#15053=CARTESIAN_POINT('Origin',(6.147231111242,-4.85,-1.5));
#15054=CARTESIAN_POINT('',(6.162230377286,-4.85,-2.459232075714));
#15055=CARTESIAN_POINT('',(6.15,-4.85,-2.5));
#15056=CARTESIAN_POINT('',(6.15,-4.85,-2.542562962528));
#15057=CARTESIAN_POINT('Origin',(6.44,-4.85,-2.542562962528));
#15058=CARTESIAN_POINT('',(6.15,-4.85,-3.5));
#15059=CARTESIAN_POINT('',(6.15,-4.85,-2.5));
#15060=CARTESIAN_POINT('',(6.45,-4.85,-3.5));
#15061=CARTESIAN_POINT('',(6.15,-4.85,-3.5));
#15062=CARTESIAN_POINT('',(6.45,-4.85,-2.542562962528));
#15063=CARTESIAN_POINT('',(6.45,-4.85,-3.5));
#15064=CARTESIAN_POINT('',(6.462230377286,-4.85,-2.459232075714));
#15065=CARTESIAN_POINT('Origin',(6.74,-4.85,-2.542562962528));
#15066=CARTESIAN_POINT('',(6.725000733956,-4.85,-1.583330886814));
#15067=CARTESIAN_POINT('',(6.75,-4.85,-1.5));
#15068=CARTESIAN_POINT('Origin',(6.447231111242,-4.85,-1.5));
#15069=CARTESIAN_POINT('Origin',(6.45,-4.85,1.5));
#15070=CARTESIAN_POINT('',(6.16,-4.15,1.5));
#15071=CARTESIAN_POINT('',(6.16,-4.85,1.5));
#15072=CARTESIAN_POINT('',(6.45,-4.15,1.5));
#15073=CARTESIAN_POINT('Origin',(6.45,-4.15,-0.5));
#15074=CARTESIAN_POINT('',(6.462230377286,-4.15,-0.540767924286));
#15075=CARTESIAN_POINT('',(6.725000733956,-4.15,-1.416669113186));
#15076=CARTESIAN_POINT('',(6.45,-4.15,-0.5));
#15077=CARTESIAN_POINT('',(6.725000733956,-4.15,-1.583330886814));
#15078=CARTESIAN_POINT('Origin',(6.447231111242,-4.15,-1.5));
#15079=CARTESIAN_POINT('',(6.462230377286,-4.15,-2.459232075714));
#15080=CARTESIAN_POINT('',(6.75,-4.15,-1.5));
#15081=CARTESIAN_POINT('',(6.45,-4.15,-2.542562962528));
#15082=CARTESIAN_POINT('Origin',(6.74,-4.15,-2.542562962528));
#15083=CARTESIAN_POINT('',(6.45,-4.15,-3.5));
#15084=CARTESIAN_POINT('',(6.45,-4.15,-3.5));
#15085=CARTESIAN_POINT('',(6.15,-4.15,-3.5));
#15086=CARTESIAN_POINT('',(6.15,-4.15,-3.5));
#15087=CARTESIAN_POINT('',(6.15,-4.15,-2.542562962528));
#15088=CARTESIAN_POINT('',(6.15,-4.15,-2.5));
#15089=CARTESIAN_POINT('',(6.162230377286,-4.15,-2.459232075714));
#15090=CARTESIAN_POINT('Origin',(6.44,-4.15,-2.542562962528));
#15091=CARTESIAN_POINT('',(6.425000733956,-4.15,-1.583330886814));
#15092=CARTESIAN_POINT('',(6.15,-4.15,-2.5));
#15093=CARTESIAN_POINT('',(6.425000733956,-4.15,-1.416669113186));
#15094=CARTESIAN_POINT('Origin',(6.147231111242,-4.15,-1.5));
#15095=CARTESIAN_POINT('',(6.162230377286,-4.15,-0.540767924286));
#15096=CARTESIAN_POINT('',(6.45,-4.15,-1.5));
#15097=CARTESIAN_POINT('',(6.15,-4.15,-0.457437037472));
#15098=CARTESIAN_POINT('Origin',(6.44,-4.15,-0.457437037472));
#15099=CARTESIAN_POINT('',(6.15,-4.15,1.5));
#15100=CARTESIAN_POINT('',(6.45,-4.15,1.21));
#15101=CARTESIAN_POINT('Origin',(6.16,-4.15,1.21));
#15102=CARTESIAN_POINT('',(6.45,-4.15,-0.457437037472));
#15103=CARTESIAN_POINT('',(6.45,-4.15,-0.5));
#15104=CARTESIAN_POINT('Origin',(6.74,-4.15,-0.457437037472));
#15105=CARTESIAN_POINT('Origin',(6.45,0.35,-0.5));
#15106=CARTESIAN_POINT('',(6.462230377286,0.35,-0.540767924286));
#15107=CARTESIAN_POINT('',(6.725000733956,0.35,-1.416669113186));
#15108=CARTESIAN_POINT('',(6.45,0.35,-0.5));
#15109=CARTESIAN_POINT('',(6.725000733956,0.35,-1.583330886814));
#15110=CARTESIAN_POINT('Origin',(6.447231111242,0.35,-1.5));
#15111=CARTESIAN_POINT('',(6.462230377286,0.35,-2.459232075714));
#15112=CARTESIAN_POINT('',(6.75,0.35,-1.5));
#15113=CARTESIAN_POINT('',(6.45,0.35,-2.542562962528));
#15114=CARTESIAN_POINT('Origin',(6.74,0.35,-2.542562962528));
#15115=CARTESIAN_POINT('',(6.45,0.35,-3.5));
#15116=CARTESIAN_POINT('',(6.45,0.35,-3.5));
#15117=CARTESIAN_POINT('',(6.15,0.35,-3.5));
#15118=CARTESIAN_POINT('',(6.15,0.35,-3.5));
#15119=CARTESIAN_POINT('',(6.15,0.35,-2.542562962528));
#15120=CARTESIAN_POINT('',(6.15,0.35,-2.5));
#15121=CARTESIAN_POINT('',(6.162230377286,0.35,-2.459232075714));
#15122=CARTESIAN_POINT('Origin',(6.44,0.35,-2.542562962528));
#15123=CARTESIAN_POINT('',(6.425000733956,0.35,-1.583330886814));
#15124=CARTESIAN_POINT('',(6.15,0.35,-2.5));
#15125=CARTESIAN_POINT('',(6.425000733956,0.35,-1.416669113186));
#15126=CARTESIAN_POINT('Origin',(6.147231111242,0.35,-1.5));
#15127=CARTESIAN_POINT('',(6.162230377286,0.35,-0.540767924286));
#15128=CARTESIAN_POINT('',(6.45,0.35,-1.5));
#15129=CARTESIAN_POINT('',(6.15,0.35,-0.457437037472));
#15130=CARTESIAN_POINT('Origin',(6.44,0.35,-0.457437037472));
#15131=CARTESIAN_POINT('',(6.15,0.35,1.5));
#15132=CARTESIAN_POINT('',(6.16,0.35,1.5));
#15133=CARTESIAN_POINT('',(6.45,0.35,1.5));
#15134=CARTESIAN_POINT('',(6.45,0.35,1.21));
#15135=CARTESIAN_POINT('Origin',(6.16,0.35,1.21));
#15136=CARTESIAN_POINT('',(6.45,0.35,-0.457437037472));
#15137=CARTESIAN_POINT('',(6.45,0.35,-0.5));
#15138=CARTESIAN_POINT('Origin',(6.74,0.35,-0.457437037472));
#15139=CARTESIAN_POINT('Origin',(6.45,-0.35,-0.5));
#15140=CARTESIAN_POINT('',(6.462230377286,-0.35,-0.540767924286));
#15141=CARTESIAN_POINT('',(6.725000733956,-0.35,-1.416669113186));
#15142=CARTESIAN_POINT('',(6.45,-0.35,-0.5));
#15143=CARTESIAN_POINT('',(6.45,-0.35,-0.457437037472));
#15144=CARTESIAN_POINT('Origin',(6.74,-0.35,-0.457437037472));
#15145=CARTESIAN_POINT('',(6.45,-0.35,1.21));
#15146=CARTESIAN_POINT('',(6.45,-0.35,-0.5));
#15147=CARTESIAN_POINT('',(6.16,-0.35,1.5));
#15148=CARTESIAN_POINT('Origin',(6.16,-0.35,1.21));
#15149=CARTESIAN_POINT('',(6.45,-0.35,1.5));
#15150=CARTESIAN_POINT('',(6.15,-0.35,-0.457437037472));
#15151=CARTESIAN_POINT('',(6.15,-0.35,1.5));
#15152=CARTESIAN_POINT('',(6.162230377286,-0.35,-0.540767924286));
#15153=CARTESIAN_POINT('Origin',(6.44,-0.35,-0.457437037472));
#15154=CARTESIAN_POINT('',(6.425000733956,-0.35,-1.416669113186));
#15155=CARTESIAN_POINT('',(6.45,-0.35,-1.5));
#15156=CARTESIAN_POINT('',(6.425000733956,-0.35,-1.583330886814));
#15157=CARTESIAN_POINT('Origin',(6.147231111242,-0.35,-1.5));
#15158=CARTESIAN_POINT('',(6.162230377286,-0.35,-2.459232075714));
#15159=CARTESIAN_POINT('',(6.15,-0.35,-2.5));
#15160=CARTESIAN_POINT('',(6.15,-0.35,-2.542562962528));
#15161=CARTESIAN_POINT('Origin',(6.44,-0.35,-2.542562962528));
#15162=CARTESIAN_POINT('',(6.15,-0.35,-3.5));
#15163=CARTESIAN_POINT('',(6.15,-0.35,-2.5));
#15164=CARTESIAN_POINT('',(6.45,-0.35,-3.5));
#15165=CARTESIAN_POINT('',(6.15,-0.35,-3.5));
#15166=CARTESIAN_POINT('',(6.45,-0.35,-2.542562962528));
#15167=CARTESIAN_POINT('',(6.45,-0.35,-3.5));
#15168=CARTESIAN_POINT('',(6.462230377286,-0.35,-2.459232075714));
#15169=CARTESIAN_POINT('Origin',(6.74,-0.35,-2.542562962528));
#15170=CARTESIAN_POINT('',(6.725000733956,-0.35,-1.583330886814));
#15171=CARTESIAN_POINT('',(6.75,-0.35,-1.5));
#15172=CARTESIAN_POINT('Origin',(6.447231111242,-0.35,-1.5));
#15173=CARTESIAN_POINT('Origin',(6.45,-0.35,1.5));
#15174=CARTESIAN_POINT('',(6.16,-0.35,1.5));
#15175=CARTESIAN_POINT('Origin',(4.9,-2.25,4.3));
#15176=CARTESIAN_POINT('Origin',(0.15,-4.85,1.5));
#15177=CARTESIAN_POINT('',(0.15,-4.85,-0.457437037472));
#15178=CARTESIAN_POINT('Origin',(6.15,-4.85,1.5));
#15179=CARTESIAN_POINT('',(6.15,-4.85,-0.457437037472));
#15180=CARTESIAN_POINT('Origin',(0.15,-0.35,1.5));
#15181=CARTESIAN_POINT('',(0.15,-0.35,-0.457437037472));
#15182=CARTESIAN_POINT('Origin',(6.15,-0.35,1.5));
#15183=CARTESIAN_POINT('',(6.15,-0.35,-0.457437037472));
#15184=CARTESIAN_POINT('Origin',(-0.15,-0.35,-0.5));
#15185=CARTESIAN_POINT('',(-0.162230377286,-0.35,-0.540767924286));
#15186=CARTESIAN_POINT('',(-0.425000733956,-0.35,-1.416669113186));
#15187=CARTESIAN_POINT('Origin',(-0.44,-0.35,-0.457437037472));
#15188=CARTESIAN_POINT('',(-0.15,-0.35,-0.457437037472));
#15189=CARTESIAN_POINT('Origin',(-0.147231111242,-0.35,-1.5));
#15190=CARTESIAN_POINT('',(-0.425000733956,-0.35,-1.583330886814));
#15191=CARTESIAN_POINT('Origin',(-0.15,-0.35,-0.5));
#15192=CARTESIAN_POINT('',(-0.15,-0.35,1.21));
#15193=CARTESIAN_POINT('Origin',(-0.45,-0.35,-1.5));
#15194=CARTESIAN_POINT('',(-0.162230377286,-0.35,-2.459232075714));
#15195=CARTESIAN_POINT('Origin',(0.14,-0.35,1.21));
#15196=CARTESIAN_POINT('Origin',(-0.44,-0.35,-2.542562962528));
#15197=CARTESIAN_POINT('',(-0.15,-0.35,-2.542562962528));
#15198=CARTESIAN_POINT('Origin',(-0.15,-0.35,-3.5));
#15199=CARTESIAN_POINT('',(-0.15,-0.35,-3.5));
#15200=CARTESIAN_POINT('Origin',(0.15,-0.35,-3.5));
#15201=CARTESIAN_POINT('',(0.15,-0.35,-3.5));
#15202=CARTESIAN_POINT('Origin',(0.15,-0.35,-2.5));
#15203=CARTESIAN_POINT('',(0.15,-0.35,-2.542562962528));
#15204=CARTESIAN_POINT('Origin',(-0.14,-0.35,-0.457437037472));
#15205=CARTESIAN_POINT('',(0.137769622714,-0.35,-0.540767924286));
#15206=CARTESIAN_POINT('Origin',(-0.14,-0.35,-2.542562962528));
#15207=CARTESIAN_POINT('',(0.137769622714,-0.35,-2.459232075714));
#15208=CARTESIAN_POINT('Origin',(-0.15,-0.35,-1.5));
#15209=CARTESIAN_POINT('',(-0.125000733956,-0.35,-1.416669113186));
#15210=CARTESIAN_POINT('Origin',(0.15,-0.35,-2.5));
#15211=CARTESIAN_POINT('',(-0.125000733956,-0.35,-1.583330886814));
#15212=CARTESIAN_POINT('Origin',(0.152768888758,-0.35,-1.5));
#15213=CARTESIAN_POINT('Origin',(-0.15,-4.85,-0.5));
#15214=CARTESIAN_POINT('',(-0.162230377286,-4.85,-0.540767924286));
#15215=CARTESIAN_POINT('',(-0.425000733956,-4.85,-1.416669113186));
#15216=CARTESIAN_POINT('Origin',(-0.44,-4.85,-0.457437037472));
#15217=CARTESIAN_POINT('',(-0.15,-4.85,-0.457437037472));
#15218=CARTESIAN_POINT('Origin',(-0.147231111242,-4.85,-1.5));
#15219=CARTESIAN_POINT('',(-0.425000733956,-4.85,-1.583330886814));
#15220=CARTESIAN_POINT('Origin',(-0.15,-4.85,-0.5));
#15221=CARTESIAN_POINT('',(-0.15,-4.85,1.21));
#15222=CARTESIAN_POINT('Origin',(-0.45,-4.85,-1.5));
#15223=CARTESIAN_POINT('',(-0.162230377286,-4.85,-2.459232075714));
#15224=CARTESIAN_POINT('Origin',(0.14,-4.85,1.21));
#15225=CARTESIAN_POINT('Origin',(-0.44,-4.85,-2.542562962528));
#15226=CARTESIAN_POINT('',(-0.15,-4.85,-2.542562962528));
#15227=CARTESIAN_POINT('Origin',(-0.15,-4.85,-3.5));
#15228=CARTESIAN_POINT('',(-0.15,-4.85,-3.5));
#15229=CARTESIAN_POINT('Origin',(0.15,-4.85,-3.5));
#15230=CARTESIAN_POINT('',(0.15,-4.85,-3.5));
#15231=CARTESIAN_POINT('Origin',(0.15,-4.85,-2.5));
#15232=CARTESIAN_POINT('',(0.15,-4.85,-2.542562962528));
#15233=CARTESIAN_POINT('Origin',(-0.14,-4.85,-0.457437037472));
#15234=CARTESIAN_POINT('',(0.137769622714,-4.85,-0.540767924286));
#15235=CARTESIAN_POINT('Origin',(-0.14,-4.85,-2.542562962528));
#15236=CARTESIAN_POINT('',(0.137769622714,-4.85,-2.459232075714));
#15237=CARTESIAN_POINT('Origin',(-0.15,-4.85,-1.5));
#15238=CARTESIAN_POINT('',(-0.125000733956,-4.85,-1.416669113186));
#15239=CARTESIAN_POINT('Origin',(0.15,-4.85,-2.5));
#15240=CARTESIAN_POINT('',(-0.125000733956,-4.85,-1.583330886814));
#15241=CARTESIAN_POINT('Origin',(0.152768888758,-4.85,-1.5));
#15242=CARTESIAN_POINT('Origin',(6.45,-4.85,-0.5));
#15243=CARTESIAN_POINT('',(6.725000733956,-4.85,-1.416669113186));
#15244=CARTESIAN_POINT('',(6.462230377286,-4.85,-0.540767924286));
#15245=CARTESIAN_POINT('Origin',(6.74,-4.85,-0.457437037472));
#15246=CARTESIAN_POINT('',(6.45,-4.85,-0.457437037472));
#15247=CARTESIAN_POINT('Origin',(6.447231111242,-4.85,-1.5));
#15248=CARTESIAN_POINT('',(6.725000733956,-4.85,-1.583330886814));
#15249=CARTESIAN_POINT('Origin',(6.45,-4.85,-0.5));
#15250=CARTESIAN_POINT('',(6.45,-4.85,1.21));
#15251=CARTESIAN_POINT('Origin',(6.75,-4.85,-1.5));
#15252=CARTESIAN_POINT('',(6.462230377286,-4.85,-2.459232075714));
#15253=CARTESIAN_POINT('Origin',(6.16,-4.85,1.21));
#15254=CARTESIAN_POINT('Origin',(6.74,-4.85,-2.542562962528));
#15255=CARTESIAN_POINT('',(6.45,-4.85,-2.542562962528));
#15256=CARTESIAN_POINT('Origin',(6.45,-4.85,-3.5));
#15257=CARTESIAN_POINT('',(6.45,-4.85,-3.5));
#15258=CARTESIAN_POINT('Origin',(6.15,-4.85,-3.5));
#15259=CARTESIAN_POINT('',(6.15,-4.85,-3.5));
#15260=CARTESIAN_POINT('Origin',(6.15,-4.85,-2.5));
#15261=CARTESIAN_POINT('',(6.15,-4.85,-2.542562962528));
#15262=CARTESIAN_POINT('Origin',(6.44,-4.85,-0.457437037472));
#15263=CARTESIAN_POINT('',(6.162230377286,-4.85,-0.540767924286));
#15264=CARTESIAN_POINT('Origin',(6.44,-4.85,-2.542562962528));
#15265=CARTESIAN_POINT('',(6.162230377286,-4.85,-2.459232075714));
#15266=CARTESIAN_POINT('Origin',(6.45,-4.85,-1.5));
#15267=CARTESIAN_POINT('',(6.425000733956,-4.85,-1.416669113186));
#15268=CARTESIAN_POINT('Origin',(6.15,-4.85,-2.5));
#15269=CARTESIAN_POINT('',(6.425000733956,-4.85,-1.583330886814));
#15270=CARTESIAN_POINT('Origin',(6.147231111242,-4.85,-1.5));
#15271=CARTESIAN_POINT('Origin',(6.45,-0.35,-0.5));
#15272=CARTESIAN_POINT('',(6.725000733956,-0.35,-1.416669113186));
#15273=CARTESIAN_POINT('',(6.462230377286,-0.35,-0.540767924286));
#15274=CARTESIAN_POINT('Origin',(6.74,-0.35,-0.457437037472));
#15275=CARTESIAN_POINT('',(6.45,-0.35,-0.457437037472));
#15276=CARTESIAN_POINT('Origin',(6.447231111242,-0.35,-1.5));
#15277=CARTESIAN_POINT('',(6.725000733956,-0.35,-1.583330886814));
#15278=CARTESIAN_POINT('Origin',(6.45,-0.35,-0.5));
#15279=CARTESIAN_POINT('',(6.45,-0.35,1.21));
#15280=CARTESIAN_POINT('Origin',(6.75,-0.35,-1.5));
#15281=CARTESIAN_POINT('',(6.462230377286,-0.35,-2.459232075714));
#15282=CARTESIAN_POINT('Origin',(6.16,-0.35,1.21));
#15283=CARTESIAN_POINT('Origin',(6.74,-0.35,-2.542562962528));
#15284=CARTESIAN_POINT('',(6.45,-0.35,-2.542562962528));
#15285=CARTESIAN_POINT('Origin',(6.45,-0.35,-3.5));
#15286=CARTESIAN_POINT('',(6.45,-0.35,-3.5));
#15287=CARTESIAN_POINT('Origin',(6.15,-0.35,-3.5));
#15288=CARTESIAN_POINT('',(6.15,-0.35,-3.5));
#15289=CARTESIAN_POINT('Origin',(6.15,-0.35,-2.5));
#15290=CARTESIAN_POINT('',(6.15,-0.35,-2.542562962528));
#15291=CARTESIAN_POINT('Origin',(6.44,-0.35,-0.457437037472));
#15292=CARTESIAN_POINT('',(6.162230377286,-0.35,-0.540767924286));
#15293=CARTESIAN_POINT('Origin',(6.44,-0.35,-2.542562962528));
#15294=CARTESIAN_POINT('',(6.162230377286,-0.35,-2.459232075714));
#15295=CARTESIAN_POINT('Origin',(6.45,-0.35,-1.5));
#15296=CARTESIAN_POINT('',(6.425000733956,-0.35,-1.416669113186));
#15297=CARTESIAN_POINT('Origin',(6.15,-0.35,-2.5));
#15298=CARTESIAN_POINT('',(6.425000733956,-0.35,-1.583330886814));
#15299=CARTESIAN_POINT('Origin',(6.147231111242,-0.35,-1.5));
#15300=CARTESIAN_POINT('',(0.,0.,0.));
#15301=CARTESIAN_POINT('Origin',(-1.,-0.6,0.));
#15302=CARTESIAN_POINT('',(-1.,-0.6,0.045));
#15303=CARTESIAN_POINT('',(-1.,-0.6,0.405));
#15304=CARTESIAN_POINT('',(-1.,-0.6,0.));
#15305=CARTESIAN_POINT('',(-1.,0.6,0.405));
#15306=CARTESIAN_POINT('',(-1.,-0.6,0.405));
#15307=CARTESIAN_POINT('',(-1.,0.6,0.045));
#15308=CARTESIAN_POINT('',(-1.,0.6,0.));
#15309=CARTESIAN_POINT('',(-1.,-0.6,0.045));
#15310=CARTESIAN_POINT('Origin',(-1.,-0.6,0.));
#15311=CARTESIAN_POINT('',(-0.955,-0.6,-2.775557561563E-17));
#15312=CARTESIAN_POINT('',(-0.745,-0.6,-2.775557561563E-17));
#15313=CARTESIAN_POINT('',(-1.,-0.6,0.));
#15314=CARTESIAN_POINT('',(-0.7,-0.6,0.045));
#15315=CARTESIAN_POINT('Origin',(-0.745,-0.6,0.045));
#15316=CARTESIAN_POINT('',(-0.955,-0.6,0.045));
#15317=CARTESIAN_POINT('',(-0.955,-0.6,0.045));
#15318=CARTESIAN_POINT('',(-0.955,-0.6,0.405));
#15319=CARTESIAN_POINT('',(-0.955,-0.6,0.045));
#15320=CARTESIAN_POINT('',(-0.7,-0.6,0.405));
#15321=CARTESIAN_POINT('',(-0.955,-0.6,0.405));
#15322=CARTESIAN_POINT('',(-0.745,-0.6,0.45));
#15323=CARTESIAN_POINT('Origin',(-0.745,-0.6,0.405));
#15324=CARTESIAN_POINT('',(-0.955,-0.6,0.45));
#15325=CARTESIAN_POINT('',(-1.,-0.6,0.45));
#15326=CARTESIAN_POINT('Origin',(-0.955,-0.6,0.405));
#15327=CARTESIAN_POINT('Origin',(-0.955,-0.6,0.045));
#15328=CARTESIAN_POINT('Origin',(-0.955,-0.6,0.045));
#15329=CARTESIAN_POINT('',(-0.955,0.6,-2.775557561563E-17));
#15330=CARTESIAN_POINT('Origin',(-0.955,0.6,0.045));
#15331=CARTESIAN_POINT('',(-0.955,-0.6,-2.775557561563E-17));
#15332=CARTESIAN_POINT('Origin',(-0.955,-0.6,0.405));
#15333=CARTESIAN_POINT('',(-0.955,0.6,0.45));
#15334=CARTESIAN_POINT('',(-0.955,-0.6,0.45));
#15335=CARTESIAN_POINT('Origin',(-0.955,0.6,0.405));
#15336=CARTESIAN_POINT('Origin',(-1.,0.6,0.));
#15337=CARTESIAN_POINT('',(-0.745,0.6,-2.775557561563E-17));
#15338=CARTESIAN_POINT('',(-1.,0.6,0.));
#15339=CARTESIAN_POINT('',(-0.745,0.6,0.45));
#15340=CARTESIAN_POINT('',(-1.,0.6,0.45));
#15341=CARTESIAN_POINT('',(-0.7,0.6,0.405));
#15342=CARTESIAN_POINT('Origin',(-0.745,0.6,0.405));
#15343=CARTESIAN_POINT('',(-0.955,0.6,0.405));
#15344=CARTESIAN_POINT('',(-0.955,0.6,0.405));
#15345=CARTESIAN_POINT('',(-0.955,0.6,0.045));
#15346=CARTESIAN_POINT('',(-0.955,0.6,0.045));
#15347=CARTESIAN_POINT('',(-0.7,0.6,0.045));
#15348=CARTESIAN_POINT('',(-0.955,0.6,0.045));
#15349=CARTESIAN_POINT('Origin',(-0.745,0.6,0.045));
#15350=CARTESIAN_POINT('Origin',(-1.,-0.6,0.));
#15351=CARTESIAN_POINT('',(-0.745,-0.6,-2.775557561563E-17));
#15352=CARTESIAN_POINT('Origin',(-0.745,-0.6,0.045));
#15353=CARTESIAN_POINT('',(-0.7,-0.6,0.045));
#15354=CARTESIAN_POINT('Origin',(-0.955,-0.6,0.045));
#15355=CARTESIAN_POINT('',(0.7,-0.6,0.045));
#15356=CARTESIAN_POINT('',(-0.955,-0.6,0.045));
#15357=CARTESIAN_POINT('',(0.955,-0.6,0.045));
#15358=CARTESIAN_POINT('',(-0.955,-0.6,0.045));
#15359=CARTESIAN_POINT('',(0.955,-0.6,0.405));
#15360=CARTESIAN_POINT('',(0.955,-0.6,0.045));
#15361=CARTESIAN_POINT('',(0.7,-0.6,0.405));
#15362=CARTESIAN_POINT('',(-0.955,-0.6,0.405));
#15363=CARTESIAN_POINT('',(-0.7,-0.6,0.405));
#15364=CARTESIAN_POINT('Origin',(-1.,-0.6,0.45));
#15365=CARTESIAN_POINT('',(-0.745,-0.6,0.45));
#15366=CARTESIAN_POINT('Origin',(-0.745,-0.6,0.405));
#15367=CARTESIAN_POINT('',(-0.7,-0.6,0.405));
#15368=CARTESIAN_POINT('Origin',(-0.955,0.6,0.045));
#15369=CARTESIAN_POINT('',(0.7,0.6,0.405));
#15370=CARTESIAN_POINT('',(-0.7,0.6,0.405));
#15371=CARTESIAN_POINT('',(0.955,0.6,0.405));
#15372=CARTESIAN_POINT('',(-0.955,0.6,0.405));
#15373=CARTESIAN_POINT('',(0.955,0.6,0.045));
#15374=CARTESIAN_POINT('',(0.955,0.6,0.045));
#15375=CARTESIAN_POINT('',(0.7,0.6,0.045));
#15376=CARTESIAN_POINT('',(-0.955,0.6,0.045));
#15377=CARTESIAN_POINT('',(-0.955,0.6,0.045));
#15378=CARTESIAN_POINT('Origin',(-0.955,-0.6,0.045));
#15379=CARTESIAN_POINT('',(0.7,-0.6,0.045));
#15380=CARTESIAN_POINT('Origin',(0.7,-0.6,0.));
#15381=CARTESIAN_POINT('',(0.745,-0.6,-2.775557561563E-17));
#15382=CARTESIAN_POINT('',(0.955,-0.6,-2.775557561563E-17));
#15383=CARTESIAN_POINT('',(0.7,-0.6,0.));
#15384=CARTESIAN_POINT('',(1.,-0.6,0.045));
#15385=CARTESIAN_POINT('Origin',(0.955,-0.6,0.045));
#15386=CARTESIAN_POINT('',(1.,-0.6,0.405));
#15387=CARTESIAN_POINT('',(1.,-0.6,0.));
#15388=CARTESIAN_POINT('',(0.955,-0.6,0.45));
#15389=CARTESIAN_POINT('Origin',(0.955,-0.6,0.405));
#15390=CARTESIAN_POINT('',(0.745,-0.6,0.45));
#15391=CARTESIAN_POINT('',(0.7,-0.6,0.45));
#15392=CARTESIAN_POINT('Origin',(0.745,-0.6,0.405));
#15393=CARTESIAN_POINT('Origin',(0.745,-0.6,0.045));
#15394=CARTESIAN_POINT('Origin',(-0.7,-0.6,0.405));
#15395=CARTESIAN_POINT('',(0.7,-0.6,0.45));
#15396=CARTESIAN_POINT('',(0.7,-0.6,0.405));
#15397=CARTESIAN_POINT('',(-0.7,-0.6,0.45));
#15398=CARTESIAN_POINT('',(-0.7,-0.6,0.45));
#15399=CARTESIAN_POINT('',(-0.7,-0.6,0.405));
#15400=CARTESIAN_POINT('Origin',(-0.7,-0.6,0.405));
#15401=CARTESIAN_POINT('',(-0.7,0.6,0.45));
#15402=CARTESIAN_POINT('',(-0.7,-0.6,0.45));
#15403=CARTESIAN_POINT('',(-0.7,0.6,0.405));
#15404=CARTESIAN_POINT('Origin',(0.7,0.6,0.));
#15405=CARTESIAN_POINT('',(0.745,0.6,-2.775557561563E-17));
#15406=CARTESIAN_POINT('',(0.955,0.6,-2.775557561563E-17));
#15407=CARTESIAN_POINT('',(0.7,0.6,0.));
#15408=CARTESIAN_POINT('Origin',(0.745,0.6,0.045));
#15409=CARTESIAN_POINT('',(0.745,0.6,0.45));
#15410=CARTESIAN_POINT('Origin',(0.745,0.6,0.405));
#15411=CARTESIAN_POINT('',(0.955,0.6,0.45));
#15412=CARTESIAN_POINT('',(0.7,0.6,0.45));
#15413=CARTESIAN_POINT('',(1.,0.6,0.405));
#15414=CARTESIAN_POINT('Origin',(0.955,0.6,0.405));
#15415=CARTESIAN_POINT('',(1.,0.6,0.045));
#15416=CARTESIAN_POINT('',(1.,0.6,0.));
#15417=CARTESIAN_POINT('Origin',(0.955,0.6,0.045));
#15418=CARTESIAN_POINT('Origin',(-0.7,0.6,0.405));
#15419=CARTESIAN_POINT('',(0.7,0.6,0.45));
#15420=CARTESIAN_POINT('',(-0.7,0.6,0.45));
#15421=CARTESIAN_POINT('',(0.7,0.6,0.405));
#15422=CARTESIAN_POINT('Origin',(0.745,-0.6,0.045));
#15423=CARTESIAN_POINT('',(0.745,-0.6,-2.775557561563E-17));
#15424=CARTESIAN_POINT('Origin',(0.7,-0.6,0.));
#15425=CARTESIAN_POINT('',(0.955,-0.6,-2.775557561563E-17));
#15426=CARTESIAN_POINT('Origin',(0.955,-0.6,0.045));
#15427=CARTESIAN_POINT('',(1.,-0.6,0.045));
#15428=CARTESIAN_POINT('Origin',(1.,-0.6,0.));
#15429=CARTESIAN_POINT('',(1.,-0.6,0.405));
#15430=CARTESIAN_POINT('Origin',(0.955,-0.6,0.405));
#15431=CARTESIAN_POINT('',(0.955,-0.6,0.45));
#15432=CARTESIAN_POINT('Origin',(0.7,-0.6,0.45));
#15433=CARTESIAN_POINT('',(0.745,-0.6,0.45));
#15434=CARTESIAN_POINT('Origin',(0.745,-0.6,0.405));
#15435=CARTESIAN_POINT('',(0.7,-0.6,0.405));
#15436=CARTESIAN_POINT('Origin',(0.7,-0.6,0.405));
#15437=CARTESIAN_POINT('',(0.7,-0.6,0.45));
#15438=CARTESIAN_POINT('Origin',(-0.7,-0.6,0.45));
#15439=CARTESIAN_POINT('',(143.5,-84.95,1.595));
#15440=CARTESIAN_POINT('',(114.5,-93.,1.595));
#15441=CARTESIAN_POINT('',(153.3,-86.5,1.595));
#15442=CARTESIAN_POINT('',(137.,-93.6275,1.595));
#15443=CARTESIAN_POINT('',(126.5,-94.5,1.595));
#15444=CARTESIAN_POINT('',(143.5875,-92.5875,1.595));
#15445=CARTESIAN_POINT('',(0.,0.,0.));
#15446=CARTESIAN_POINT('',(0.,0.,0.));
#15447=CARTESIAN_POINT('Origin',(146.307215718102,-32.,-53.1023190386094));
#15448=CARTESIAN_POINT('',(146.307215718102,-32.,-53.1023190386094));
#15449=CARTESIAN_POINT('',(146.307215718102,-32.,-55.9999997384347));
#15450=CARTESIAN_POINT('',(146.307215718102,-32.,-63.1136595193031));
#15451=CARTESIAN_POINT('',(146.307215718102,-31.8,-53.1023190386094));
#15452=CARTESIAN_POINT('',(146.307215718102,-32.,-53.1023190386094));
#15453=CARTESIAN_POINT('',(146.307215718102,-31.8,-55.9999997384347));
#15454=CARTESIAN_POINT('',(146.307215718102,-31.8,-53.1023190386094));
#15455=CARTESIAN_POINT('',(146.307215718102,-32.,-55.9999997384347));
#15456=CARTESIAN_POINT('Origin',(145.816083577942,-32.,-53.1023190386094));
#15457=CARTESIAN_POINT('',(145.816083577942,-32.,-53.1023190386094));
#15458=CARTESIAN_POINT('',(138.345541788969,-32.,-53.1023190386094));
#15459=CARTESIAN_POINT('',(145.816083577942,-31.8,-53.1023190386094));
#15460=CARTESIAN_POINT('',(145.816083577942,-32.,-53.1023190386094));
#15461=CARTESIAN_POINT('',(145.816083577942,-31.8,-53.1023190386094));
#15462=CARTESIAN_POINT('Origin',(145.816083577942,-32.,-54.6548427111901));
#15463=CARTESIAN_POINT('',(145.816083577942,-32.,-54.6548427111901));
#15464=CARTESIAN_POINT('',(145.816083577942,-32.,-63.8899213555934));
#15465=CARTESIAN_POINT('',(145.816083577942,-31.8,-54.6548427111901));
#15466=CARTESIAN_POINT('',(145.816083577942,-32.,-54.6548427111901));
#15467=CARTESIAN_POINT('',(145.816083577942,-31.8,-54.6548427111901));
#15468=CARTESIAN_POINT('Ctrl Pts',(145.734227923225,-32.,-55.222373700837));
#15469=CARTESIAN_POINT('Ctrl Pts',(145.734227923225,-31.8,-55.222373700837));
#15470=CARTESIAN_POINT('Ctrl Pts',(145.75798622817,-32.,-55.1428565690255));
#15471=CARTESIAN_POINT('Ctrl Pts',(145.75798622817,-31.8,-55.1428565690255));
#15472=CARTESIAN_POINT('Ctrl Pts',(145.813193677333,-32.,-54.9580816862089));
#15473=CARTESIAN_POINT('Ctrl Pts',(145.813193677333,-31.8,-54.9580816862089));
#15474=CARTESIAN_POINT('Ctrl Pts',(145.815034784106,-32.,-54.7648932669051));
#15475=CARTESIAN_POINT('Ctrl Pts',(145.815034784106,-31.8,-54.7648932669051));
#15476=CARTESIAN_POINT('Ctrl Pts',(145.816083577942,-32.,-54.6548427111901));
#15477=CARTESIAN_POINT('Ctrl Pts',(145.816083577942,-31.8,-54.6548427111901));
#15478=CARTESIAN_POINT('',(145.734227923225,-32.,-55.222373700837));
#15479=CARTESIAN_POINT('Ctrl Pts',(145.734227923225,-32.,-55.222373700837));
#15480=CARTESIAN_POINT('Ctrl Pts',(145.75798622817,-32.,-55.1428565690255));
#15481=CARTESIAN_POINT('Ctrl Pts',(145.813193677333,-32.,-54.9580816862089));
#15482=CARTESIAN_POINT('Ctrl Pts',(145.815034784106,-32.,-54.7648932669051));
#15483=CARTESIAN_POINT('Ctrl Pts',(145.816083577942,-32.,-54.6548427111901));
#15484=CARTESIAN_POINT('',(145.734227923225,-31.8,-55.222373700837));
#15485=CARTESIAN_POINT('',(145.734227923225,-32.,-55.222373700837));
#15486=CARTESIAN_POINT('Ctrl Pts',(145.734227923225,-31.8,-55.222373700837));
#15487=CARTESIAN_POINT('Ctrl Pts',(145.75798622817,-31.8,-55.1428565690255));
#15488=CARTESIAN_POINT('Ctrl Pts',(145.813193677333,-31.8,-54.9580816862089));
#15489=CARTESIAN_POINT('Ctrl Pts',(145.815034784106,-31.8,-54.7648932669051));
#15490=CARTESIAN_POINT('Ctrl Pts',(145.816083577942,-31.8,-54.6548427111901));
#15491=CARTESIAN_POINT('Ctrl Pts',(145.46137693293,-32.,-55.5306954152383));
#15492=CARTESIAN_POINT('Ctrl Pts',(145.46137693293,-31.8,-55.5306954152383));
#15493=CARTESIAN_POINT('Ctrl Pts',(145.520902383909,-32.,-55.4898586876774));
#15494=CARTESIAN_POINT('Ctrl Pts',(145.520902383909,-31.8,-55.4898586876774));
#15495=CARTESIAN_POINT('Ctrl Pts',(145.637651919592,-32.,-55.4097640575118));
#15496=CARTESIAN_POINT('Ctrl Pts',(145.637651919592,-31.8,-55.4097640575118));
#15497=CARTESIAN_POINT('Ctrl Pts',(145.702461765804,-32.,-55.2840108709971));
#15498=CARTESIAN_POINT('Ctrl Pts',(145.702461765804,-31.8,-55.2840108709971));
#15499=CARTESIAN_POINT('Ctrl Pts',(145.734227923225,-32.,-55.222373700837));
#15500=CARTESIAN_POINT('Ctrl Pts',(145.734227923225,-31.8,-55.222373700837));
#15501=CARTESIAN_POINT('',(145.46137693293,-32.,-55.5306954152383));
#15502=CARTESIAN_POINT('Ctrl Pts',(145.46137693293,-32.,-55.5306954152383));
#15503=CARTESIAN_POINT('Ctrl Pts',(145.520902383909,-32.,-55.4898586876774));
#15504=CARTESIAN_POINT('Ctrl Pts',(145.637651919592,-32.,-55.4097640575118));
#15505=CARTESIAN_POINT('Ctrl Pts',(145.702461765804,-32.,-55.2840108709971));
#15506=CARTESIAN_POINT('Ctrl Pts',(145.734227923225,-32.,-55.222373700837));
#15507=CARTESIAN_POINT('',(145.46137693293,-31.8,-55.5306954152383));
#15508=CARTESIAN_POINT('',(145.46137693293,-32.,-55.5306954152383));
#15509=CARTESIAN_POINT('Ctrl Pts',(145.46137693293,-31.8,-55.5306954152383));
#15510=CARTESIAN_POINT('Ctrl Pts',(145.520902383909,-31.8,-55.4898586876774));
#15511=CARTESIAN_POINT('Ctrl Pts',(145.637651919592,-31.8,-55.4097640575118));
#15512=CARTESIAN_POINT('Ctrl Pts',(145.702461765804,-31.8,-55.2840108709971));
#15513=CARTESIAN_POINT('Ctrl Pts',(145.734227923225,-31.8,-55.222373700837));
#15514=CARTESIAN_POINT('Ctrl Pts',(145.046642748188,-32.,-55.6425643927849));
#15515=CARTESIAN_POINT('Ctrl Pts',(145.046642748188,-31.8,-55.6425643927849));
#15516=CARTESIAN_POINT('Ctrl Pts',(145.119278093597,-32.,-55.6378439117848));
#15517=CARTESIAN_POINT('Ctrl Pts',(145.119278093597,-31.8,-55.6378439117848));
#15518=CARTESIAN_POINT('Ctrl Pts',(145.265013727968,-32.,-55.6283727336797));
#15519=CARTESIAN_POINT('Ctrl Pts',(145.265013727968,-31.8,-55.6283727336797));
#15520=CARTESIAN_POINT('Ctrl Pts',(145.395783465433,-32.,-55.5633236971693));
#15521=CARTESIAN_POINT('Ctrl Pts',(145.395783465433,-31.8,-55.5633236971693));
#15522=CARTESIAN_POINT('Ctrl Pts',(145.46137693293,-32.,-55.5306954152383));
#15523=CARTESIAN_POINT('Ctrl Pts',(145.46137693293,-31.8,-55.5306954152383));
#15524=CARTESIAN_POINT('',(145.046642748188,-32.,-55.6425643927849));
#15525=CARTESIAN_POINT('Ctrl Pts',(145.046642748188,-32.,-55.6425643927849));
#15526=CARTESIAN_POINT('Ctrl Pts',(145.119278093597,-32.,-55.6378439117848));
#15527=CARTESIAN_POINT('Ctrl Pts',(145.265013727968,-32.,-55.6283727336797));
#15528=CARTESIAN_POINT('Ctrl Pts',(145.395783465433,-32.,-55.5633236971693));
#15529=CARTESIAN_POINT('Ctrl Pts',(145.46137693293,-32.,-55.5306954152383));
#15530=CARTESIAN_POINT('',(145.046642748188,-31.8,-55.6425643927849));
#15531=CARTESIAN_POINT('',(145.046642748188,-32.,-55.6425643927849));
#15532=CARTESIAN_POINT('Ctrl Pts',(145.046642748188,-31.8,-55.6425643927849));
#15533=CARTESIAN_POINT('Ctrl Pts',(145.119278093597,-31.8,-55.6378439117848));
#15534=CARTESIAN_POINT('Ctrl Pts',(145.265013727968,-31.8,-55.6283727336797));
#15535=CARTESIAN_POINT('Ctrl Pts',(145.395783465433,-31.8,-55.5633236971693));
#15536=CARTESIAN_POINT('Ctrl Pts',(145.46137693293,-31.8,-55.5306954152383));
#15537=CARTESIAN_POINT('Ctrl Pts',(144.675565091442,-32.,-55.5334241158761));
#15538=CARTESIAN_POINT('Ctrl Pts',(144.675565091442,-31.8,-55.5334241158761));
#15539=CARTESIAN_POINT('Ctrl Pts',(144.730130309804,-32.,-55.5652374782047));
#15540=CARTESIAN_POINT('Ctrl Pts',(144.730130309804,-31.8,-55.5652374782047));
#15541=CARTESIAN_POINT('Ctrl Pts',(144.844636379663,-32.,-55.6319983782547));
#15542=CARTESIAN_POINT('Ctrl Pts',(144.844636379663,-31.8,-55.6319983782547));
#15543=CARTESIAN_POINT('Ctrl Pts',(144.977232330147,-32.,-55.6389338563275));
#15544=CARTESIAN_POINT('Ctrl Pts',(144.977232330147,-31.8,-55.6389338563275));
#15545=CARTESIAN_POINT('Ctrl Pts',(145.046642748188,-32.,-55.6425643927849));
#15546=CARTESIAN_POINT('Ctrl Pts',(145.046642748188,-31.8,-55.6425643927849));
#15547=CARTESIAN_POINT('',(144.675565091442,-32.,-55.5334241158761));
#15548=CARTESIAN_POINT('Ctrl Pts',(144.675565091442,-32.,-55.5334241158761));
#15549=CARTESIAN_POINT('Ctrl Pts',(144.730130309804,-32.,-55.5652374782047));
#15550=CARTESIAN_POINT('Ctrl Pts',(144.844636379663,-32.,-55.6319983782547));
#15551=CARTESIAN_POINT('Ctrl Pts',(144.977232330147,-32.,-55.6389338563275));
#15552=CARTESIAN_POINT('Ctrl Pts',(145.046642748188,-32.,-55.6425643927849));
#15553=CARTESIAN_POINT('',(144.675565091442,-31.8,-55.5334241158761));
#15554=CARTESIAN_POINT('',(144.675565091442,-32.,-55.5334241158761));
#15555=CARTESIAN_POINT('Ctrl Pts',(144.675565091442,-31.8,-55.5334241158761));
#15556=CARTESIAN_POINT('Ctrl Pts',(144.730130309804,-31.8,-55.5652374782047));
#15557=CARTESIAN_POINT('Ctrl Pts',(144.844636379663,-31.8,-55.6319983782547));
#15558=CARTESIAN_POINT('Ctrl Pts',(144.977232330147,-31.8,-55.6389338563275));
#15559=CARTESIAN_POINT('Ctrl Pts',(145.046642748188,-31.8,-55.6425643927849));
#15560=CARTESIAN_POINT('Ctrl Pts',(144.479112056564,-32.,-55.2278305060662));
#15561=CARTESIAN_POINT('Ctrl Pts',(144.479112056564,-31.8,-55.2278305060662));
#15562=CARTESIAN_POINT('Ctrl Pts',(144.498455421572,-32.,-55.2886638942335));
#15563=CARTESIAN_POINT('Ctrl Pts',(144.498455421572,-31.8,-55.2886638942335));
#15564=CARTESIAN_POINT('Ctrl Pts',(144.536493931019,-32.,-55.4082920669698));
#15565=CARTESIAN_POINT('Ctrl Pts',(144.536493931019,-31.8,-55.4082920669698));
#15566=CARTESIAN_POINT('Ctrl Pts',(144.629737698822,-32.,-55.4921900058196));
#15567=CARTESIAN_POINT('Ctrl Pts',(144.629737698822,-31.8,-55.4921900058196));
#15568=CARTESIAN_POINT('Ctrl Pts',(144.675565091442,-32.,-55.5334241158761));
#15569=CARTESIAN_POINT('Ctrl Pts',(144.675565091442,-31.8,-55.5334241158761));
#15570=CARTESIAN_POINT('',(144.479112056564,-32.,-55.2278305060662));
#15571=CARTESIAN_POINT('Ctrl Pts',(144.479112056564,-32.,-55.2278305060662));
#15572=CARTESIAN_POINT('Ctrl Pts',(144.498455421572,-32.,-55.2886638942335));
#15573=CARTESIAN_POINT('Ctrl Pts',(144.536493931019,-32.,-55.4082920669698));
#15574=CARTESIAN_POINT('Ctrl Pts',(144.629737698822,-32.,-55.4921900058196));
#15575=CARTESIAN_POINT('Ctrl Pts',(144.675565091442,-32.,-55.5334241158761));
#15576=CARTESIAN_POINT('',(144.479112056564,-31.8,-55.2278305060662));
#15577=CARTESIAN_POINT('',(144.479112056564,-32.,-55.2278305060662));
#15578=CARTESIAN_POINT('Ctrl Pts',(144.479112056564,-31.8,-55.2278305060662));
#15579=CARTESIAN_POINT('Ctrl Pts',(144.498455421572,-31.8,-55.2886638942335));
#15580=CARTESIAN_POINT('Ctrl Pts',(144.536493931019,-31.8,-55.4082920669698));
#15581=CARTESIAN_POINT('Ctrl Pts',(144.629737698822,-31.8,-55.4921900058196));
#15582=CARTESIAN_POINT('Ctrl Pts',(144.675565091442,-31.8,-55.5334241158761));
#15583=CARTESIAN_POINT('Ctrl Pts',(144.449098435711,-32.,-54.7094131476678));
#15584=CARTESIAN_POINT('Ctrl Pts',(144.449098435711,-31.8,-54.7094131476678));
#15585=CARTESIAN_POINT('Ctrl Pts',(144.448588516825,-32.,-54.8169418519617));
#15586=CARTESIAN_POINT('Ctrl Pts',(144.448588516825,-31.8,-54.8169418519617));
#15587=CARTESIAN_POINT('Ctrl Pts',(144.447765510538,-32.,-54.990492591191));
#15588=CARTESIAN_POINT('Ctrl Pts',(144.447765510538,-31.8,-54.990492591191));
#15589=CARTESIAN_POINT('Ctrl Pts',(144.470473500852,-32.,-55.1624243589695));
#15590=CARTESIAN_POINT('Ctrl Pts',(144.470473500852,-31.8,-55.1624243589695));
#15591=CARTESIAN_POINT('Ctrl Pts',(144.479112056564,-32.,-55.2278305060662));
#15592=CARTESIAN_POINT('Ctrl Pts',(144.479112056564,-31.8,-55.2278305060662));
#15593=CARTESIAN_POINT('',(144.449098435711,-32.,-54.7094131476678));
#15594=CARTESIAN_POINT('Ctrl Pts',(144.449098435711,-32.,-54.7094131476678));
#15595=CARTESIAN_POINT('Ctrl Pts',(144.448588516825,-32.,-54.8169418519617));
#15596=CARTESIAN_POINT('Ctrl Pts',(144.447765510538,-32.,-54.990492591191));
#15597=CARTESIAN_POINT('Ctrl Pts',(144.470473500852,-32.,-55.1624243589695));
#15598=CARTESIAN_POINT('Ctrl Pts',(144.479112056564,-32.,-55.2278305060662));
#15599=CARTESIAN_POINT('',(144.449098435711,-31.8,-54.7094131476678));
#15600=CARTESIAN_POINT('',(144.449098435711,-32.,-54.7094131476678));
#15601=CARTESIAN_POINT('Ctrl Pts',(144.449098435711,-31.8,-54.7094131476678));
#15602=CARTESIAN_POINT('Ctrl Pts',(144.448588516825,-31.8,-54.8169418519617));
#15603=CARTESIAN_POINT('Ctrl Pts',(144.447765510538,-31.8,-54.990492591191));
#15604=CARTESIAN_POINT('Ctrl Pts',(144.470473500852,-31.8,-55.1624243589695));
#15605=CARTESIAN_POINT('Ctrl Pts',(144.479112056564,-31.8,-55.2278305060662));
#15606=CARTESIAN_POINT('Origin',(144.449098435711,-32.,-53.1023190386094));
#15607=CARTESIAN_POINT('',(144.449098435711,-32.,-53.1023190386094));
#15608=CARTESIAN_POINT('',(144.449098435711,-32.,-63.1136595193031));
#15609=CARTESIAN_POINT('',(144.449098435711,-31.8,-53.1023190386094));
#15610=CARTESIAN_POINT('',(144.449098435711,-32.,-53.1023190386094));
#15611=CARTESIAN_POINT('',(144.449098435711,-31.8,-53.1023190386094));
#15612=CARTESIAN_POINT('Origin',(143.957966295551,-32.,-53.1023190386094));
#15613=CARTESIAN_POINT('',(143.957966295551,-32.,-53.1023190386094));
#15614=CARTESIAN_POINT('',(137.416483147773,-32.,-53.1023190386094));
#15615=CARTESIAN_POINT('',(143.957966295551,-31.8,-53.1023190386094));
#15616=CARTESIAN_POINT('',(143.957966295551,-32.,-53.1023190386094));
#15617=CARTESIAN_POINT('',(143.957966295551,-31.8,-53.1023190386094));
#15618=CARTESIAN_POINT('Origin',(143.957966295551,-32.,-54.8976803786553));
#15619=CARTESIAN_POINT('',(143.957966295551,-32.,-54.8976803786553));
#15620=CARTESIAN_POINT('',(143.957966295551,-32.,-64.011340189326));
#15621=CARTESIAN_POINT('',(143.957966295551,-31.8,-54.8976803786553));
#15622=CARTESIAN_POINT('',(143.957966295551,-32.,-54.8976803786553));
#15623=CARTESIAN_POINT('',(143.957966295551,-31.8,-54.8976803786553));
#15624=CARTESIAN_POINT('Ctrl Pts',(143.987979916405,-32.,-55.3560707933701));
#15625=CARTESIAN_POINT('Ctrl Pts',(143.987979916405,-31.8,-55.3560707933701));
#15626=CARTESIAN_POINT('Ctrl Pts',(143.979295453787,-32.,-55.2938569883301));
#15627=CARTESIAN_POINT('Ctrl Pts',(143.979295453787,-31.8,-55.2938569883301));
#15628=CARTESIAN_POINT('Ctrl Pts',(143.958082051771,-32.,-55.1418882925901));
#15629=CARTESIAN_POINT('Ctrl Pts',(143.958082051771,-31.8,-55.1418882925901));
#15630=CARTESIAN_POINT('Ctrl Pts',(143.958009277236,-32.,-54.988357730196));
#15631=CARTESIAN_POINT('Ctrl Pts',(143.958009277236,-31.8,-54.988357730196));
#15632=CARTESIAN_POINT('Ctrl Pts',(143.957966295551,-32.,-54.8976803786553));
#15633=CARTESIAN_POINT('Ctrl Pts',(143.957966295551,-31.8,-54.8976803786553));
#15634=CARTESIAN_POINT('',(143.987979916405,-32.,-55.3560707933701));
#15635=CARTESIAN_POINT('Ctrl Pts',(143.987979916405,-32.,-55.3560707933701));
#15636=CARTESIAN_POINT('Ctrl Pts',(143.979295453787,-32.,-55.2938569883301));
#15637=CARTESIAN_POINT('Ctrl Pts',(143.958082051771,-32.,-55.1418882925901));
#15638=CARTESIAN_POINT('Ctrl Pts',(143.958009277236,-32.,-54.988357730196));
#15639=CARTESIAN_POINT('Ctrl Pts',(143.957966295551,-32.,-54.8976803786553));
#15640=CARTESIAN_POINT('',(143.987979916405,-31.8,-55.3560707933701));
#15641=CARTESIAN_POINT('',(143.987979916405,-32.,-55.3560707933701));
#15642=CARTESIAN_POINT('Ctrl Pts',(143.987979916405,-31.8,-55.3560707933701));
#15643=CARTESIAN_POINT('Ctrl Pts',(143.979295453787,-31.8,-55.2938569883301));
#15644=CARTESIAN_POINT('Ctrl Pts',(143.958082051771,-31.8,-55.1418882925901));
#15645=CARTESIAN_POINT('Ctrl Pts',(143.958009277236,-31.8,-54.988357730196));
#15646=CARTESIAN_POINT('Ctrl Pts',(143.957966295551,-31.8,-54.8976803786553));
#15647=CARTESIAN_POINT('Ctrl Pts',(144.138048020672,-32.,-55.7216913468636));
#15648=CARTESIAN_POINT('Ctrl Pts',(144.138048020672,-31.8,-55.7216913468636));
#15649=CARTESIAN_POINT('Ctrl Pts',(144.10489770823,-32.,-55.6674222659357));
#15650=CARTESIAN_POINT('Ctrl Pts',(144.10489770823,-31.8,-55.6674222659357));
#15651=CARTESIAN_POINT('Ctrl Pts',(144.035401057467,-32.,-55.5536520150172));
#15652=CARTESIAN_POINT('Ctrl Pts',(144.035401057467,-31.8,-55.5536520150172));
#15653=CARTESIAN_POINT('Ctrl Pts',(144.00426427167,-32.,-55.4239199158307));
#15654=CARTESIAN_POINT('Ctrl Pts',(144.00426427167,-31.8,-55.4239199158307));
#15655=CARTESIAN_POINT('Ctrl Pts',(143.987979916405,-32.,-55.3560707933701));
#15656=CARTESIAN_POINT('Ctrl Pts',(143.987979916405,-31.8,-55.3560707933701));
#15657=CARTESIAN_POINT('',(144.138048020672,-32.,-55.7216913468636));
#15658=CARTESIAN_POINT('Ctrl Pts',(144.138048020672,-32.,-55.7216913468636));
#15659=CARTESIAN_POINT('Ctrl Pts',(144.10489770823,-32.,-55.6674222659357));
#15660=CARTESIAN_POINT('Ctrl Pts',(144.035401057467,-32.,-55.5536520150172));
#15661=CARTESIAN_POINT('Ctrl Pts',(144.00426427167,-32.,-55.4239199158307));
#15662=CARTESIAN_POINT('Ctrl Pts',(143.987979916405,-32.,-55.3560707933701));
#15663=CARTESIAN_POINT('',(144.138048020672,-31.8,-55.7216913468636));
#15664=CARTESIAN_POINT('',(144.138048020672,-32.,-55.7216913468636));
#15665=CARTESIAN_POINT('Ctrl Pts',(144.138048020672,-31.8,-55.7216913468636));
#15666=CARTESIAN_POINT('Ctrl Pts',(144.10489770823,-31.8,-55.6674222659357));
#15667=CARTESIAN_POINT('Ctrl Pts',(144.035401057467,-31.8,-55.5536520150172));
#15668=CARTESIAN_POINT('Ctrl Pts',(144.00426427167,-31.8,-55.4239199158307));
#15669=CARTESIAN_POINT('Ctrl Pts',(143.987979916405,-31.8,-55.3560707933701));
#15670=CARTESIAN_POINT('Ctrl Pts',(144.468198148083,-32.,-55.9672577149666));
#15671=CARTESIAN_POINT('Ctrl Pts',(144.468198148083,-31.8,-55.9672577149666));
#15672=CARTESIAN_POINT('Ctrl Pts',(144.400760917119,-32.,-55.9344965813672));
#15673=CARTESIAN_POINT('Ctrl Pts',(144.400760917119,-31.8,-55.9344965813672));
#15674=CARTESIAN_POINT('Ctrl Pts',(144.274974293672,-32.,-55.8733892031894));
#15675=CARTESIAN_POINT('Ctrl Pts',(144.274974293672,-31.8,-55.8733892031894));
#15676=CARTESIAN_POINT('Ctrl Pts',(144.181437494503,-32.,-55.7697616698414));
#15677=CARTESIAN_POINT('Ctrl Pts',(144.181437494503,-31.8,-55.7697616698414));
#15678=CARTESIAN_POINT('Ctrl Pts',(144.138048020672,-32.,-55.7216913468636));
#15679=CARTESIAN_POINT('Ctrl Pts',(144.138048020672,-31.8,-55.7216913468636));
#15680=CARTESIAN_POINT('',(144.468198148083,-32.,-55.9672577149666));
#15681=CARTESIAN_POINT('Ctrl Pts',(144.468198148083,-32.,-55.9672577149666));
#15682=CARTESIAN_POINT('Ctrl Pts',(144.400760917119,-32.,-55.9344965813672));
#15683=CARTESIAN_POINT('Ctrl Pts',(144.274974293672,-32.,-55.8733892031894));
#15684=CARTESIAN_POINT('Ctrl Pts',(144.181437494503,-32.,-55.7697616698414));
#15685=CARTESIAN_POINT('Ctrl Pts',(144.138048020672,-32.,-55.7216913468636));
#15686=CARTESIAN_POINT('',(144.468198148083,-31.8,-55.9672577149666));
#15687=CARTESIAN_POINT('',(144.468198148083,-32.,-55.9672577149666));
#15688=CARTESIAN_POINT('Ctrl Pts',(144.468198148083,-31.8,-55.9672577149666));
#15689=CARTESIAN_POINT('Ctrl Pts',(144.400760917119,-31.8,-55.9344965813672));
#15690=CARTESIAN_POINT('Ctrl Pts',(144.274974293672,-31.8,-55.8733892031894));
#15691=CARTESIAN_POINT('Ctrl Pts',(144.181437494503,-31.8,-55.7697616698414));
#15692=CARTESIAN_POINT('Ctrl Pts',(144.138048020672,-31.8,-55.7216913468636));
#15693=CARTESIAN_POINT('Ctrl Pts',(144.948416379761,-32.,-56.0654837853707));
#15694=CARTESIAN_POINT('Ctrl Pts',(144.948416379761,-31.8,-56.0654837853707));
#15695=CARTESIAN_POINT('Ctrl Pts',(144.864765858605,-32.,-56.0615996314938));
#15696=CARTESIAN_POINT('Ctrl Pts',(144.864765858605,-31.8,-56.0615996314938));
#15697=CARTESIAN_POINT('Ctrl Pts',(144.699530989875,-32.,-56.0539272626059));
#15698=CARTESIAN_POINT('Ctrl Pts',(144.699530989875,-31.8,-56.0539272626059));
#15699=CARTESIAN_POINT('Ctrl Pts',(144.544663584011,-32.,-55.9959057214089));
#15700=CARTESIAN_POINT('Ctrl Pts',(144.544663584011,-31.8,-55.9959057214089));
#15701=CARTESIAN_POINT('Ctrl Pts',(144.468198148083,-32.,-55.9672577149666));
#15702=CARTESIAN_POINT('Ctrl Pts',(144.468198148083,-31.8,-55.9672577149666));
#15703=CARTESIAN_POINT('',(144.948416379761,-32.,-56.0654837853707));
#15704=CARTESIAN_POINT('Ctrl Pts',(144.948416379761,-32.,-56.0654837853707));
#15705=CARTESIAN_POINT('Ctrl Pts',(144.864765858605,-32.,-56.0615996314938));
#15706=CARTESIAN_POINT('Ctrl Pts',(144.699530989875,-32.,-56.0539272626059));
#15707=CARTESIAN_POINT('Ctrl Pts',(144.544663584011,-32.,-55.9959057214089));
#15708=CARTESIAN_POINT('Ctrl Pts',(144.468198148083,-32.,-55.9672577149666));
#15709=CARTESIAN_POINT('',(144.948416379761,-31.8,-56.0654837853707));
#15710=CARTESIAN_POINT('',(144.948416379761,-32.,-56.0654837853707));
#15711=CARTESIAN_POINT('Ctrl Pts',(144.948416379761,-31.8,-56.0654837853707));
#15712=CARTESIAN_POINT('Ctrl Pts',(144.864765858605,-31.8,-56.0615996314938));
#15713=CARTESIAN_POINT('Ctrl Pts',(144.699530989875,-31.8,-56.0539272626059));
#15714=CARTESIAN_POINT('Ctrl Pts',(144.544663584011,-31.8,-55.9959057214089));
#15715=CARTESIAN_POINT('Ctrl Pts',(144.468198148083,-31.8,-55.9672577149666));
#15716=CARTESIAN_POINT('Ctrl Pts',(145.867925313782,-32.,-55.5743516452111));
#15717=CARTESIAN_POINT('Ctrl Pts',(145.867925313782,-31.8,-55.5743516452111));
#15718=CARTESIAN_POINT('Ctrl Pts',(145.7457859877,-32.,-55.717595991092));
#15719=CARTESIAN_POINT('Ctrl Pts',(145.7457859877,-31.8,-55.717595991092));
#15720=CARTESIAN_POINT('Ctrl Pts',(145.503376927368,-32.,-56.0018920355933));
#15721=CARTESIAN_POINT('Ctrl Pts',(145.503376927368,-31.8,-56.0018920355933));
#15722=CARTESIAN_POINT('Ctrl Pts',(145.132449630608,-32.,-56.0443958062539));
#15723=CARTESIAN_POINT('Ctrl Pts',(145.132449630608,-31.8,-56.0443958062539));
#15724=CARTESIAN_POINT('Ctrl Pts',(144.948416379761,-32.,-56.0654837853707));
#15725=CARTESIAN_POINT('Ctrl Pts',(144.948416379761,-31.8,-56.0654837853707));
#15726=CARTESIAN_POINT('',(145.867925313782,-32.,-55.5743516452111));
#15727=CARTESIAN_POINT('Ctrl Pts',(145.867925313782,-32.,-55.5743516452111));
#15728=CARTESIAN_POINT('Ctrl Pts',(145.7457859877,-32.,-55.717595991092));
#15729=CARTESIAN_POINT('Ctrl Pts',(145.503376927368,-32.,-56.0018920355933));
#15730=CARTESIAN_POINT('Ctrl Pts',(145.132449630608,-32.,-56.0443958062539));
#15731=CARTESIAN_POINT('Ctrl Pts',(144.948416379761,-32.,-56.0654837853707));
#15732=CARTESIAN_POINT('',(145.867925313782,-31.8,-55.5743516452111));
#15733=CARTESIAN_POINT('',(145.867925313782,-32.,-55.5743516452111));
#15734=CARTESIAN_POINT('Ctrl Pts',(145.867925313782,-31.8,-55.5743516452111));
#15735=CARTESIAN_POINT('Ctrl Pts',(145.7457859877,-31.8,-55.717595991092));
#15736=CARTESIAN_POINT('Ctrl Pts',(145.503376927368,-31.8,-56.0018920355933));
#15737=CARTESIAN_POINT('Ctrl Pts',(145.132449630608,-31.8,-56.0443958062539));
#15738=CARTESIAN_POINT('Ctrl Pts',(144.948416379761,-31.8,-56.0654837853707));
#15739=CARTESIAN_POINT('Origin',(145.867925313782,-32.,-55.9999997384347));
#15740=CARTESIAN_POINT('',(145.867925313782,-32.,-55.9999997384347));
#15741=CARTESIAN_POINT('',(145.867925313782,-32.,-64.5624998692157));
#15742=CARTESIAN_POINT('',(145.867925313782,-31.8,-55.9999997384347));
#15743=CARTESIAN_POINT('',(145.867925313782,-32.,-55.9999997384347));
#15744=CARTESIAN_POINT('',(145.867925313782,-31.8,-55.9999997384347));
#15745=CARTESIAN_POINT('Origin',(146.307215718102,-32.,-55.9999997384347));
#15746=CARTESIAN_POINT('',(138.591107859048,-32.,-55.9999997384347));
#15747=CARTESIAN_POINT('',(146.307215718102,-31.8,-55.9999997384347));
#15748=CARTESIAN_POINT('Origin',(148.746505965959,-31.8,-57.1555250353612));
#15749=CARTESIAN_POINT('Origin',(150.364514616798,-32.,-51.99999967883));
#15750=CARTESIAN_POINT('',(150.364514616798,-32.,-51.99999967883));
#15751=CARTESIAN_POINT('',(150.364514616798,-32.,-52.5648019678391));
#15752=CARTESIAN_POINT('',(150.364514616798,-32.,-62.5624998394134));
#15753=CARTESIAN_POINT('',(150.364514616798,-31.8,-51.99999967883));
#15754=CARTESIAN_POINT('',(150.364514616798,-32.,-51.99999967883));
#15755=CARTESIAN_POINT('',(150.364514616798,-31.8,-52.5648019678391));
#15756=CARTESIAN_POINT('',(150.364514616798,-31.8,-51.99999967883));
#15757=CARTESIAN_POINT('',(150.364514616798,-32.,-52.5648019678391));
#15758=CARTESIAN_POINT('Origin',(149.873382476639,-32.,-51.99999967883));
#15759=CARTESIAN_POINT('',(149.873382476639,-32.,-51.99999967883));
#15760=CARTESIAN_POINT('',(140.374191238317,-32.,-51.99999967883));
#15761=CARTESIAN_POINT('',(149.873382476639,-31.8,-51.99999967883));
#15762=CARTESIAN_POINT('',(149.873382476639,-32.,-51.99999967883));
#15763=CARTESIAN_POINT('',(149.873382476639,-31.8,-51.99999967883));
#15764=CARTESIAN_POINT('Origin',(149.873382476639,-32.,-52.5648019678391));
#15765=CARTESIAN_POINT('',(149.873382476639,-32.,-52.5648019678391));
#15766=CARTESIAN_POINT('',(149.873382476639,-32.,-62.8449009839179));
#15767=CARTESIAN_POINT('',(149.873382476639,-31.8,-52.5648019678391));
#15768=CARTESIAN_POINT('',(149.873382476639,-32.,-52.5648019678391));
#15769=CARTESIAN_POINT('',(149.873382476639,-31.8,-52.5648019678391));
#15770=CARTESIAN_POINT('Origin',(150.364514616798,-32.,-52.5648019678391));
#15771=CARTESIAN_POINT('',(140.619757308397,-32.,-52.5648019678391));
#15772=CARTESIAN_POINT('',(150.364514616798,-31.8,-52.5648019678391));
#15773=CARTESIAN_POINT('Origin',(148.746505965959,-31.8,-57.1555250353612));
#15774=CARTESIAN_POINT('Origin',(151.603258279633,-32.,-60.6603003508843));
#15775=CARTESIAN_POINT('',(151.603258279633,-32.,-60.6603003508843));
#15776=CARTESIAN_POINT('',(151.603258279633,-32.,-62.2428376443185));
#15777=CARTESIAN_POINT('',(151.603258279633,-32.,-66.8926501754405));
#15778=CARTESIAN_POINT('',(151.603258279633,-31.8,-60.6603003508843));
#15779=CARTESIAN_POINT('',(151.603258279633,-32.,-60.6603003508843));
#15780=CARTESIAN_POINT('',(151.603258279633,-31.8,-62.2428376443185));
#15781=CARTESIAN_POINT('',(151.603258279633,-31.8,-60.6603003508843));
#15782=CARTESIAN_POINT('',(151.603258279633,-32.,-62.2428376443185));
#15783=CARTESIAN_POINT('Ctrl Pts',(151.829724935364,-32.,-59.9045021302499));
#15784=CARTESIAN_POINT('Ctrl Pts',(151.829724935364,-31.8,-59.9045021302499));
#15785=CARTESIAN_POINT('Ctrl Pts',(151.764131796927,-32.,-59.9976446338099));
#15786=CARTESIAN_POINT('Ctrl Pts',(151.764131796927,-31.8,-59.9976446338099));
#15787=CARTESIAN_POINT('Ctrl Pts',(151.606330781967,-32.,-60.221722669224));
#15788=CARTESIAN_POINT('Ctrl Pts',(151.606330781967,-31.8,-60.221722669224));
#15789=CARTESIAN_POINT('Ctrl Pts',(151.604391474993,-32.,-60.4985448370052));
#15790=CARTESIAN_POINT('Ctrl Pts',(151.604391474993,-31.8,-60.4985448370052));
#15791=CARTESIAN_POINT('Ctrl Pts',(151.603258279633,-32.,-60.6603003508843));
#15792=CARTESIAN_POINT('Ctrl Pts',(151.603258279633,-31.8,-60.6603003508843));
#15793=CARTESIAN_POINT('',(151.829724935364,-32.,-59.9045021302499));
#15794=CARTESIAN_POINT('Ctrl Pts',(151.829724935364,-32.,-59.9045021302499));
#15795=CARTESIAN_POINT('Ctrl Pts',(151.764131796927,-32.,-59.9976446338099));
#15796=CARTESIAN_POINT('Ctrl Pts',(151.606330781967,-32.,-60.221722669224));
#15797=CARTESIAN_POINT('Ctrl Pts',(151.604391474993,-32.,-60.4985448370052));
#15798=CARTESIAN_POINT('Ctrl Pts',(151.603258279633,-32.,-60.6603003508843));
#15799=CARTESIAN_POINT('',(151.829724935364,-31.8,-59.9045021302499));
#15800=CARTESIAN_POINT('',(151.829724935364,-32.,-59.9045021302499));
#15801=CARTESIAN_POINT('Ctrl Pts',(151.829724935364,-31.8,-59.9045021302499));
#15802=CARTESIAN_POINT('Ctrl Pts',(151.764131796927,-31.8,-59.9976446338099));
#15803=CARTESIAN_POINT('Ctrl Pts',(151.606330781967,-31.8,-60.221722669224));
#15804=CARTESIAN_POINT('Ctrl Pts',(151.604391474993,-31.8,-60.4985448370052));
#15805=CARTESIAN_POINT('Ctrl Pts',(151.603258279633,-31.8,-60.6603003508843));
#15806=CARTESIAN_POINT('Ctrl Pts',(152.37269940741,-32.,-59.7053206927575));
#15807=CARTESIAN_POINT('Ctrl Pts',(152.37269940741,-31.8,-59.7053206927575));
#15808=CARTESIAN_POINT('Ctrl Pts',(152.271982826963,-32.,-59.7133161034364));
#15809=CARTESIAN_POINT('Ctrl Pts',(152.271982826963,-31.8,-59.7133161034364));
#15810=CARTESIAN_POINT('Ctrl Pts',(152.072352476913,-32.,-59.7291638082092));
#15811=CARTESIAN_POINT('Ctrl Pts',(152.072352476913,-31.8,-59.7291638082092));
#15812=CARTESIAN_POINT('Ctrl Pts',(151.910112399609,-32.,-59.8464089599368));
#15813=CARTESIAN_POINT('Ctrl Pts',(151.910112399609,-31.8,-59.8464089599368));
#15814=CARTESIAN_POINT('Ctrl Pts',(151.829724935364,-32.,-59.9045021302499));
#15815=CARTESIAN_POINT('Ctrl Pts',(151.829724935364,-31.8,-59.9045021302499));
#15816=CARTESIAN_POINT('',(152.37269940741,-32.,-59.7053206927575));
#15817=CARTESIAN_POINT('Ctrl Pts',(152.37269940741,-32.,-59.7053206927575));
#15818=CARTESIAN_POINT('Ctrl Pts',(152.271982826963,-32.,-59.7133161034364));
#15819=CARTESIAN_POINT('Ctrl Pts',(152.072352476913,-32.,-59.7291638082092));
#15820=CARTESIAN_POINT('Ctrl Pts',(151.910112399609,-32.,-59.8464089599368));
#15821=CARTESIAN_POINT('Ctrl Pts',(151.829724935364,-32.,-59.9045021302499));
#15822=CARTESIAN_POINT('',(152.37269940741,-31.8,-59.7053206927575));
#15823=CARTESIAN_POINT('',(152.37269940741,-32.,-59.7053206927575));
#15824=CARTESIAN_POINT('Ctrl Pts',(152.37269940741,-31.8,-59.7053206927575));
#15825=CARTESIAN_POINT('Ctrl Pts',(152.271982826963,-31.8,-59.7133161034364));
#15826=CARTESIAN_POINT('Ctrl Pts',(152.072352476913,-31.8,-59.7291638082092));
#15827=CARTESIAN_POINT('Ctrl Pts',(151.910112399609,-31.8,-59.8464089599368));
#15828=CARTESIAN_POINT('Ctrl Pts',(151.829724935364,-31.8,-59.9045021302499));
#15829=CARTESIAN_POINT('Ctrl Pts',(152.713763145279,-32.,-59.7953612572945));
#15830=CARTESIAN_POINT('Ctrl Pts',(152.713763145279,-31.8,-59.7953612572945));
#15831=CARTESIAN_POINT('Ctrl Pts',(152.662248771526,-32.,-59.7691097817604));
#15832=CARTESIAN_POINT('Ctrl Pts',(152.662248771526,-31.8,-59.7691097817604));
#15833=CARTESIAN_POINT('Ctrl Pts',(152.55518241172,-32.,-59.7145492830065));
#15834=CARTESIAN_POINT('Ctrl Pts',(152.55518241172,-31.8,-59.7145492830065));
#15835=CARTESIAN_POINT('Ctrl Pts',(152.435037351242,-32.,-59.7084732676659));
#15836=CARTESIAN_POINT('Ctrl Pts',(152.435037351242,-31.8,-59.7084732676659));
#15837=CARTESIAN_POINT('Ctrl Pts',(152.37269940741,-32.,-59.7053206927575));
#15838=CARTESIAN_POINT('Ctrl Pts',(152.37269940741,-31.8,-59.7053206927575));
#15839=CARTESIAN_POINT('',(152.713763145279,-32.,-59.7953612572945));
#15840=CARTESIAN_POINT('Ctrl Pts',(152.713763145279,-32.,-59.7953612572945));
#15841=CARTESIAN_POINT('Ctrl Pts',(152.662248771526,-32.,-59.7691097817604));
#15842=CARTESIAN_POINT('Ctrl Pts',(152.55518241172,-32.,-59.7145492830065));
#15843=CARTESIAN_POINT('Ctrl Pts',(152.435037351242,-32.,-59.7084732676659));
#15844=CARTESIAN_POINT('Ctrl Pts',(152.37269940741,-32.,-59.7053206927575));
#15845=CARTESIAN_POINT('',(152.713763145279,-31.8,-59.7953612572945));
#15846=CARTESIAN_POINT('',(152.713763145279,-32.,-59.7953612572945));
#15847=CARTESIAN_POINT('Ctrl Pts',(152.713763145279,-31.8,-59.7953612572945));
#15848=CARTESIAN_POINT('Ctrl Pts',(152.662248771526,-31.8,-59.7691097817604));
#15849=CARTESIAN_POINT('Ctrl Pts',(152.55518241172,-31.8,-59.7145492830065));
#15850=CARTESIAN_POINT('Ctrl Pts',(152.435037351242,-31.8,-59.7084732676659));
#15851=CARTESIAN_POINT('Ctrl Pts',(152.37269940741,-31.8,-59.7053206927575));
#15852=CARTESIAN_POINT('Ctrl Pts',(152.918401388001,-32.,-60.0327421195306));
#15853=CARTESIAN_POINT('Ctrl Pts',(152.918401388001,-31.8,-60.0327421195306));
#15854=CARTESIAN_POINT('Ctrl Pts',(152.895134702368,-32.,-59.9850907434388));
#15855=CARTESIAN_POINT('Ctrl Pts',(152.895134702368,-31.8,-59.9850907434388));
#15856=CARTESIAN_POINT('Ctrl Pts',(152.847775545021,-32.,-59.8880967386319));
#15857=CARTESIAN_POINT('Ctrl Pts',(152.847775545021,-31.8,-59.8880967386319));
#15858=CARTESIAN_POINT('Ctrl Pts',(152.758950217884,-32.,-59.8266303408741));
#15859=CARTESIAN_POINT('Ctrl Pts',(152.758950217884,-31.8,-59.8266303408741));
#15860=CARTESIAN_POINT('Ctrl Pts',(152.713763145279,-32.,-59.7953612572945));
#15861=CARTESIAN_POINT('Ctrl Pts',(152.713763145279,-31.8,-59.7953612572945));
#15862=CARTESIAN_POINT('',(152.918401388001,-32.,-60.0327421195306));
#15863=CARTESIAN_POINT('Ctrl Pts',(152.918401388001,-32.,-60.0327421195306));
#15864=CARTESIAN_POINT('Ctrl Pts',(152.895134702368,-32.,-59.9850907434388));
#15865=CARTESIAN_POINT('Ctrl Pts',(152.847775545021,-32.,-59.8880967386319));
#15866=CARTESIAN_POINT('Ctrl Pts',(152.758950217884,-32.,-59.8266303408741));
#15867=CARTESIAN_POINT('Ctrl Pts',(152.713763145279,-32.,-59.7953612572945));
#15868=CARTESIAN_POINT('',(152.918401388001,-31.8,-60.0327421195306));
#15869=CARTESIAN_POINT('',(152.918401388001,-32.,-60.0327421195306));
#15870=CARTESIAN_POINT('Ctrl Pts',(152.918401388001,-31.8,-60.0327421195306));
#15871=CARTESIAN_POINT('Ctrl Pts',(152.895134702368,-31.8,-59.9850907434388));
#15872=CARTESIAN_POINT('Ctrl Pts',(152.847775545021,-31.8,-59.8880967386319));
#15873=CARTESIAN_POINT('Ctrl Pts',(152.758950217884,-31.8,-59.8266303408741));
#15874=CARTESIAN_POINT('Ctrl Pts',(152.713763145279,-31.8,-59.7953612572945));
#15875=CARTESIAN_POINT('Ctrl Pts',(152.975700525116,-32.,-60.4802186257638));
#15876=CARTESIAN_POINT('Ctrl Pts',(152.975700525116,-31.8,-60.4802186257638));
#15877=CARTESIAN_POINT('Ctrl Pts',(152.975258529345,-32.,-60.3922906400627));
#15878=CARTESIAN_POINT('Ctrl Pts',(152.975258529345,-31.8,-60.3922906400627));
#15879=CARTESIAN_POINT('Ctrl Pts',(152.974495643959,-32.,-60.2405268004624));
#15880=CARTESIAN_POINT('Ctrl Pts',(152.974495643959,-31.8,-60.2405268004624));
#15881=CARTESIAN_POINT('Ctrl Pts',(152.935010060628,-32.,-60.0942640647577));
#15882=CARTESIAN_POINT('Ctrl Pts',(152.935010060628,-31.8,-60.0942640647577));
#15883=CARTESIAN_POINT('Ctrl Pts',(152.918401388001,-32.,-60.0327421195306));
#15884=CARTESIAN_POINT('Ctrl Pts',(152.918401388001,-31.8,-60.0327421195306));
#15885=CARTESIAN_POINT('',(152.975700525116,-32.,-60.4802186257638));
#15886=CARTESIAN_POINT('Ctrl Pts',(152.975700525116,-32.,-60.4802186257638));
#15887=CARTESIAN_POINT('Ctrl Pts',(152.975258529345,-32.,-60.3922906400627));
#15888=CARTESIAN_POINT('Ctrl Pts',(152.974495643959,-32.,-60.2405268004624));
#15889=CARTESIAN_POINT('Ctrl Pts',(152.935010060628,-32.,-60.0942640647577));
#15890=CARTESIAN_POINT('Ctrl Pts',(152.918401388001,-32.,-60.0327421195306));
#15891=CARTESIAN_POINT('',(152.975700525116,-31.8,-60.4802186257638));
#15892=CARTESIAN_POINT('',(152.975700525116,-32.,-60.4802186257638));
#15893=CARTESIAN_POINT('Ctrl Pts',(152.975700525116,-31.8,-60.4802186257638));
#15894=CARTESIAN_POINT('Ctrl Pts',(152.975258529345,-31.8,-60.3922906400627));
#15895=CARTESIAN_POINT('Ctrl Pts',(152.974495643959,-31.8,-60.2405268004624));
#15896=CARTESIAN_POINT('Ctrl Pts',(152.935010060628,-31.8,-60.0942640647577));
#15897=CARTESIAN_POINT('Ctrl Pts',(152.918401388001,-31.8,-60.0327421195306));
#15898=CARTESIAN_POINT('Origin',(152.975700525116,-32.,-62.2428376443185));
#15899=CARTESIAN_POINT('',(152.975700525116,-32.,-62.2428376443185));
#15900=CARTESIAN_POINT('',(152.975700525116,-32.,-67.6839188221576));
#15901=CARTESIAN_POINT('',(152.975700525116,-31.8,-62.2428376443185));
#15902=CARTESIAN_POINT('',(152.975700525116,-32.,-62.2428376443185));
#15903=CARTESIAN_POINT('',(152.975700525116,-31.8,-62.2428376443185));
#15904=CARTESIAN_POINT('Origin',(153.466833261322,-32.,-62.2428376443185));
#15905=CARTESIAN_POINT('',(153.466833261322,-32.,-62.2428376443185));
#15906=CARTESIAN_POINT('',(142.170916630659,-32.,-62.2428376443185));
#15907=CARTESIAN_POINT('',(153.466833261322,-31.8,-62.2428376443185));
#15908=CARTESIAN_POINT('',(153.466833261322,-32.,-62.2428376443185));
#15909=CARTESIAN_POINT('',(153.466833261322,-31.8,-62.2428376443185));
#15910=CARTESIAN_POINT('Origin',(153.466833261322,-32.,-60.4611189133919));
#15911=CARTESIAN_POINT('',(153.466833261322,-32.,-60.4611189133919));
#15912=CARTESIAN_POINT('',(153.466833261322,-32.,-66.7930594566944));
#15913=CARTESIAN_POINT('',(153.466833261322,-31.8,-60.4611189133919));
#15914=CARTESIAN_POINT('',(153.466833261322,-32.,-60.4611189133919));
#15915=CARTESIAN_POINT('',(153.466833261322,-31.8,-60.4611189133919));
#15916=CARTESIAN_POINT('Ctrl Pts',(153.439547447037,-32.,-59.9836290843285));
#15917=CARTESIAN_POINT('Ctrl Pts',(153.439547447037,-31.8,-59.9836290843285));
#15918=CARTESIAN_POINT('Ctrl Pts',(153.447421916985,-32.,-60.0460878415034));
#15919=CARTESIAN_POINT('Ctrl Pts',(153.447421916985,-31.8,-60.0460878415034));
#15920=CARTESIAN_POINT('Ctrl Pts',(153.467397583888,-32.,-60.2045309286687));
#15921=CARTESIAN_POINT('Ctrl Pts',(153.467397583888,-31.8,-60.2045309286687));
#15922=CARTESIAN_POINT('Ctrl Pts',(153.46704615553,-32.,-60.3643194958112));
#15923=CARTESIAN_POINT('Ctrl Pts',(153.46704615553,-31.8,-60.3643194958112));
#15924=CARTESIAN_POINT('Ctrl Pts',(153.466833261322,-32.,-60.4611189133919));
#15925=CARTESIAN_POINT('Ctrl Pts',(153.466833261322,-31.8,-60.4611189133919));
#15926=CARTESIAN_POINT('',(153.439547447037,-32.,-59.9836290843285));
#15927=CARTESIAN_POINT('Ctrl Pts',(153.439547447037,-32.,-59.9836290843285));
#15928=CARTESIAN_POINT('Ctrl Pts',(153.447421916985,-32.,-60.0460878415034));
#15929=CARTESIAN_POINT('Ctrl Pts',(153.467397583888,-32.,-60.2045309286687));
#15930=CARTESIAN_POINT('Ctrl Pts',(153.46704615553,-32.,-60.3643194958112));
#15931=CARTESIAN_POINT('Ctrl Pts',(153.466833261322,-32.,-60.4611189133919));
#15932=CARTESIAN_POINT('',(153.439547447037,-31.8,-59.9836290843285));
#15933=CARTESIAN_POINT('',(153.439547447037,-32.,-59.9836290843285));
#15934=CARTESIAN_POINT('Ctrl Pts',(153.439547447037,-31.8,-59.9836290843285));
#15935=CARTESIAN_POINT('Ctrl Pts',(153.447421916985,-31.8,-60.0460878415034));
#15936=CARTESIAN_POINT('Ctrl Pts',(153.467397583888,-31.8,-60.2045309286687));
#15937=CARTESIAN_POINT('Ctrl Pts',(153.46704615553,-31.8,-60.3643194958112));
#15938=CARTESIAN_POINT('Ctrl Pts',(153.466833261322,-31.8,-60.4611189133919));
#15939=CARTESIAN_POINT('Ctrl Pts',(153.286750940155,-32.,-59.6207363374032));
#15940=CARTESIAN_POINT('Ctrl Pts',(153.286750940155,-31.8,-59.6207363374032));
#15941=CARTESIAN_POINT('Ctrl Pts',(153.320630281179,-32.,-59.6751863895879));
#15942=CARTESIAN_POINT('Ctrl Pts',(153.320630281179,-31.8,-59.6751863895879));
#15943=CARTESIAN_POINT('Ctrl Pts',(153.390803559693,-32.,-59.7879671746235));
#15944=CARTESIAN_POINT('Ctrl Pts',(153.390803559693,-31.8,-59.7879671746235));
#15945=CARTESIAN_POINT('Ctrl Pts',(153.422930993008,-32.,-59.9169292927244));
#15946=CARTESIAN_POINT('Ctrl Pts',(153.422930993008,-31.8,-59.9169292927244));
#15947=CARTESIAN_POINT('Ctrl Pts',(153.439547447037,-32.,-59.9836290843285));
#15948=CARTESIAN_POINT('Ctrl Pts',(153.439547447037,-31.8,-59.9836290843285));
#15949=CARTESIAN_POINT('',(153.286750940155,-32.,-59.6207363374032));
#15950=CARTESIAN_POINT('Ctrl Pts',(153.286750940155,-32.,-59.6207363374032));
#15951=CARTESIAN_POINT('Ctrl Pts',(153.320630281179,-32.,-59.6751863895879));
#15952=CARTESIAN_POINT('Ctrl Pts',(153.390803559693,-32.,-59.7879671746235));
#15953=CARTESIAN_POINT('Ctrl Pts',(153.422930993008,-32.,-59.9169292927244));
#15954=CARTESIAN_POINT('Ctrl Pts',(153.439547447037,-32.,-59.9836290843285));
#15955=CARTESIAN_POINT('',(153.286750940155,-31.8,-59.6207363374032));
#15956=CARTESIAN_POINT('',(153.286750940155,-32.,-59.6207363374032));
#15957=CARTESIAN_POINT('Ctrl Pts',(153.286750940155,-31.8,-59.6207363374032));
#15958=CARTESIAN_POINT('Ctrl Pts',(153.320630281179,-31.8,-59.6751863895879));
#15959=CARTESIAN_POINT('Ctrl Pts',(153.390803559693,-31.8,-59.7879671746235));
#15960=CARTESIAN_POINT('Ctrl Pts',(153.422930993008,-31.8,-59.9169292927244));
#15961=CARTESIAN_POINT('Ctrl Pts',(153.439547447037,-31.8,-59.9836290843285));
#15962=CARTESIAN_POINT('Ctrl Pts',(152.956600812744,-32.,-59.3751705653466));
#15963=CARTESIAN_POINT('Ctrl Pts',(152.956600812744,-31.8,-59.3751705653466));
#15964=CARTESIAN_POINT('Ctrl Pts',(153.024238503783,-32.,-59.4067547865171));
#15965=CARTESIAN_POINT('Ctrl Pts',(153.024238503783,-31.8,-59.4067547865171));
#15966=CARTESIAN_POINT('Ctrl Pts',(153.151343016306,-32.,-59.4661077445146));
#15967=CARTESIAN_POINT('Ctrl Pts',(153.151343016306,-31.8,-59.4661077445146));
#15968=CARTESIAN_POINT('Ctrl Pts',(153.243591690221,-32.,-59.5714507867663));
#15969=CARTESIAN_POINT('Ctrl Pts',(153.243591690221,-31.8,-59.5714507867663));
#15970=CARTESIAN_POINT('Ctrl Pts',(153.286750940155,-32.,-59.6207363374032));
#15971=CARTESIAN_POINT('Ctrl Pts',(153.286750940155,-31.8,-59.6207363374032));
#15972=CARTESIAN_POINT('',(152.956600812744,-32.,-59.3751705653466));
#15973=CARTESIAN_POINT('Ctrl Pts',(152.956600812744,-32.,-59.3751705653466));
#15974=CARTESIAN_POINT('Ctrl Pts',(153.024238503783,-32.,-59.4067547865171));
#15975=CARTESIAN_POINT('Ctrl Pts',(153.151343016306,-32.,-59.4661077445146));
#15976=CARTESIAN_POINT('Ctrl Pts',(153.243591690221,-32.,-59.5714507867663));
#15977=CARTESIAN_POINT('Ctrl Pts',(153.286750940155,-32.,-59.6207363374032));
#15978=CARTESIAN_POINT('',(152.956600812744,-31.8,-59.3751705653466));
#15979=CARTESIAN_POINT('',(152.956600812744,-32.,-59.3751705653466));
#15980=CARTESIAN_POINT('Ctrl Pts',(152.956600812744,-31.8,-59.3751705653466));
#15981=CARTESIAN_POINT('Ctrl Pts',(153.024238503783,-31.8,-59.4067547865171));
#15982=CARTESIAN_POINT('Ctrl Pts',(153.151343016306,-31.8,-59.4661077445146));
#15983=CARTESIAN_POINT('Ctrl Pts',(153.243591690221,-31.8,-59.5714507867663));
#15984=CARTESIAN_POINT('Ctrl Pts',(153.286750940155,-31.8,-59.6207363374032));
#15985=CARTESIAN_POINT('Ctrl Pts',(152.476382879089,-32.,-59.2796725995339));
#15986=CARTESIAN_POINT('Ctrl Pts',(152.476382879089,-31.8,-59.2796725995339));
#15987=CARTESIAN_POINT('Ctrl Pts',(152.560940678131,-32.,-59.2832478315042));
#15988=CARTESIAN_POINT('Ctrl Pts',(152.560940678131,-31.8,-59.2832478315042));
#15989=CARTESIAN_POINT('Ctrl Pts',(152.72602160372,-32.,-59.2902277033734));
#15990=CARTESIAN_POINT('Ctrl Pts',(152.72602160372,-31.8,-59.2902277033734));
#15991=CARTESIAN_POINT('Ctrl Pts',(152.881003693455,-32.,-59.3473214123524));
#15992=CARTESIAN_POINT('Ctrl Pts',(152.881003693455,-31.8,-59.3473214123524));
#15993=CARTESIAN_POINT('Ctrl Pts',(152.956600812744,-32.,-59.3751705653466));
#15994=CARTESIAN_POINT('Ctrl Pts',(152.956600812744,-31.8,-59.3751705653466));
#15995=CARTESIAN_POINT('',(152.476382879089,-32.,-59.2796725995339));
#15996=CARTESIAN_POINT('Ctrl Pts',(152.476382879089,-32.,-59.2796725995339));
#15997=CARTESIAN_POINT('Ctrl Pts',(152.560940678131,-32.,-59.2832478315042));
#15998=CARTESIAN_POINT('Ctrl Pts',(152.72602160372,-32.,-59.2902277033734));
#15999=CARTESIAN_POINT('Ctrl Pts',(152.881003693455,-32.,-59.3473214123524));
#16000=CARTESIAN_POINT('Ctrl Pts',(152.956600812744,-32.,-59.3751705653466));
#16001=CARTESIAN_POINT('',(152.476382879089,-31.8,-59.2796725995339));
#16002=CARTESIAN_POINT('',(152.476382879089,-32.,-59.2796725995339));
#16003=CARTESIAN_POINT('Ctrl Pts',(152.476382879089,-31.8,-59.2796725995339));
#16004=CARTESIAN_POINT('Ctrl Pts',(152.560940678131,-31.8,-59.2832478315042));
#16005=CARTESIAN_POINT('Ctrl Pts',(152.72602160372,-31.8,-59.2902277033734));
#16006=CARTESIAN_POINT('Ctrl Pts',(152.881003693455,-31.8,-59.3473214123524));
#16007=CARTESIAN_POINT('Ctrl Pts',(152.956600812744,-31.8,-59.3751705653466));
#16008=CARTESIAN_POINT('Ctrl Pts',(151.554145244431,-32.,-59.7571624285973));
#16009=CARTESIAN_POINT('Ctrl Pts',(151.554145244431,-31.8,-59.7571624285973));
#16010=CARTESIAN_POINT('Ctrl Pts',(151.673809615384,-32.,-59.617902977286));
#16011=CARTESIAN_POINT('Ctrl Pts',(151.673809615384,-31.8,-59.617902977286));
#16012=CARTESIAN_POINT('Ctrl Pts',(151.91668041273,-32.,-59.3352620064736));
#16013=CARTESIAN_POINT('Ctrl Pts',(151.91668041273,-31.8,-59.3352620064736));
#16014=CARTESIAN_POINT('Ctrl Pts',(152.288010218209,-32.,-59.2983816907589));
#16015=CARTESIAN_POINT('Ctrl Pts',(152.288010218209,-31.8,-59.2983816907589));
#16016=CARTESIAN_POINT('Ctrl Pts',(152.476382879089,-32.,-59.2796725995339));
#16017=CARTESIAN_POINT('Ctrl Pts',(152.476382879089,-31.8,-59.2796725995339));
#16018=CARTESIAN_POINT('',(151.554145244431,-32.,-59.7571624285973));
#16019=CARTESIAN_POINT('Ctrl Pts',(151.554145244431,-32.,-59.7571624285973));
#16020=CARTESIAN_POINT('Ctrl Pts',(151.673809615384,-32.,-59.617902977286));
#16021=CARTESIAN_POINT('Ctrl Pts',(151.91668041273,-32.,-59.3352620064736));
#16022=CARTESIAN_POINT('Ctrl Pts',(152.288010218209,-32.,-59.2983816907589));
#16023=CARTESIAN_POINT('Ctrl Pts',(152.476382879089,-32.,-59.2796725995339));
#16024=CARTESIAN_POINT('',(151.554145244431,-31.8,-59.7571624285973));
#16025=CARTESIAN_POINT('',(151.554145244431,-32.,-59.7571624285973));
#16026=CARTESIAN_POINT('Ctrl Pts',(151.554145244431,-31.8,-59.7571624285973));
#16027=CARTESIAN_POINT('Ctrl Pts',(151.673809615384,-31.8,-59.617902977286));
#16028=CARTESIAN_POINT('Ctrl Pts',(151.91668041273,-31.8,-59.3352620064736));
#16029=CARTESIAN_POINT('Ctrl Pts',(152.288010218209,-31.8,-59.2983816907589));
#16030=CARTESIAN_POINT('Ctrl Pts',(152.476382879089,-31.8,-59.2796725995339));
#16031=CARTESIAN_POINT('Origin',(151.554145244431,-32.,-59.3451566464699));
#16032=CARTESIAN_POINT('',(151.554145244431,-32.,-59.3451566464699));
#16033=CARTESIAN_POINT('',(151.554145244431,-32.,-66.2350783232334));
#16034=CARTESIAN_POINT('',(151.554145244431,-31.8,-59.3451566464699));
#16035=CARTESIAN_POINT('',(151.554145244431,-32.,-59.3451566464699));
#16036=CARTESIAN_POINT('',(151.554145244431,-31.8,-59.3451566464699));
#16037=CARTESIAN_POINT('Origin',(151.112126735519,-32.,-59.3451566464699));
#16038=CARTESIAN_POINT('',(151.112126735519,-32.,-59.3451566464699));
#16039=CARTESIAN_POINT('',(140.993563367757,-32.,-59.3451566464699));
#16040=CARTESIAN_POINT('',(151.112126735519,-31.8,-59.3451566464699));
#16041=CARTESIAN_POINT('',(151.112126735519,-32.,-59.3451566464699));
#16042=CARTESIAN_POINT('',(151.112126735519,-31.8,-59.3451566464699));
#16043=CARTESIAN_POINT('Origin',(151.112126735519,-32.,-62.2428376443185));
#16044=CARTESIAN_POINT('',(151.112126735519,-32.,-62.2428376443185));
#16045=CARTESIAN_POINT('',(151.112126735519,-32.,-67.6839188221576));
#16046=CARTESIAN_POINT('',(151.112126735519,-31.8,-62.2428376443185));
#16047=CARTESIAN_POINT('',(151.112126735519,-32.,-62.2428376443185));
#16048=CARTESIAN_POINT('',(151.112126735519,-31.8,-62.2428376443185));
#16049=CARTESIAN_POINT('Origin',(151.603258279633,-32.,-62.2428376443185));
#16050=CARTESIAN_POINT('',(141.239129139814,-32.,-62.2428376443185));
#16051=CARTESIAN_POINT('',(151.603258279633,-31.8,-62.2428376443185));
#16052=CARTESIAN_POINT('Origin',(148.746505965959,-31.8,-57.1555250353612));
#16053=CARTESIAN_POINT('Ctrl Pts',(155.99070730574,-32.,-55.2169165975846));
#16054=CARTESIAN_POINT('Ctrl Pts',(155.99070730574,-31.8,-55.2169165975846));
#16055=CARTESIAN_POINT('Ctrl Pts',(156.013668631079,-32.,-55.1488106999061));
#16056=CARTESIAN_POINT('Ctrl Pts',(156.013668631079,-31.8,-55.1488106999061));
#16057=CARTESIAN_POINT('Ctrl Pts',(156.067242254438,-32.,-54.9899052509837));
#16058=CARTESIAN_POINT('Ctrl Pts',(156.067242254438,-31.8,-54.9899052509837));
#16059=CARTESIAN_POINT('Ctrl Pts',(156.068892115247,-32.,-54.8218257948265));
#16060=CARTESIAN_POINT('Ctrl Pts',(156.068892115247,-31.8,-54.8218257948265));
#16061=CARTESIAN_POINT('Ctrl Pts',(156.069834855866,-32.,-54.7257841594018));
#16062=CARTESIAN_POINT('Ctrl Pts',(156.069834855866,-31.8,-54.7257841594018));
#16063=CARTESIAN_POINT('',(155.99070730574,-32.,-55.2169165975846));
#16064=CARTESIAN_POINT('',(156.069834855866,-32.,-54.7257841594018));
#16065=CARTESIAN_POINT('Ctrl Pts',(155.99070730574,-32.,-55.2169165975846));
#16066=CARTESIAN_POINT('Ctrl Pts',(156.013668631079,-32.,-55.1488106999061));
#16067=CARTESIAN_POINT('Ctrl Pts',(156.067242254438,-32.,-54.9899052509837));
#16068=CARTESIAN_POINT('Ctrl Pts',(156.068892115247,-32.,-54.8218257948265));
#16069=CARTESIAN_POINT('Ctrl Pts',(156.069834855866,-32.,-54.7257841594018));
#16070=CARTESIAN_POINT('',(155.99070730574,-31.8,-55.2169165975846));
#16071=CARTESIAN_POINT('',(155.99070730574,-32.,-55.2169165975846));
#16072=CARTESIAN_POINT('',(156.069834855866,-31.8,-54.7257841594018));
#16073=CARTESIAN_POINT('Ctrl Pts',(155.99070730574,-31.8,-55.2169165975846));
#16074=CARTESIAN_POINT('Ctrl Pts',(156.013668631079,-31.8,-55.1488106999061));
#16075=CARTESIAN_POINT('Ctrl Pts',(156.067242254438,-31.8,-54.9899052509837));
#16076=CARTESIAN_POINT('Ctrl Pts',(156.068892115247,-31.8,-54.8218257948265));
#16077=CARTESIAN_POINT('Ctrl Pts',(156.069834855866,-31.8,-54.7257841594018));
#16078=CARTESIAN_POINT('',(156.069834855866,-32.,-54.7257841594018));
#16079=CARTESIAN_POINT('Ctrl Pts',(155.666014579605,-32.,-55.5579806334771));
#16080=CARTESIAN_POINT('Ctrl Pts',(155.666014579605,-31.8,-55.5579806334771));
#16081=CARTESIAN_POINT('Ctrl Pts',(155.734502939022,-32.,-55.5129929749064));
#16082=CARTESIAN_POINT('Ctrl Pts',(155.734502939022,-31.8,-55.5129929749064));
#16083=CARTESIAN_POINT('Ctrl Pts',(155.869288622359,-32.,-55.4244568739723));
#16084=CARTESIAN_POINT('Ctrl Pts',(155.869288622359,-31.8,-55.4244568739723));
#16085=CARTESIAN_POINT('Ctrl Pts',(155.950675410993,-32.,-55.2853428913712));
#16086=CARTESIAN_POINT('Ctrl Pts',(155.950675410993,-31.8,-55.2853428913712));
#16087=CARTESIAN_POINT('Ctrl Pts',(155.99070730574,-32.,-55.2169165975846));
#16088=CARTESIAN_POINT('Ctrl Pts',(155.99070730574,-31.8,-55.2169165975846));
#16089=CARTESIAN_POINT('',(155.666014579605,-32.,-55.5579806334771));
#16090=CARTESIAN_POINT('Ctrl Pts',(155.666014579605,-32.,-55.5579806334771));
#16091=CARTESIAN_POINT('Ctrl Pts',(155.734502939022,-32.,-55.5129929749064));
#16092=CARTESIAN_POINT('Ctrl Pts',(155.869288622359,-32.,-55.4244568739723));
#16093=CARTESIAN_POINT('Ctrl Pts',(155.950675410993,-32.,-55.2853428913712));
#16094=CARTESIAN_POINT('Ctrl Pts',(155.99070730574,-32.,-55.2169165975846));
#16095=CARTESIAN_POINT('',(155.666014579605,-31.8,-55.5579806334771));
#16096=CARTESIAN_POINT('',(155.666014579605,-32.,-55.5579806334771));
#16097=CARTESIAN_POINT('Ctrl Pts',(155.666014579605,-31.8,-55.5579806334771));
#16098=CARTESIAN_POINT('Ctrl Pts',(155.734502939022,-31.8,-55.5129929749064));
#16099=CARTESIAN_POINT('Ctrl Pts',(155.869288622359,-31.8,-55.4244568739723));
#16100=CARTESIAN_POINT('Ctrl Pts',(155.950675410993,-31.8,-55.2853428913712));
#16101=CARTESIAN_POINT('Ctrl Pts',(155.99070730574,-31.8,-55.2169165975846));
#16102=CARTESIAN_POINT('Ctrl Pts',(155.161239532303,-32.,-55.6807638175286));
#16103=CARTESIAN_POINT('Ctrl Pts',(155.161239532303,-31.8,-55.6807638175286));
#16104=CARTESIAN_POINT('Ctrl Pts',(155.252024380025,-32.,-55.6762959494514));
#16105=CARTESIAN_POINT('Ctrl Pts',(155.252024380025,-31.8,-55.6762959494514));
#16106=CARTESIAN_POINT('Ctrl Pts',(155.428262088244,-32.,-55.6676226206935));
#16107=CARTESIAN_POINT('Ctrl Pts',(155.428262088244,-31.8,-55.6676226206935));
#16108=CARTESIAN_POINT('Ctrl Pts',(155.588378497508,-32.,-55.5937833048692));
#16109=CARTESIAN_POINT('Ctrl Pts',(155.588378497508,-31.8,-55.5937833048692));
#16110=CARTESIAN_POINT('Ctrl Pts',(155.666014579605,-32.,-55.5579806334771));
#16111=CARTESIAN_POINT('Ctrl Pts',(155.666014579605,-31.8,-55.5579806334771));
#16112=CARTESIAN_POINT('',(155.161239532303,-32.,-55.6807638175286));
#16113=CARTESIAN_POINT('Ctrl Pts',(155.161239532303,-32.,-55.6807638175286));
#16114=CARTESIAN_POINT('Ctrl Pts',(155.252024380025,-32.,-55.6762959494514));
#16115=CARTESIAN_POINT('Ctrl Pts',(155.428262088244,-32.,-55.6676226206935));
#16116=CARTESIAN_POINT('Ctrl Pts',(155.588378497508,-32.,-55.5937833048692));
#16117=CARTESIAN_POINT('Ctrl Pts',(155.666014579605,-32.,-55.5579806334771));
#16118=CARTESIAN_POINT('',(155.161239532303,-31.8,-55.6807638175286));
#16119=CARTESIAN_POINT('',(155.161239532303,-32.,-55.6807638175286));
#16120=CARTESIAN_POINT('Ctrl Pts',(155.161239532303,-31.8,-55.6807638175286));
#16121=CARTESIAN_POINT('Ctrl Pts',(155.252024380025,-31.8,-55.6762959494514));
#16122=CARTESIAN_POINT('Ctrl Pts',(155.428262088244,-31.8,-55.6676226206935));
#16123=CARTESIAN_POINT('Ctrl Pts',(155.588378497508,-31.8,-55.5937833048692));
#16124=CARTESIAN_POINT('Ctrl Pts',(155.666014579605,-31.8,-55.5579806334771));
#16125=CARTESIAN_POINT('Ctrl Pts',(154.724677232575,-32.,-55.5497951276101));
#16126=CARTESIAN_POINT('Ctrl Pts',(154.724677232575,-31.8,-55.5497951276101));
#16127=CARTESIAN_POINT('Ctrl Pts',(154.784354497234,-32.,-55.5878974182941));
#16128=CARTESIAN_POINT('Ctrl Pts',(154.784354497234,-31.8,-55.5878974182941));
#16129=CARTESIAN_POINT('Ctrl Pts',(154.916795863194,-32.,-55.672457584602));
#16130=CARTESIAN_POINT('Ctrl Pts',(154.916795863194,-31.8,-55.672457584602));
#16131=CARTESIAN_POINT('Ctrl Pts',(155.074561900665,-32.,-55.6778184984678));
#16132=CARTESIAN_POINT('Ctrl Pts',(155.074561900665,-31.8,-55.6778184984678));
#16133=CARTESIAN_POINT('Ctrl Pts',(155.161239532303,-32.,-55.6807638175286));
#16134=CARTESIAN_POINT('Ctrl Pts',(155.161239532303,-31.8,-55.6807638175286));
#16135=CARTESIAN_POINT('',(154.724677232575,-32.,-55.5497951276101));
#16136=CARTESIAN_POINT('Ctrl Pts',(154.724677232575,-32.,-55.5497951276101));
#16137=CARTESIAN_POINT('Ctrl Pts',(154.784354497234,-32.,-55.5878974182941));
#16138=CARTESIAN_POINT('Ctrl Pts',(154.916795863194,-32.,-55.672457584602));
#16139=CARTESIAN_POINT('Ctrl Pts',(155.074561900665,-32.,-55.6778184984678));
#16140=CARTESIAN_POINT('Ctrl Pts',(155.161239532303,-32.,-55.6807638175286));
#16141=CARTESIAN_POINT('',(154.724677232575,-31.8,-55.5497951276101));
#16142=CARTESIAN_POINT('',(154.724677232575,-32.,-55.5497951276101));
#16143=CARTESIAN_POINT('Ctrl Pts',(154.724677232575,-31.8,-55.5497951276101));
#16144=CARTESIAN_POINT('Ctrl Pts',(154.784354497234,-31.8,-55.5878974182941));
#16145=CARTESIAN_POINT('Ctrl Pts',(154.916795863194,-31.8,-55.672457584602));
#16146=CARTESIAN_POINT('Ctrl Pts',(155.074561900665,-31.8,-55.6778184984678));
#16147=CARTESIAN_POINT('Ctrl Pts',(155.161239532303,-31.8,-55.6807638175286));
#16148=CARTESIAN_POINT('Ctrl Pts',(154.577338126968,-32.,-55.222373700837));
#16149=CARTESIAN_POINT('Ctrl Pts',(154.577338126968,-31.8,-55.222373700837));
#16150=CARTESIAN_POINT('Ctrl Pts',(154.583501381461,-32.,-55.2851510054634));
#16151=CARTESIAN_POINT('Ctrl Pts',(154.583501381461,-31.8,-55.2851510054634));
#16152=CARTESIAN_POINT('Ctrl Pts',(154.595840105339,-32.,-55.4108300324321));
#16153=CARTESIAN_POINT('Ctrl Pts',(154.595840105339,-31.8,-55.4108300324321));
#16154=CARTESIAN_POINT('Ctrl Pts',(154.681703189708,-32.,-55.5034428680921));
#16155=CARTESIAN_POINT('Ctrl Pts',(154.681703189708,-31.8,-55.5034428680921));
#16156=CARTESIAN_POINT('Ctrl Pts',(154.724677232575,-32.,-55.5497951276101));
#16157=CARTESIAN_POINT('Ctrl Pts',(154.724677232575,-31.8,-55.5497951276101));
#16158=CARTESIAN_POINT('',(154.577338126968,-32.,-55.222373700837));
#16159=CARTESIAN_POINT('Ctrl Pts',(154.577338126968,-32.,-55.222373700837));
#16160=CARTESIAN_POINT('Ctrl Pts',(154.583501381461,-32.,-55.2851510054634));
#16161=CARTESIAN_POINT('Ctrl Pts',(154.595840105339,-32.,-55.4108300324321));
#16162=CARTESIAN_POINT('Ctrl Pts',(154.681703189708,-32.,-55.5034428680921));
#16163=CARTESIAN_POINT('Ctrl Pts',(154.724677232575,-32.,-55.5497951276101));
#16164=CARTESIAN_POINT('',(154.577338126968,-31.8,-55.222373700837));
#16165=CARTESIAN_POINT('',(154.577338126968,-32.,-55.222373700837));
#16166=CARTESIAN_POINT('Ctrl Pts',(154.577338126968,-31.8,-55.222373700837));
#16167=CARTESIAN_POINT('Ctrl Pts',(154.583501381461,-31.8,-55.2851510054634));
#16168=CARTESIAN_POINT('Ctrl Pts',(154.595840105339,-31.8,-55.4108300324321));
#16169=CARTESIAN_POINT('Ctrl Pts',(154.681703189708,-31.8,-55.5034428680921));
#16170=CARTESIAN_POINT('Ctrl Pts',(154.724677232575,-31.8,-55.5497951276101));
#16171=CARTESIAN_POINT('Ctrl Pts',(154.645550874542,-32.,-54.9904499418534));
#16172=CARTESIAN_POINT('Ctrl Pts',(154.645550874542,-31.8,-54.9904499418534));
#16173=CARTESIAN_POINT('Ctrl Pts',(154.625655770275,-32.,-55.0262176654343));
#16174=CARTESIAN_POINT('Ctrl Pts',(154.625655770275,-31.8,-55.0262176654343));
#16175=CARTESIAN_POINT('Ctrl Pts',(154.585515498145,-32.,-55.0983824622965));
#16176=CARTESIAN_POINT('Ctrl Pts',(154.585515498145,-31.8,-55.0983824622965));
#16177=CARTESIAN_POINT('Ctrl Pts',(154.580079719183,-32.,-55.1808036892903));
#16178=CARTESIAN_POINT('Ctrl Pts',(154.580079719183,-31.8,-55.1808036892903));
#16179=CARTESIAN_POINT('Ctrl Pts',(154.577338126968,-32.,-55.222373700837));
#16180=CARTESIAN_POINT('Ctrl Pts',(154.577338126968,-31.8,-55.222373700837));
#16181=CARTESIAN_POINT('',(154.645550874542,-32.,-54.9904499418534));
#16182=CARTESIAN_POINT('Ctrl Pts',(154.645550874542,-32.,-54.9904499418534));
#16183=CARTESIAN_POINT('Ctrl Pts',(154.625655770275,-32.,-55.0262176654343));
#16184=CARTESIAN_POINT('Ctrl Pts',(154.585515498145,-32.,-55.0983824622965));
#16185=CARTESIAN_POINT('Ctrl Pts',(154.580079719183,-32.,-55.1808036892903));
#16186=CARTESIAN_POINT('Ctrl Pts',(154.577338126968,-32.,-55.222373700837));
#16187=CARTESIAN_POINT('',(154.645550874542,-31.8,-54.9904499418534));
#16188=CARTESIAN_POINT('',(154.645550874542,-32.,-54.9904499418534));
#16189=CARTESIAN_POINT('Ctrl Pts',(154.645550874542,-31.8,-54.9904499418534));
#16190=CARTESIAN_POINT('Ctrl Pts',(154.625655770275,-31.8,-55.0262176654343));
#16191=CARTESIAN_POINT('Ctrl Pts',(154.585515498145,-31.8,-55.0983824622965));
#16192=CARTESIAN_POINT('Ctrl Pts',(154.580079719183,-31.8,-55.1808036892903));
#16193=CARTESIAN_POINT('Ctrl Pts',(154.577338126968,-31.8,-55.222373700837));
#16194=CARTESIAN_POINT('Ctrl Pts',(154.839275506806,-32.,-54.8294676310815));
#16195=CARTESIAN_POINT('Ctrl Pts',(154.839275506806,-31.8,-54.8294676310815));
#16196=CARTESIAN_POINT('Ctrl Pts',(154.80007984182,-32.,-54.8494272599295));
#16197=CARTESIAN_POINT('Ctrl Pts',(154.80007984182,-31.8,-54.8494272599295));
#16198=CARTESIAN_POINT('Ctrl Pts',(154.723317175325,-32.,-54.8885171524778));
#16199=CARTESIAN_POINT('Ctrl Pts',(154.723317175325,-31.8,-54.8885171524778));
#16200=CARTESIAN_POINT('Ctrl Pts',(154.671103706015,-32.,-54.9569563673578));
#16201=CARTESIAN_POINT('Ctrl Pts',(154.671103706015,-31.8,-54.9569563673578));
#16202=CARTESIAN_POINT('Ctrl Pts',(154.645550874542,-32.,-54.9904499418534));
#16203=CARTESIAN_POINT('Ctrl Pts',(154.645550874542,-31.8,-54.9904499418534));
#16204=CARTESIAN_POINT('',(154.839275506806,-32.,-54.8294676310815));
#16205=CARTESIAN_POINT('Ctrl Pts',(154.839275506806,-32.,-54.8294676310815));
#16206=CARTESIAN_POINT('Ctrl Pts',(154.80007984182,-32.,-54.8494272599295));
#16207=CARTESIAN_POINT('Ctrl Pts',(154.723317175325,-32.,-54.8885171524778));
#16208=CARTESIAN_POINT('Ctrl Pts',(154.671103706015,-32.,-54.9569563673578));
#16209=CARTESIAN_POINT('Ctrl Pts',(154.645550874542,-32.,-54.9904499418534));
#16210=CARTESIAN_POINT('',(154.839275506806,-31.8,-54.8294676310815));
#16211=CARTESIAN_POINT('',(154.839275506806,-32.,-54.8294676310815));
#16212=CARTESIAN_POINT('Ctrl Pts',(154.839275506806,-31.8,-54.8294676310815));
#16213=CARTESIAN_POINT('Ctrl Pts',(154.80007984182,-31.8,-54.8494272599295));
#16214=CARTESIAN_POINT('Ctrl Pts',(154.723317175325,-31.8,-54.8885171524778));
#16215=CARTESIAN_POINT('Ctrl Pts',(154.671103706015,-31.8,-54.9569563673578));
#16216=CARTESIAN_POINT('Ctrl Pts',(154.645550874542,-31.8,-54.9904499418534));
#16217=CARTESIAN_POINT('Ctrl Pts',(155.26765170462,-32.,-54.7312412626542));
#16218=CARTESIAN_POINT('Ctrl Pts',(155.26765170462,-31.8,-54.7312412626542));
#16219=CARTESIAN_POINT('Ctrl Pts',(155.180748938727,-32.,-54.7436907482859));
#16220=CARTESIAN_POINT('Ctrl Pts',(155.180748938727,-31.8,-54.7436907482859));
#16221=CARTESIAN_POINT('Ctrl Pts',(155.035089947253,-32.,-54.7645575124544));
#16222=CARTESIAN_POINT('Ctrl Pts',(155.035089947253,-31.8,-54.7645575124544));
#16223=CARTESIAN_POINT('Ctrl Pts',(154.895559562369,-32.,-54.8108101474193));
#16224=CARTESIAN_POINT('Ctrl Pts',(154.895559562369,-31.8,-54.8108101474193));
#16225=CARTESIAN_POINT('Ctrl Pts',(154.839275506806,-32.,-54.8294676310815));
#16226=CARTESIAN_POINT('Ctrl Pts',(154.839275506806,-31.8,-54.8294676310815));
#16227=CARTESIAN_POINT('',(155.26765170462,-32.,-54.7312412626542));
#16228=CARTESIAN_POINT('Ctrl Pts',(155.26765170462,-32.,-54.7312412626542));
#16229=CARTESIAN_POINT('Ctrl Pts',(155.180748938727,-32.,-54.7436907482859));
#16230=CARTESIAN_POINT('Ctrl Pts',(155.035089947253,-32.,-54.7645575124544));
#16231=CARTESIAN_POINT('Ctrl Pts',(154.895559562369,-32.,-54.8108101474193));
#16232=CARTESIAN_POINT('Ctrl Pts',(154.839275506806,-32.,-54.8294676310815));
#16233=CARTESIAN_POINT('',(155.26765170462,-31.8,-54.7312412626542));
#16234=CARTESIAN_POINT('',(155.26765170462,-32.,-54.7312412626542));
#16235=CARTESIAN_POINT('Ctrl Pts',(155.26765170462,-31.8,-54.7312412626542));
#16236=CARTESIAN_POINT('Ctrl Pts',(155.180748938727,-31.8,-54.7436907482859));
#16237=CARTESIAN_POINT('Ctrl Pts',(155.035089947253,-31.8,-54.7645575124544));
#16238=CARTESIAN_POINT('Ctrl Pts',(154.895559562369,-31.8,-54.8108101474193));
#16239=CARTESIAN_POINT('Ctrl Pts',(154.839275506806,-31.8,-54.8294676310815));
#16240=CARTESIAN_POINT('Ctrl Pts',(156.069834855866,-32.,-54.5457024342812));
#16241=CARTESIAN_POINT('Ctrl Pts',(156.069834855866,-31.8,-54.5457024342812));
#16242=CARTESIAN_POINT('Ctrl Pts',(155.959079715532,-32.,-54.5820953082147));
#16243=CARTESIAN_POINT('Ctrl Pts',(155.959079715532,-31.8,-54.5820953082147));
#16244=CARTESIAN_POINT('Ctrl Pts',(155.697485450396,-32.,-54.6680521954898));
#16245=CARTESIAN_POINT('Ctrl Pts',(155.697485450396,-31.8,-54.6680521954898));
#16246=CARTESIAN_POINT('Ctrl Pts',(155.424854655703,-32.,-54.7081311464011));
#16247=CARTESIAN_POINT('Ctrl Pts',(155.424854655703,-31.8,-54.7081311464011));
#16248=CARTESIAN_POINT('Ctrl Pts',(155.26765170462,-32.,-54.7312412626542));
#16249=CARTESIAN_POINT('Ctrl Pts',(155.26765170462,-31.8,-54.7312412626542));
#16250=CARTESIAN_POINT('',(156.069834855866,-32.,-54.5457024342812));
#16251=CARTESIAN_POINT('Ctrl Pts',(156.069834855866,-32.,-54.5457024342812));
#16252=CARTESIAN_POINT('Ctrl Pts',(155.959079715532,-32.,-54.5820953082147));
#16253=CARTESIAN_POINT('Ctrl Pts',(155.697485450396,-32.,-54.6680521954898));
#16254=CARTESIAN_POINT('Ctrl Pts',(155.424854655703,-32.,-54.7081311464011));
#16255=CARTESIAN_POINT('Ctrl Pts',(155.26765170462,-32.,-54.7312412626542));
#16256=CARTESIAN_POINT('',(156.069834855866,-31.8,-54.5457024342812));
#16257=CARTESIAN_POINT('',(156.069834855866,-32.,-54.5457024342812));
#16258=CARTESIAN_POINT('Ctrl Pts',(156.069834855866,-31.8,-54.5457024342812));
#16259=CARTESIAN_POINT('Ctrl Pts',(155.959079715532,-31.8,-54.5820953082147));
#16260=CARTESIAN_POINT('Ctrl Pts',(155.697485450396,-31.8,-54.6680521954898));
#16261=CARTESIAN_POINT('Ctrl Pts',(155.424854655703,-31.8,-54.7081311464011));
#16262=CARTESIAN_POINT('Ctrl Pts',(155.26765170462,-31.8,-54.7312412626542));
#16263=CARTESIAN_POINT('Origin',(156.069834855866,-32.,-54.7257841594018));
#16264=CARTESIAN_POINT('',(156.069834855866,-32.,-63.9253920796993));
#16265=CARTESIAN_POINT('',(156.069834855866,-31.8,-54.7257841594018));
#16266=CARTESIAN_POINT('Origin',(156.721949008774,-32.,-55.9999997384347));
#16267=CARTESIAN_POINT('',(156.721949008774,-32.,-55.9999997384347));
#16268=CARTESIAN_POINT('',(156.208987859558,-32.,-55.9999997384347));
#16269=CARTESIAN_POINT('',(143.798474504385,-32.,-55.9999997384347));
#16270=CARTESIAN_POINT('',(156.721949008774,-31.8,-55.9999997384347));
#16271=CARTESIAN_POINT('',(156.721949008774,-32.,-55.9999997384347));
#16272=CARTESIAN_POINT('',(156.208987859558,-31.8,-55.9999997384347));
#16273=CARTESIAN_POINT('',(156.721949008774,-31.8,-55.9999997384347));
#16274=CARTESIAN_POINT('',(156.208987859558,-32.,-55.9999997384347));
#16275=CARTESIAN_POINT('Ctrl Pts',(156.596437124085,-32.,-55.6534785992898));
#16276=CARTESIAN_POINT('Ctrl Pts',(156.596437124085,-31.8,-55.6534785992898));
#16277=CARTESIAN_POINT('Ctrl Pts',(156.610008393388,-32.,-55.7132161555031));
#16278=CARTESIAN_POINT('Ctrl Pts',(156.610008393388,-31.8,-55.7132161555031));
#16279=CARTESIAN_POINT('Ctrl Pts',(156.637432334742,-32.,-55.8339299370726));
#16280=CARTESIAN_POINT('Ctrl Pts',(156.637432334742,-31.8,-55.8339299370726));
#16281=CARTESIAN_POINT('Ctrl Pts',(156.693584720339,-32.,-55.9442657451125));
#16282=CARTESIAN_POINT('Ctrl Pts',(156.693584720339,-31.8,-55.9442657451125));
#16283=CARTESIAN_POINT('Ctrl Pts',(156.721949008774,-32.,-55.9999997384347));
#16284=CARTESIAN_POINT('Ctrl Pts',(156.721949008774,-31.8,-55.9999997384347));
#16285=CARTESIAN_POINT('',(156.596437124085,-32.,-55.6534785992898));
#16286=CARTESIAN_POINT('Ctrl Pts',(156.596437124085,-32.,-55.6534785992898));
#16287=CARTESIAN_POINT('Ctrl Pts',(156.610008393388,-32.,-55.7132161555031));
#16288=CARTESIAN_POINT('Ctrl Pts',(156.637432334742,-32.,-55.8339299370726));
#16289=CARTESIAN_POINT('Ctrl Pts',(156.693584720339,-32.,-55.9442657451125));
#16290=CARTESIAN_POINT('Ctrl Pts',(156.721949008774,-32.,-55.9999997384347));
#16291=CARTESIAN_POINT('',(156.596437124085,-31.8,-55.6534785992898));
#16292=CARTESIAN_POINT('',(156.596437124085,-32.,-55.6534785992898));
#16293=CARTESIAN_POINT('Ctrl Pts',(156.596437124085,-31.8,-55.6534785992898));
#16294=CARTESIAN_POINT('Ctrl Pts',(156.610008393388,-31.8,-55.7132161555031));
#16295=CARTESIAN_POINT('Ctrl Pts',(156.637432334742,-31.8,-55.8339299370726));
#16296=CARTESIAN_POINT('Ctrl Pts',(156.693584720339,-31.8,-55.9442657451125));
#16297=CARTESIAN_POINT('Ctrl Pts',(156.721949008774,-31.8,-55.9999997384347));
#16298=CARTESIAN_POINT('Ctrl Pts',(156.566423801254,-32.,-54.7858114011086));
#16299=CARTESIAN_POINT('Ctrl Pts',(156.566423801254,-31.8,-54.7858114011086));
#16300=CARTESIAN_POINT('Ctrl Pts',(156.565357818824,-32.,-54.9724137949861));
#16301=CARTESIAN_POINT('Ctrl Pts',(156.565357818824,-31.8,-54.9724137949861));
#16302=CARTESIAN_POINT('Ctrl Pts',(156.563702735075,-32.,-55.2621395737276));
#16303=CARTESIAN_POINT('Ctrl Pts',(156.563702735075,-31.8,-55.2621395737276));
#16304=CARTESIAN_POINT('Ctrl Pts',(156.587844307022,-32.,-55.550751627505));
#16305=CARTESIAN_POINT('Ctrl Pts',(156.587844307022,-31.8,-55.550751627505));
#16306=CARTESIAN_POINT('Ctrl Pts',(156.596437124085,-32.,-55.6534785992898));
#16307=CARTESIAN_POINT('Ctrl Pts',(156.596437124085,-31.8,-55.6534785992898));
#16308=CARTESIAN_POINT('',(156.566423801254,-32.,-54.7858114011086));
#16309=CARTESIAN_POINT('Ctrl Pts',(156.566423801254,-32.,-54.7858114011086));
#16310=CARTESIAN_POINT('Ctrl Pts',(156.565357818824,-32.,-54.9724137949861));
#16311=CARTESIAN_POINT('Ctrl Pts',(156.563702735075,-32.,-55.2621395737276));
#16312=CARTESIAN_POINT('Ctrl Pts',(156.587844307022,-32.,-55.550751627505));
#16313=CARTESIAN_POINT('Ctrl Pts',(156.596437124085,-32.,-55.6534785992898));
#16314=CARTESIAN_POINT('',(156.566423801254,-31.8,-54.7858114011086));
#16315=CARTESIAN_POINT('',(156.566423801254,-32.,-54.7858114011086));
#16316=CARTESIAN_POINT('Ctrl Pts',(156.566423801254,-31.8,-54.7858114011086));
#16317=CARTESIAN_POINT('Ctrl Pts',(156.565357818824,-31.8,-54.9724137949861));
#16318=CARTESIAN_POINT('Ctrl Pts',(156.563702735075,-31.8,-55.2621395737276));
#16319=CARTESIAN_POINT('Ctrl Pts',(156.587844307022,-31.8,-55.550751627505));
#16320=CARTESIAN_POINT('Ctrl Pts',(156.596437124085,-31.8,-55.6534785992898));
#16321=CARTESIAN_POINT('Origin',(156.566423801254,-32.,-54.1309685475625));
#16322=CARTESIAN_POINT('',(156.566423801254,-32.,-54.1309685475625));
#16323=CARTESIAN_POINT('',(156.566423801254,-32.,-63.6279842737796));
#16324=CARTESIAN_POINT('',(156.566423801254,-31.8,-54.1309685475625));
#16325=CARTESIAN_POINT('',(156.566423801254,-32.,-54.1309685475625));
#16326=CARTESIAN_POINT('',(156.566423801254,-31.8,-54.1309685475625));
#16327=CARTESIAN_POINT('Ctrl Pts',(156.541866687607,-32.,-53.6780352361001));
#16328=CARTESIAN_POINT('Ctrl Pts',(156.541866687607,-31.8,-53.6780352361001));
#16329=CARTESIAN_POINT('Ctrl Pts',(156.548947711828,-32.,-53.7366387105439));
#16330=CARTESIAN_POINT('Ctrl Pts',(156.548947711828,-31.8,-53.7366387105439));
#16331=CARTESIAN_POINT('Ctrl Pts',(156.567113929313,-32.,-53.8869846815343));
#16332=CARTESIAN_POINT('Ctrl Pts',(156.567113929313,-31.8,-53.8869846815343));
#16333=CARTESIAN_POINT('Ctrl Pts',(156.566685334039,-32.,-54.0385077657077));
#16334=CARTESIAN_POINT('Ctrl Pts',(156.566685334039,-31.8,-54.0385077657077));
#16335=CARTESIAN_POINT('Ctrl Pts',(156.566423801254,-32.,-54.1309685475625));
#16336=CARTESIAN_POINT('Ctrl Pts',(156.566423801254,-31.8,-54.1309685475625));
#16337=CARTESIAN_POINT('',(156.541866687607,-32.,-53.6780352361001));
#16338=CARTESIAN_POINT('Ctrl Pts',(156.541866687607,-32.,-53.6780352361001));
#16339=CARTESIAN_POINT('Ctrl Pts',(156.548947711828,-32.,-53.7366387105439));
#16340=CARTESIAN_POINT('Ctrl Pts',(156.567113929313,-32.,-53.8869846815343));
#16341=CARTESIAN_POINT('Ctrl Pts',(156.566685334039,-32.,-54.0385077657077));
#16342=CARTESIAN_POINT('Ctrl Pts',(156.566423801254,-32.,-54.1309685475625));
#16343=CARTESIAN_POINT('',(156.541866687607,-31.8,-53.6780352361001));
#16344=CARTESIAN_POINT('',(156.541866687607,-32.,-53.6780352361001));
#16345=CARTESIAN_POINT('Ctrl Pts',(156.541866687607,-31.8,-53.6780352361001));
#16346=CARTESIAN_POINT('Ctrl Pts',(156.548947711828,-31.8,-53.7366387105439));
#16347=CARTESIAN_POINT('Ctrl Pts',(156.567113929313,-31.8,-53.8869846815343));
#16348=CARTESIAN_POINT('Ctrl Pts',(156.566685334039,-31.8,-54.0385077657077));
#16349=CARTESIAN_POINT('Ctrl Pts',(156.566423801254,-31.8,-54.1309685475625));
#16350=CARTESIAN_POINT('Ctrl Pts',(156.389070180725,-32.,-53.3451567060746));
#16351=CARTESIAN_POINT('Ctrl Pts',(156.389070180725,-31.8,-53.3451567060746));
#16352=CARTESIAN_POINT('Ctrl Pts',(156.423038103123,-32.,-53.3933046574839));
#16353=CARTESIAN_POINT('Ctrl Pts',(156.423038103123,-31.8,-53.3933046574839));
#16354=CARTESIAN_POINT('Ctrl Pts',(156.494547882025,-32.,-53.4946664458056));
#16355=CARTESIAN_POINT('Ctrl Pts',(156.494547882025,-31.8,-53.4946664458056));
#16356=CARTESIAN_POINT('Ctrl Pts',(156.525576828198,-32.,-53.6149091327006));
#16357=CARTESIAN_POINT('Ctrl Pts',(156.525576828198,-31.8,-53.6149091327006));
#16358=CARTESIAN_POINT('Ctrl Pts',(156.541866687607,-32.,-53.6780352361001));
#16359=CARTESIAN_POINT('Ctrl Pts',(156.541866687607,-31.8,-53.6780352361001));
#16360=CARTESIAN_POINT('',(156.389070180725,-32.,-53.3451567060746));
#16361=CARTESIAN_POINT('Ctrl Pts',(156.389070180725,-32.,-53.3451567060746));
#16362=CARTESIAN_POINT('Ctrl Pts',(156.423038103123,-32.,-53.3933046574839));
#16363=CARTESIAN_POINT('Ctrl Pts',(156.494547882025,-32.,-53.4946664458056));
#16364=CARTESIAN_POINT('Ctrl Pts',(156.525576828198,-32.,-53.6149091327006));
#16365=CARTESIAN_POINT('Ctrl Pts',(156.541866687607,-32.,-53.6780352361001));
#16366=CARTESIAN_POINT('',(156.389070180725,-31.8,-53.3451567060746));
#16367=CARTESIAN_POINT('',(156.389070180725,-32.,-53.3451567060746));
#16368=CARTESIAN_POINT('Ctrl Pts',(156.389070180725,-31.8,-53.3451567060746));
#16369=CARTESIAN_POINT('Ctrl Pts',(156.423038103123,-31.8,-53.3933046574839));
#16370=CARTESIAN_POINT('Ctrl Pts',(156.494547882025,-31.8,-53.4946664458056));
#16371=CARTESIAN_POINT('Ctrl Pts',(156.525576828198,-31.8,-53.6149091327006));
#16372=CARTESIAN_POINT('Ctrl Pts',(156.541866687607,-31.8,-53.6780352361001));
#16373=CARTESIAN_POINT('Ctrl Pts',(156.048006442856,-32.,-53.1241471535958));
#16374=CARTESIAN_POINT('Ctrl Pts',(156.048006442856,-31.8,-53.1241471535958));
#16375=CARTESIAN_POINT('Ctrl Pts',(156.11803015321,-32.,-53.1526883844778));
#16376=CARTESIAN_POINT('Ctrl Pts',(156.11803015321,-31.8,-53.1526883844778));
#16377=CARTESIAN_POINT('Ctrl Pts',(156.246029057857,-32.,-53.2048599456773));
#16378=CARTESIAN_POINT('Ctrl Pts',(156.246029057857,-31.8,-53.2048599456773));
#16379=CARTESIAN_POINT('Ctrl Pts',(156.344478826674,-32.,-53.301420874101));
#16380=CARTESIAN_POINT('Ctrl Pts',(156.344478826674,-31.8,-53.301420874101));
#16381=CARTESIAN_POINT('Ctrl Pts',(156.389070180725,-32.,-53.3451567060746));
#16382=CARTESIAN_POINT('Ctrl Pts',(156.389070180725,-31.8,-53.3451567060746));
#16383=CARTESIAN_POINT('',(156.048006442856,-32.,-53.1241471535958));
#16384=CARTESIAN_POINT('Ctrl Pts',(156.048006442856,-32.,-53.1241471535958));
#16385=CARTESIAN_POINT('Ctrl Pts',(156.11803015321,-32.,-53.1526883844778));
#16386=CARTESIAN_POINT('Ctrl Pts',(156.246029057857,-32.,-53.2048599456773));
#16387=CARTESIAN_POINT('Ctrl Pts',(156.344478826674,-32.,-53.301420874101));
#16388=CARTESIAN_POINT('Ctrl Pts',(156.389070180725,-32.,-53.3451567060746));
#16389=CARTESIAN_POINT('',(156.048006442856,-31.8,-53.1241471535958));
#16390=CARTESIAN_POINT('',(156.048006442856,-32.,-53.1241471535958));
#16391=CARTESIAN_POINT('Ctrl Pts',(156.048006442856,-31.8,-53.1241471535958));
#16392=CARTESIAN_POINT('Ctrl Pts',(156.11803015321,-31.8,-53.1526883844778));
#16393=CARTESIAN_POINT('Ctrl Pts',(156.246029057857,-31.8,-53.2048599456773));
#16394=CARTESIAN_POINT('Ctrl Pts',(156.344478826674,-31.8,-53.301420874101));
#16395=CARTESIAN_POINT('Ctrl Pts',(156.389070180725,-31.8,-53.3451567060746));
#16396=CARTESIAN_POINT('Ctrl Pts',(155.44500532515,-32.,-53.0368346936501));
#16397=CARTESIAN_POINT('Ctrl Pts',(155.44500532515,-31.8,-53.0368346936501));
#16398=CARTESIAN_POINT('Ctrl Pts',(155.557929414865,-32.,-53.0387362273818));
#16399=CARTESIAN_POINT('Ctrl Pts',(155.557929414865,-31.8,-53.0387362273818));
#16400=CARTESIAN_POINT('Ctrl Pts',(155.762880095253,-32.,-53.0421874009361));
#16401=CARTESIAN_POINT('Ctrl Pts',(155.762880095253,-31.8,-53.0421874009361));
#16402=CARTESIAN_POINT('Ctrl Pts',(155.95965218737,-32.,-53.0987496658262));
#16403=CARTESIAN_POINT('Ctrl Pts',(155.95965218737,-31.8,-53.0987496658262));
#16404=CARTESIAN_POINT('Ctrl Pts',(156.048006442856,-32.,-53.1241471535958));
#16405=CARTESIAN_POINT('Ctrl Pts',(156.048006442856,-31.8,-53.1241471535958));
#16406=CARTESIAN_POINT('',(155.44500532515,-32.,-53.0368346936501));
#16407=CARTESIAN_POINT('Ctrl Pts',(155.44500532515,-32.,-53.0368346936501));
#16408=CARTESIAN_POINT('Ctrl Pts',(155.557929414865,-32.,-53.0387362273818));
#16409=CARTESIAN_POINT('Ctrl Pts',(155.762880095253,-32.,-53.0421874009361));
#16410=CARTESIAN_POINT('Ctrl Pts',(155.95965218737,-32.,-53.0987496658262));
#16411=CARTESIAN_POINT('Ctrl Pts',(156.048006442856,-32.,-53.1241471535958));
#16412=CARTESIAN_POINT('',(155.44500532515,-31.8,-53.0368346936501));
#16413=CARTESIAN_POINT('',(155.44500532515,-32.,-53.0368346936501));
#16414=CARTESIAN_POINT('Ctrl Pts',(155.44500532515,-31.8,-53.0368346936501));
#16415=CARTESIAN_POINT('Ctrl Pts',(155.557929414865,-31.8,-53.0387362273818));
#16416=CARTESIAN_POINT('Ctrl Pts',(155.762880095253,-31.8,-53.0421874009361));
#16417=CARTESIAN_POINT('Ctrl Pts',(155.95965218737,-31.8,-53.0987496658262));
#16418=CARTESIAN_POINT('Ctrl Pts',(156.048006442856,-31.8,-53.1241471535958));
#16419=CARTESIAN_POINT('Ctrl Pts',(154.787433770966,-32.,-53.1405181653298));
#16420=CARTESIAN_POINT('Ctrl Pts',(154.787433770966,-31.8,-53.1405181653298));
#16421=CARTESIAN_POINT('Ctrl Pts',(154.888827049533,-32.,-53.1103012819569));
#16422=CARTESIAN_POINT('Ctrl Pts',(154.888827049533,-31.8,-53.1103012819569));
#16423=CARTESIAN_POINT('Ctrl Pts',(155.103248133086,-32.,-53.0464002328342));
#16424=CARTESIAN_POINT('Ctrl Pts',(155.103248133086,-31.8,-53.0464002328342));
#16425=CARTESIAN_POINT('Ctrl Pts',(155.327038623752,-32.,-53.0401364971844));
#16426=CARTESIAN_POINT('Ctrl Pts',(155.327038623752,-31.8,-53.0401364971844));
#16427=CARTESIAN_POINT('Ctrl Pts',(155.44500532515,-32.,-53.0368346936501));
#16428=CARTESIAN_POINT('Ctrl Pts',(155.44500532515,-31.8,-53.0368346936501));
#16429=CARTESIAN_POINT('',(154.787433770966,-32.,-53.1405181653298));
#16430=CARTESIAN_POINT('Ctrl Pts',(154.787433770966,-32.,-53.1405181653298));
#16431=CARTESIAN_POINT('Ctrl Pts',(154.888827049533,-32.,-53.1103012819569));
#16432=CARTESIAN_POINT('Ctrl Pts',(155.103248133086,-32.,-53.0464002328342));
#16433=CARTESIAN_POINT('Ctrl Pts',(155.327038623752,-32.,-53.0401364971844));
#16434=CARTESIAN_POINT('Ctrl Pts',(155.44500532515,-32.,-53.0368346936501));
#16435=CARTESIAN_POINT('',(154.787433770966,-31.8,-53.1405181653298));
#16436=CARTESIAN_POINT('',(154.787433770966,-32.,-53.1405181653298));
#16437=CARTESIAN_POINT('Ctrl Pts',(154.787433770966,-31.8,-53.1405181653298));
#16438=CARTESIAN_POINT('Ctrl Pts',(154.888827049533,-31.8,-53.1103012819569));
#16439=CARTESIAN_POINT('Ctrl Pts',(155.103248133086,-31.8,-53.0464002328342));
#16440=CARTESIAN_POINT('Ctrl Pts',(155.327038623752,-31.8,-53.0401364971844));
#16441=CARTESIAN_POINT('Ctrl Pts',(155.44500532515,-31.8,-53.0368346936501));
#16442=CARTESIAN_POINT('Ctrl Pts',(154.353600171875,-32.,-53.4324691660203));
#16443=CARTESIAN_POINT('Ctrl Pts',(154.353600171875,-31.8,-53.4324691660203));
#16444=CARTESIAN_POINT('Ctrl Pts',(154.411625987664,-32.,-53.3717251408526));
#16445=CARTESIAN_POINT('Ctrl Pts',(154.411625987664,-31.8,-53.3717251408526));
#16446=CARTESIAN_POINT('Ctrl Pts',(154.53467032151,-32.,-53.2429168163108));
#16447=CARTESIAN_POINT('Ctrl Pts',(154.53467032151,-31.8,-53.2429168163108));
#16448=CARTESIAN_POINT('Ctrl Pts',(154.700046470729,-32.,-53.1759202049697));
#16449=CARTESIAN_POINT('Ctrl Pts',(154.700046470729,-31.8,-53.1759202049697));
#16450=CARTESIAN_POINT('Ctrl Pts',(154.787433770966,-32.,-53.1405181653298));
#16451=CARTESIAN_POINT('Ctrl Pts',(154.787433770966,-31.8,-53.1405181653298));
#16452=CARTESIAN_POINT('',(154.353600171875,-32.,-53.4324691660203));
#16453=CARTESIAN_POINT('Ctrl Pts',(154.353600171875,-32.,-53.4324691660203));
#16454=CARTESIAN_POINT('Ctrl Pts',(154.411625987664,-32.,-53.3717251408526));
#16455=CARTESIAN_POINT('Ctrl Pts',(154.53467032151,-32.,-53.2429168163108));
#16456=CARTESIAN_POINT('Ctrl Pts',(154.700046470729,-32.,-53.1759202049697));
#16457=CARTESIAN_POINT('Ctrl Pts',(154.787433770966,-32.,-53.1405181653298));
#16458=CARTESIAN_POINT('',(154.353600171875,-31.8,-53.4324691660203));
#16459=CARTESIAN_POINT('',(154.353600171875,-32.,-53.4324691660203));
#16460=CARTESIAN_POINT('Ctrl Pts',(154.353600171875,-31.8,-53.4324691660203));
#16461=CARTESIAN_POINT('Ctrl Pts',(154.411625987664,-31.8,-53.3717251408526));
#16462=CARTESIAN_POINT('Ctrl Pts',(154.53467032151,-31.8,-53.2429168163108));
#16463=CARTESIAN_POINT('Ctrl Pts',(154.700046470729,-31.8,-53.1759202049697));
#16464=CARTESIAN_POINT('Ctrl Pts',(154.787433770966,-31.8,-53.1405181653298));
#16465=CARTESIAN_POINT('Ctrl Pts',(154.138047126602,-32.,-53.9290584094323));
#16466=CARTESIAN_POINT('Ctrl Pts',(154.138047126602,-31.8,-53.9290584094323));
#16467=CARTESIAN_POINT('Ctrl Pts',(154.161432947823,-32.,-53.8338524657349));
#16468=CARTESIAN_POINT('Ctrl Pts',(154.161432947823,-31.8,-53.8338524657349));
#16469=CARTESIAN_POINT('Ctrl Pts',(154.205158302023,-32.,-53.6558423128819));
#16470=CARTESIAN_POINT('Ctrl Pts',(154.205158302023,-31.8,-53.6558423128819));
#16471=CARTESIAN_POINT('Ctrl Pts',(154.306472354434,-32.,-53.5033864139434));
#16472=CARTESIAN_POINT('Ctrl Pts',(154.306472354434,-31.8,-53.5033864139434));
#16473=CARTESIAN_POINT('Ctrl Pts',(154.353600171875,-32.,-53.4324691660203));
#16474=CARTESIAN_POINT('Ctrl Pts',(154.353600171875,-31.8,-53.4324691660203));
#16475=CARTESIAN_POINT('',(154.138047126602,-32.,-53.9290584094323));
#16476=CARTESIAN_POINT('Ctrl Pts',(154.138047126602,-32.,-53.9290584094323));
#16477=CARTESIAN_POINT('Ctrl Pts',(154.161432947823,-32.,-53.8338524657349));
#16478=CARTESIAN_POINT('Ctrl Pts',(154.205158302023,-32.,-53.6558423128819));
#16479=CARTESIAN_POINT('Ctrl Pts',(154.306472354434,-32.,-53.5033864139434));
#16480=CARTESIAN_POINT('Ctrl Pts',(154.353600171875,-32.,-53.4324691660203));
#16481=CARTESIAN_POINT('',(154.138047126602,-31.8,-53.9290584094323));
#16482=CARTESIAN_POINT('',(154.138047126602,-32.,-53.9290584094323));
#16483=CARTESIAN_POINT('Ctrl Pts',(154.138047126602,-31.8,-53.9290584094323));
#16484=CARTESIAN_POINT('Ctrl Pts',(154.161432947823,-31.8,-53.8338524657349));
#16485=CARTESIAN_POINT('Ctrl Pts',(154.205158302023,-31.8,-53.6558423128819));
#16486=CARTESIAN_POINT('Ctrl Pts',(154.306472354434,-31.8,-53.5033864139434));
#16487=CARTESIAN_POINT('Ctrl Pts',(154.353600171875,-31.8,-53.4324691660203));
#16488=CARTESIAN_POINT('Origin',(154.618265060257,-32.,-53.9945427543915));
#16489=CARTESIAN_POINT('',(154.618265060257,-32.,-53.9945427543915));
#16490=CARTESIAN_POINT('',(144.243895810516,-32.,-52.5798542826087));
#16491=CARTESIAN_POINT('',(154.618265060257,-31.8,-53.9945427543915));
#16492=CARTESIAN_POINT('',(154.618265060257,-32.,-53.9945427543915));
#16493=CARTESIAN_POINT('',(154.618265060257,-31.8,-53.9945427543915));
#16494=CARTESIAN_POINT('Ctrl Pts',(154.861102727722,-32.,-53.5661662585534));
#16495=CARTESIAN_POINT('Ctrl Pts',(154.861102727722,-31.8,-53.5661662585534));
#16496=CARTESIAN_POINT('Ctrl Pts',(154.808901092554,-32.,-53.619091032881));
#16497=CARTESIAN_POINT('Ctrl Pts',(154.808901092554,-31.8,-53.619091032881));
#16498=CARTESIAN_POINT('Ctrl Pts',(154.690199399435,-32.,-53.7394370776065));
#16499=CARTESIAN_POINT('Ctrl Pts',(154.690199399435,-31.8,-53.7394370776065));
#16500=CARTESIAN_POINT('Ctrl Pts',(154.644094393384,-32.,-53.9029424202053));
#16501=CARTESIAN_POINT('Ctrl Pts',(154.644094393384,-31.8,-53.9029424202053));
#16502=CARTESIAN_POINT('Ctrl Pts',(154.618265060257,-32.,-53.9945427543915));
#16503=CARTESIAN_POINT('Ctrl Pts',(154.618265060257,-31.8,-53.9945427543915));
#16504=CARTESIAN_POINT('',(154.861102727722,-32.,-53.5661662585534));
#16505=CARTESIAN_POINT('Ctrl Pts',(154.861102727722,-32.,-53.5661662585534));
#16506=CARTESIAN_POINT('Ctrl Pts',(154.808901092554,-32.,-53.619091032881));
#16507=CARTESIAN_POINT('Ctrl Pts',(154.690199399435,-32.,-53.7394370776065));
#16508=CARTESIAN_POINT('Ctrl Pts',(154.644094393384,-32.,-53.9029424202053));
#16509=CARTESIAN_POINT('Ctrl Pts',(154.618265060257,-32.,-53.9945427543915));
#16510=CARTESIAN_POINT('',(154.861102727722,-31.8,-53.5661662585534));
#16511=CARTESIAN_POINT('',(154.861102727722,-32.,-53.5661662585534));
#16512=CARTESIAN_POINT('Ctrl Pts',(154.861102727722,-31.8,-53.5661662585534));
#16513=CARTESIAN_POINT('Ctrl Pts',(154.808901092554,-31.8,-53.619091032881));
#16514=CARTESIAN_POINT('Ctrl Pts',(154.690199399435,-31.8,-53.7394370776065));
#16515=CARTESIAN_POINT('Ctrl Pts',(154.644094393384,-31.8,-53.9029424202053));
#16516=CARTESIAN_POINT('Ctrl Pts',(154.618265060257,-31.8,-53.9945427543915));
#16517=CARTESIAN_POINT('Ctrl Pts',(155.374063876938,-32.,-53.4433830745019));
#16518=CARTESIAN_POINT('Ctrl Pts',(155.374063876938,-31.8,-53.4433830745019));
#16519=CARTESIAN_POINT('Ctrl Pts',(155.271325883088,-32.,-53.4450684454991));
#16520=CARTESIAN_POINT('Ctrl Pts',(155.271325883088,-31.8,-53.4450684454991));
#16521=CARTESIAN_POINT('Ctrl Pts',(155.090399568695,-32.,-53.4480364610452));
#16522=CARTESIAN_POINT('Ctrl Pts',(155.090399568695,-31.8,-53.4480364610452));
#16523=CARTESIAN_POINT('Ctrl Pts',(154.930293473764,-32.,-53.5305203735744));
#16524=CARTESIAN_POINT('Ctrl Pts',(154.930293473764,-31.8,-53.5305203735744));
#16525=CARTESIAN_POINT('Ctrl Pts',(154.861102727722,-32.,-53.5661662585534));
#16526=CARTESIAN_POINT('Ctrl Pts',(154.861102727722,-31.8,-53.5661662585534));
#16527=CARTESIAN_POINT('',(155.374063876938,-32.,-53.4433830745019));
#16528=CARTESIAN_POINT('Ctrl Pts',(155.374063876938,-32.,-53.4433830745019));
#16529=CARTESIAN_POINT('Ctrl Pts',(155.271325883088,-32.,-53.4450684454991));
#16530=CARTESIAN_POINT('Ctrl Pts',(155.090399568695,-32.,-53.4480364610452));
#16531=CARTESIAN_POINT('Ctrl Pts',(154.930293473764,-32.,-53.5305203735744));
#16532=CARTESIAN_POINT('Ctrl Pts',(154.861102727722,-32.,-53.5661662585534));
#16533=CARTESIAN_POINT('',(155.374063876938,-31.8,-53.4433830745019));
#16534=CARTESIAN_POINT('',(155.374063876938,-32.,-53.4433830745019));
#16535=CARTESIAN_POINT('Ctrl Pts',(155.374063876938,-31.8,-53.4433830745019));
#16536=CARTESIAN_POINT('Ctrl Pts',(155.271325883088,-31.8,-53.4450684454991));
#16537=CARTESIAN_POINT('Ctrl Pts',(155.090399568695,-31.8,-53.4480364610452));
#16538=CARTESIAN_POINT('Ctrl Pts',(154.930293473764,-31.8,-53.5305203735744));
#16539=CARTESIAN_POINT('Ctrl Pts',(154.861102727722,-31.8,-53.5661662585534));
#16540=CARTESIAN_POINT('Ctrl Pts',(155.933408168625,-32.,-53.6098224885262));
#16541=CARTESIAN_POINT('Ctrl Pts',(155.933408168625,-31.8,-53.6098224885262));
#16542=CARTESIAN_POINT('Ctrl Pts',(155.857584550456,-32.,-53.5614184520273));
#16543=CARTESIAN_POINT('Ctrl Pts',(155.857584550456,-31.8,-53.5614184520273));
#16544=CARTESIAN_POINT('Ctrl Pts',(155.687970551557,-32.,-53.4531408151672));
#16545=CARTESIAN_POINT('Ctrl Pts',(155.687970551557,-31.8,-53.4531408151672));
#16546=CARTESIAN_POINT('Ctrl Pts',(155.485836606639,-32.,-53.446857512601));
#16547=CARTESIAN_POINT('Ctrl Pts',(155.485836606639,-31.8,-53.446857512601));
#16548=CARTESIAN_POINT('Ctrl Pts',(155.374063876938,-32.,-53.4433830745019));
#16549=CARTESIAN_POINT('Ctrl Pts',(155.374063876938,-31.8,-53.4433830745019));
#16550=CARTESIAN_POINT('',(155.933408168625,-32.,-53.6098224885262));
#16551=CARTESIAN_POINT('Ctrl Pts',(155.933408168625,-32.,-53.6098224885262));
#16552=CARTESIAN_POINT('Ctrl Pts',(155.857584550456,-32.,-53.5614184520273));
#16553=CARTESIAN_POINT('Ctrl Pts',(155.687970551557,-32.,-53.4531408151672));
#16554=CARTESIAN_POINT('Ctrl Pts',(155.485836606639,-32.,-53.446857512601));
#16555=CARTESIAN_POINT('Ctrl Pts',(155.374063876938,-32.,-53.4433830745019));
#16556=CARTESIAN_POINT('',(155.933408168625,-31.8,-53.6098224885262));
#16557=CARTESIAN_POINT('',(155.933408168625,-32.,-53.6098224885262));
#16558=CARTESIAN_POINT('Ctrl Pts',(155.933408168625,-31.8,-53.6098224885262));
#16559=CARTESIAN_POINT('Ctrl Pts',(155.857584550456,-31.8,-53.5614184520273));
#16560=CARTESIAN_POINT('Ctrl Pts',(155.687970551557,-31.8,-53.4531408151672));
#16561=CARTESIAN_POINT('Ctrl Pts',(155.485836606639,-31.8,-53.446857512601));
#16562=CARTESIAN_POINT('Ctrl Pts',(155.374063876938,-31.8,-53.4433830745019));
#16563=CARTESIAN_POINT('Ctrl Pts',(156.07256236441,-32.,-54.032741881112));
#16564=CARTESIAN_POINT('Ctrl Pts',(156.07256236441,-31.8,-54.032741881112));
#16565=CARTESIAN_POINT('Ctrl Pts',(156.07060343418,-32.,-53.9439940589494));
#16566=CARTESIAN_POINT('Ctrl Pts',(156.07060343418,-31.8,-53.9439940589494));
#16567=CARTESIAN_POINT('Ctrl Pts',(156.067149368334,-32.,-53.7875102717215));
#16568=CARTESIAN_POINT('Ctrl Pts',(156.067149368334,-31.8,-53.7875102717215));
#16569=CARTESIAN_POINT('Ctrl Pts',(155.973810894695,-32.,-53.6635013163367));
#16570=CARTESIAN_POINT('Ctrl Pts',(155.973810894695,-31.8,-53.6635013163367));
#16571=CARTESIAN_POINT('Ctrl Pts',(155.933408168625,-32.,-53.6098224885262));
#16572=CARTESIAN_POINT('Ctrl Pts',(155.933408168625,-31.8,-53.6098224885262));
#16573=CARTESIAN_POINT('',(156.07256236441,-32.,-54.032741881112));
#16574=CARTESIAN_POINT('Ctrl Pts',(156.07256236441,-32.,-54.032741881112));
#16575=CARTESIAN_POINT('Ctrl Pts',(156.07060343418,-32.,-53.9439940589494));
#16576=CARTESIAN_POINT('Ctrl Pts',(156.067149368334,-32.,-53.7875102717215));
#16577=CARTESIAN_POINT('Ctrl Pts',(155.973810894695,-32.,-53.6635013163367));
#16578=CARTESIAN_POINT('Ctrl Pts',(155.933408168625,-32.,-53.6098224885262));
#16579=CARTESIAN_POINT('',(156.07256236441,-31.8,-54.032741881112));
#16580=CARTESIAN_POINT('',(156.07256236441,-32.,-54.032741881112));
#16581=CARTESIAN_POINT('Ctrl Pts',(156.07256236441,-31.8,-54.032741881112));
#16582=CARTESIAN_POINT('Ctrl Pts',(156.07060343418,-31.8,-53.9439940589494));
#16583=CARTESIAN_POINT('Ctrl Pts',(156.067149368334,-31.8,-53.7875102717215));
#16584=CARTESIAN_POINT('Ctrl Pts',(155.973810894695,-31.8,-53.6635013163367));
#16585=CARTESIAN_POINT('Ctrl Pts',(155.933408168625,-31.8,-53.6098224885262));
#16586=CARTESIAN_POINT('Ctrl Pts',(156.069834855866,-32.,-54.1609818703927));
#16587=CARTESIAN_POINT('Ctrl Pts',(156.069834855866,-31.8,-54.1609818703927));
#16588=CARTESIAN_POINT('Ctrl Pts',(156.070604049779,-32.,-54.1334710931535));
#16589=CARTESIAN_POINT('Ctrl Pts',(156.070604049779,-31.8,-54.1334710931535));
#16590=CARTESIAN_POINT('Ctrl Pts',(156.071799076288,-32.,-54.0907301047807));
#16591=CARTESIAN_POINT('Ctrl Pts',(156.071799076288,-31.8,-54.0907301047807));
#16592=CARTESIAN_POINT('Ctrl Pts',(156.072361833123,-32.,-54.0479765648386));
#16593=CARTESIAN_POINT('Ctrl Pts',(156.072361833123,-31.8,-54.0479765648386));
#16594=CARTESIAN_POINT('Ctrl Pts',(156.07256236441,-32.,-54.032741881112));
#16595=CARTESIAN_POINT('Ctrl Pts',(156.07256236441,-31.8,-54.032741881112));
#16596=CARTESIAN_POINT('',(156.069834855866,-32.,-54.1609818703927));
#16597=CARTESIAN_POINT('Ctrl Pts',(156.069834855866,-32.,-54.1609818703927));
#16598=CARTESIAN_POINT('Ctrl Pts',(156.070604049779,-32.,-54.1334710931535));
#16599=CARTESIAN_POINT('Ctrl Pts',(156.071799076288,-32.,-54.0907301047807));
#16600=CARTESIAN_POINT('Ctrl Pts',(156.072361833123,-32.,-54.0479765648386));
#16601=CARTESIAN_POINT('Ctrl Pts',(156.07256236441,-32.,-54.032741881112));
#16602=CARTESIAN_POINT('',(156.069834855866,-31.8,-54.1609818703927));
#16603=CARTESIAN_POINT('',(156.069834855866,-32.,-54.1609818703927));
#16604=CARTESIAN_POINT('Ctrl Pts',(156.069834855866,-31.8,-54.1609818703927));
#16605=CARTESIAN_POINT('Ctrl Pts',(156.070604049779,-31.8,-54.1334710931535));
#16606=CARTESIAN_POINT('Ctrl Pts',(156.071799076288,-31.8,-54.0907301047807));
#16607=CARTESIAN_POINT('Ctrl Pts',(156.072361833123,-31.8,-54.0479765648386));
#16608=CARTESIAN_POINT('Ctrl Pts',(156.07256236441,-31.8,-54.032741881112));
#16609=CARTESIAN_POINT('Ctrl Pts',(155.193981555771,-32.,-54.3301499850548));
#16610=CARTESIAN_POINT('Ctrl Pts',(155.193981555771,-31.8,-54.3301499850548));
#16611=CARTESIAN_POINT('Ctrl Pts',(155.367106967288,-32.,-54.3091912088091));
#16612=CARTESIAN_POINT('Ctrl Pts',(155.367106967288,-31.8,-54.3091912088091));
#16613=CARTESIAN_POINT('Ctrl Pts',(155.663205973321,-32.,-54.2733450972555));
#16614=CARTESIAN_POINT('Ctrl Pts',(155.663205973321,-31.8,-54.2733450972555));
#16615=CARTESIAN_POINT('Ctrl Pts',(155.950512773594,-32.,-54.1939539852019));
#16616=CARTESIAN_POINT('Ctrl Pts',(155.950512773594,-31.8,-54.1939539852019));
#16617=CARTESIAN_POINT('Ctrl Pts',(156.069834855866,-32.,-54.1609818703927));
#16618=CARTESIAN_POINT('Ctrl Pts',(156.069834855866,-31.8,-54.1609818703927));
#16619=CARTESIAN_POINT('',(155.193981555771,-32.,-54.3301499850548));
#16620=CARTESIAN_POINT('Ctrl Pts',(155.193981555771,-32.,-54.3301499850548));
#16621=CARTESIAN_POINT('Ctrl Pts',(155.367106967288,-32.,-54.3091912088091));
#16622=CARTESIAN_POINT('Ctrl Pts',(155.663205973321,-32.,-54.2733450972555));
#16623=CARTESIAN_POINT('Ctrl Pts',(155.950512773594,-32.,-54.1939539852019));
#16624=CARTESIAN_POINT('Ctrl Pts',(156.069834855866,-32.,-54.1609818703927));
#16625=CARTESIAN_POINT('',(155.193981555771,-31.8,-54.3301499850548));
#16626=CARTESIAN_POINT('',(155.193981555771,-32.,-54.3301499850548));
#16627=CARTESIAN_POINT('Ctrl Pts',(155.193981555771,-31.8,-54.3301499850548));
#16628=CARTESIAN_POINT('Ctrl Pts',(155.367106967288,-31.8,-54.3091912088091));
#16629=CARTESIAN_POINT('Ctrl Pts',(155.663205973321,-31.8,-54.2733450972555));
#16630=CARTESIAN_POINT('Ctrl Pts',(155.950512773594,-31.8,-54.1939539852019));
#16631=CARTESIAN_POINT('Ctrl Pts',(156.069834855866,-31.8,-54.1609818703927));
#16632=CARTESIAN_POINT('Ctrl Pts',(154.757419256043,-32.,-54.4038195378579));
#16633=CARTESIAN_POINT('Ctrl Pts',(154.757419256043,-31.8,-54.4038195378579));
#16634=CARTESIAN_POINT('Ctrl Pts',(154.817761888786,-32.,-54.3905107714565));
#16635=CARTESIAN_POINT('Ctrl Pts',(154.817761888786,-31.8,-54.3905107714565));
#16636=CARTESIAN_POINT('Ctrl Pts',(154.962019008476,-32.,-54.3586943885706));
#16637=CARTESIAN_POINT('Ctrl Pts',(154.962019008476,-31.8,-54.3586943885706));
#16638=CARTESIAN_POINT('Ctrl Pts',(155.108672877649,-32.,-54.340647737214));
#16639=CARTESIAN_POINT('Ctrl Pts',(155.108672877649,-31.8,-54.340647737214));
#16640=CARTESIAN_POINT('Ctrl Pts',(155.193981555771,-32.,-54.3301499850548));
#16641=CARTESIAN_POINT('Ctrl Pts',(155.193981555771,-31.8,-54.3301499850548));
#16642=CARTESIAN_POINT('',(154.757419256043,-32.,-54.4038195378579));
#16643=CARTESIAN_POINT('Ctrl Pts',(154.757419256043,-32.,-54.4038195378579));
#16644=CARTESIAN_POINT('Ctrl Pts',(154.817761888786,-32.,-54.3905107714565));
#16645=CARTESIAN_POINT('Ctrl Pts',(154.962019008476,-32.,-54.3586943885706));
#16646=CARTESIAN_POINT('Ctrl Pts',(155.108672877649,-32.,-54.340647737214));
#16647=CARTESIAN_POINT('Ctrl Pts',(155.193981555771,-32.,-54.3301499850548));
#16648=CARTESIAN_POINT('',(154.757419256043,-31.8,-54.4038195378579));
#16649=CARTESIAN_POINT('',(154.757419256043,-32.,-54.4038195378579));
#16650=CARTESIAN_POINT('Ctrl Pts',(154.757419256043,-31.8,-54.4038195378579));
#16651=CARTESIAN_POINT('Ctrl Pts',(154.817761888786,-31.8,-54.3905107714565));
#16652=CARTESIAN_POINT('Ctrl Pts',(154.962019008476,-31.8,-54.3586943885706));
#16653=CARTESIAN_POINT('Ctrl Pts',(155.108672877649,-31.8,-54.340647737214));
#16654=CARTESIAN_POINT('Ctrl Pts',(155.193981555771,-31.8,-54.3301499850548));
#16655=CARTESIAN_POINT('Ctrl Pts',(154.402713207077,-32.,-54.5648021466531));
#16656=CARTESIAN_POINT('Ctrl Pts',(154.402713207077,-31.8,-54.5648021466531));
#16657=CARTESIAN_POINT('Ctrl Pts',(154.457596213412,-32.,-54.5313429888414));
#16658=CARTESIAN_POINT('Ctrl Pts',(154.457596213412,-31.8,-54.5313429888414));
#16659=CARTESIAN_POINT('Ctrl Pts',(154.569264418277,-32.,-54.4632650109999));
#16660=CARTESIAN_POINT('Ctrl Pts',(154.569264418277,-31.8,-54.4632650109999));
#16661=CARTESIAN_POINT('Ctrl Pts',(154.693992755885,-32.,-54.4238584502578));
#16662=CARTESIAN_POINT('Ctrl Pts',(154.693992755885,-31.8,-54.4238584502578));
#16663=CARTESIAN_POINT('Ctrl Pts',(154.757419256043,-32.,-54.4038195378579));
#16664=CARTESIAN_POINT('Ctrl Pts',(154.757419256043,-31.8,-54.4038195378579));
#16665=CARTESIAN_POINT('',(154.402713207077,-32.,-54.5648021466531));
#16666=CARTESIAN_POINT('Ctrl Pts',(154.402713207077,-32.,-54.5648021466531));
#16667=CARTESIAN_POINT('Ctrl Pts',(154.457596213412,-32.,-54.5313429888414));
#16668=CARTESIAN_POINT('Ctrl Pts',(154.569264418277,-32.,-54.4632650109999));
#16669=CARTESIAN_POINT('Ctrl Pts',(154.693992755885,-32.,-54.4238584502578));
#16670=CARTESIAN_POINT('Ctrl Pts',(154.757419256043,-32.,-54.4038195378579));
#16671=CARTESIAN_POINT('',(154.402713207077,-31.8,-54.5648021466531));
#16672=CARTESIAN_POINT('',(154.402713207077,-32.,-54.5648021466531));
#16673=CARTESIAN_POINT('Ctrl Pts',(154.402713207077,-31.8,-54.5648021466531));
#16674=CARTESIAN_POINT('Ctrl Pts',(154.457596213412,-31.8,-54.5313429888414));
#16675=CARTESIAN_POINT('Ctrl Pts',(154.569264418277,-31.8,-54.4632650109999));
#16676=CARTESIAN_POINT('Ctrl Pts',(154.693992755885,-31.8,-54.4238584502578));
#16677=CARTESIAN_POINT('Ctrl Pts',(154.757419256043,-31.8,-54.4038195378579));
#16678=CARTESIAN_POINT('Ctrl Pts',(154.148960737061,-32.,-54.8485673434533));
#16679=CARTESIAN_POINT('Ctrl Pts',(154.148960737061,-31.8,-54.8485673434533));
#16680=CARTESIAN_POINT('Ctrl Pts',(154.18358040927,-32.,-54.7927582193692));
#16681=CARTESIAN_POINT('Ctrl Pts',(154.18358040927,-31.8,-54.7927582193692));
#16682=CARTESIAN_POINT('Ctrl Pts',(154.251526816301,-32.,-54.6832242688972));
#16683=CARTESIAN_POINT('Ctrl Pts',(154.251526816301,-31.8,-54.6832242688972));
#16684=CARTESIAN_POINT('Ctrl Pts',(154.352961134001,-32.,-54.6037722288772));
#16685=CARTESIAN_POINT('Ctrl Pts',(154.352961134001,-31.8,-54.6037722288772));
#16686=CARTESIAN_POINT('Ctrl Pts',(154.402713207077,-32.,-54.5648021466531));
#16687=CARTESIAN_POINT('Ctrl Pts',(154.402713207077,-31.8,-54.5648021466531));
#16688=CARTESIAN_POINT('',(154.148960737061,-32.,-54.8485673434533));
#16689=CARTESIAN_POINT('Ctrl Pts',(154.148960737061,-32.,-54.8485673434533));
#16690=CARTESIAN_POINT('Ctrl Pts',(154.18358040927,-32.,-54.7927582193692));
#16691=CARTESIAN_POINT('Ctrl Pts',(154.251526816301,-32.,-54.6832242688972));
#16692=CARTESIAN_POINT('Ctrl Pts',(154.352961134001,-32.,-54.6037722288772));
#16693=CARTESIAN_POINT('Ctrl Pts',(154.402713207077,-32.,-54.5648021466531));
#16694=CARTESIAN_POINT('',(154.148960737061,-31.8,-54.8485673434533));
#16695=CARTESIAN_POINT('',(154.148960737061,-32.,-54.8485673434533));
#16696=CARTESIAN_POINT('Ctrl Pts',(154.148960737061,-31.8,-54.8485673434533));
#16697=CARTESIAN_POINT('Ctrl Pts',(154.18358040927,-31.8,-54.7927582193692));
#16698=CARTESIAN_POINT('Ctrl Pts',(154.251526816301,-31.8,-54.6832242688972));
#16699=CARTESIAN_POINT('Ctrl Pts',(154.352961134001,-31.8,-54.6037722288772));
#16700=CARTESIAN_POINT('Ctrl Pts',(154.402713207077,-31.8,-54.5648021466531));
#16701=CARTESIAN_POINT('Ctrl Pts',(154.053463367294,-32.,-55.2360160119332));
#16702=CARTESIAN_POINT('Ctrl Pts',(154.053463367294,-31.8,-55.2360160119332));
#16703=CARTESIAN_POINT('Ctrl Pts',(154.057155473597,-32.,-55.1671964529416));
#16704=CARTESIAN_POINT('Ctrl Pts',(154.057155473597,-31.8,-55.1671964529416));
#16705=CARTESIAN_POINT('Ctrl Pts',(154.064412334579,-32.,-55.0319311242817));
#16706=CARTESIAN_POINT('Ctrl Pts',(154.064412334579,-31.8,-55.0319311242817));
#16707=CARTESIAN_POINT('Ctrl Pts',(154.121109598855,-32.,-54.9089693126429));
#16708=CARTESIAN_POINT('Ctrl Pts',(154.121109598855,-31.8,-54.9089693126429));
#16709=CARTESIAN_POINT('Ctrl Pts',(154.148960737061,-32.,-54.8485673434533));
#16710=CARTESIAN_POINT('Ctrl Pts',(154.148960737061,-31.8,-54.8485673434533));
#16711=CARTESIAN_POINT('',(154.053463367294,-32.,-55.2360160119332));
#16712=CARTESIAN_POINT('Ctrl Pts',(154.053463367294,-32.,-55.2360160119332));
#16713=CARTESIAN_POINT('Ctrl Pts',(154.057155473597,-32.,-55.1671964529416));
#16714=CARTESIAN_POINT('Ctrl Pts',(154.064412334579,-32.,-55.0319311242817));
#16715=CARTESIAN_POINT('Ctrl Pts',(154.121109598855,-32.,-54.9089693126429));
#16716=CARTESIAN_POINT('Ctrl Pts',(154.148960737061,-32.,-54.8485673434533));
#16717=CARTESIAN_POINT('',(154.053463367294,-31.8,-55.2360160119332));
#16718=CARTESIAN_POINT('',(154.053463367294,-32.,-55.2360160119332));
#16719=CARTESIAN_POINT('Ctrl Pts',(154.053463367294,-31.8,-55.2360160119332));
#16720=CARTESIAN_POINT('Ctrl Pts',(154.057155473597,-31.8,-55.1671964529416));
#16721=CARTESIAN_POINT('Ctrl Pts',(154.064412334579,-31.8,-55.0319311242817));
#16722=CARTESIAN_POINT('Ctrl Pts',(154.121109598855,-31.8,-54.9089693126429));
#16723=CARTESIAN_POINT('Ctrl Pts',(154.148960737061,-31.8,-54.8485673434533));
#16724=CARTESIAN_POINT('Ctrl Pts',(154.309943345856,-32.,-55.8335603244103));
#16725=CARTESIAN_POINT('Ctrl Pts',(154.309943345856,-31.8,-55.8335603244103));
#16726=CARTESIAN_POINT('Ctrl Pts',(154.235139993739,-32.,-55.7492760259711));
#16727=CARTESIAN_POINT('Ctrl Pts',(154.235139993739,-31.8,-55.7492760259711));
#16728=CARTESIAN_POINT('Ctrl Pts',(154.083680276385,-32.,-55.5786195559373));
#16729=CARTESIAN_POINT('Ctrl Pts',(154.083680276385,-31.8,-55.5786195559373));
#16730=CARTESIAN_POINT('Ctrl Pts',(154.063617488798,-32.,-55.3511448625708));
#16731=CARTESIAN_POINT('Ctrl Pts',(154.063617488798,-31.8,-55.3511448625708));
#16732=CARTESIAN_POINT('Ctrl Pts',(154.053463367294,-32.,-55.2360160119332));
#16733=CARTESIAN_POINT('Ctrl Pts',(154.053463367294,-31.8,-55.2360160119332));
#16734=CARTESIAN_POINT('',(154.309943345856,-32.,-55.8335603244103));
#16735=CARTESIAN_POINT('Ctrl Pts',(154.309943345856,-32.,-55.8335603244103));
#16736=CARTESIAN_POINT('Ctrl Pts',(154.235139993739,-32.,-55.7492760259711));
#16737=CARTESIAN_POINT('Ctrl Pts',(154.083680276385,-32.,-55.5786195559373));
#16738=CARTESIAN_POINT('Ctrl Pts',(154.063617488798,-32.,-55.3511448625708));
#16739=CARTESIAN_POINT('Ctrl Pts',(154.053463367294,-32.,-55.2360160119332));
#16740=CARTESIAN_POINT('',(154.309943345856,-31.8,-55.8335603244103));
#16741=CARTESIAN_POINT('',(154.309943345856,-32.,-55.8335603244103));
#16742=CARTESIAN_POINT('Ctrl Pts',(154.309943345856,-31.8,-55.8335603244103));
#16743=CARTESIAN_POINT('Ctrl Pts',(154.235139993739,-31.8,-55.7492760259711));
#16744=CARTESIAN_POINT('Ctrl Pts',(154.083680276385,-31.8,-55.5786195559373));
#16745=CARTESIAN_POINT('Ctrl Pts',(154.063617488798,-31.8,-55.3511448625708));
#16746=CARTESIAN_POINT('Ctrl Pts',(154.053463367294,-31.8,-55.2360160119332));
#16747=CARTESIAN_POINT('Ctrl Pts',(155.043913749527,-32.,-56.0654837853707));
#16748=CARTESIAN_POINT('Ctrl Pts',(155.043913749527,-31.8,-56.0654837853707));
#16749=CARTESIAN_POINT('Ctrl Pts',(154.898627628539,-32.,-56.0597336177522));
#16750=CARTESIAN_POINT('Ctrl Pts',(154.898627628539,-31.8,-56.0597336177522));
#16751=CARTESIAN_POINT('Ctrl Pts',(154.631652548487,-32.,-56.0491672164343));
#16752=CARTESIAN_POINT('Ctrl Pts',(154.631652548487,-31.8,-56.0491672164343));
#16753=CARTESIAN_POINT('Ctrl Pts',(154.41066904736,-32.,-55.9010658706325));
#16754=CARTESIAN_POINT('Ctrl Pts',(154.41066904736,-31.8,-55.9010658706325));
#16755=CARTESIAN_POINT('Ctrl Pts',(154.309943345856,-32.,-55.8335603244103));
#16756=CARTESIAN_POINT('Ctrl Pts',(154.309943345856,-31.8,-55.8335603244103));
#16757=CARTESIAN_POINT('',(155.043913749527,-32.,-56.0654837853707));
#16758=CARTESIAN_POINT('Ctrl Pts',(155.043913749527,-32.,-56.0654837853707));
#16759=CARTESIAN_POINT('Ctrl Pts',(154.898627628539,-32.,-56.0597336177522));
#16760=CARTESIAN_POINT('Ctrl Pts',(154.631652548487,-32.,-56.0491672164343));
#16761=CARTESIAN_POINT('Ctrl Pts',(154.41066904736,-32.,-55.9010658706325));
#16762=CARTESIAN_POINT('Ctrl Pts',(154.309943345856,-32.,-55.8335603244103));
#16763=CARTESIAN_POINT('',(155.043913749527,-31.8,-56.0654837853707));
#16764=CARTESIAN_POINT('',(155.043913749527,-32.,-56.0654837853707));
#16765=CARTESIAN_POINT('Ctrl Pts',(155.043913749527,-31.8,-56.0654837853707));
#16766=CARTESIAN_POINT('Ctrl Pts',(154.898627628539,-31.8,-56.0597336177522));
#16767=CARTESIAN_POINT('Ctrl Pts',(154.631652548487,-31.8,-56.0491672164343));
#16768=CARTESIAN_POINT('Ctrl Pts',(154.41066904736,-31.8,-55.9010658706325));
#16769=CARTESIAN_POINT('Ctrl Pts',(154.309943345856,-31.8,-55.8335603244103));
#16770=CARTESIAN_POINT('Ctrl Pts',(155.584159520935,-32.,-55.969985819558));
#16771=CARTESIAN_POINT('Ctrl Pts',(155.584159520935,-31.8,-55.969985819558));
#16772=CARTESIAN_POINT('Ctrl Pts',(155.498011660663,-32.,-55.9978365086264));
#16773=CARTESIAN_POINT('Ctrl Pts',(155.498011660663,-31.8,-55.9978365086264));
#16774=CARTESIAN_POINT('Ctrl Pts',(155.3223841693,-32.,-56.054615012914));
#16775=CARTESIAN_POINT('Ctrl Pts',(155.3223841693,-31.8,-56.054615012914));
#16776=CARTESIAN_POINT('Ctrl Pts',(155.13790379476,-32.,-56.0618153296127));
#16777=CARTESIAN_POINT('Ctrl Pts',(155.13790379476,-31.8,-56.0618153296127));
#16778=CARTESIAN_POINT('Ctrl Pts',(155.043913749527,-32.,-56.0654837853707));
#16779=CARTESIAN_POINT('Ctrl Pts',(155.043913749527,-31.8,-56.0654837853707));
#16780=CARTESIAN_POINT('',(155.584159520935,-32.,-55.969985819558));
#16781=CARTESIAN_POINT('Ctrl Pts',(155.584159520935,-32.,-55.969985819558));
#16782=CARTESIAN_POINT('Ctrl Pts',(155.498011660663,-32.,-55.9978365086264));
#16783=CARTESIAN_POINT('Ctrl Pts',(155.3223841693,-32.,-56.054615012914));
#16784=CARTESIAN_POINT('Ctrl Pts',(155.13790379476,-32.,-56.0618153296127));
#16785=CARTESIAN_POINT('Ctrl Pts',(155.043913749527,-32.,-56.0654837853707));
#16786=CARTESIAN_POINT('',(155.584159520935,-31.8,-55.969985819558));
#16787=CARTESIAN_POINT('',(155.584159520935,-32.,-55.969985819558));
#16788=CARTESIAN_POINT('Ctrl Pts',(155.584159520935,-31.8,-55.969985819558));
#16789=CARTESIAN_POINT('Ctrl Pts',(155.498011660663,-31.8,-55.9978365086264));
#16790=CARTESIAN_POINT('Ctrl Pts',(155.3223841693,-31.8,-56.054615012914));
#16791=CARTESIAN_POINT('Ctrl Pts',(155.13790379476,-31.8,-56.0618153296127));
#16792=CARTESIAN_POINT('Ctrl Pts',(155.043913749527,-31.8,-56.0654837853707));
#16793=CARTESIAN_POINT('Ctrl Pts',(156.110761789154,-32.,-55.6425643927849));
#16794=CARTESIAN_POINT('Ctrl Pts',(156.110761789154,-31.8,-55.6425643927849));
#16795=CARTESIAN_POINT('Ctrl Pts',(156.024057632984,-32.,-55.7128313371479));
#16796=CARTESIAN_POINT('Ctrl Pts',(156.024057632984,-31.8,-55.7128313371479));
#16797=CARTESIAN_POINT('Ctrl Pts',(155.862091928495,-32.,-55.8440918862235));
#16798=CARTESIAN_POINT('Ctrl Pts',(155.862091928495,-31.8,-55.8440918862235));
#16799=CARTESIAN_POINT('Ctrl Pts',(155.672334985909,-32.,-55.9300453311253));
#16800=CARTESIAN_POINT('Ctrl Pts',(155.672334985909,-31.8,-55.9300453311253));
#16801=CARTESIAN_POINT('Ctrl Pts',(155.584159520935,-32.,-55.969985819558));
#16802=CARTESIAN_POINT('Ctrl Pts',(155.584159520935,-31.8,-55.969985819558));
#16803=CARTESIAN_POINT('',(156.110761789154,-32.,-55.6425643927849));
#16804=CARTESIAN_POINT('Ctrl Pts',(156.110761789154,-32.,-55.6425643927849));
#16805=CARTESIAN_POINT('Ctrl Pts',(156.024057632984,-32.,-55.7128313371479));
#16806=CARTESIAN_POINT('Ctrl Pts',(155.862091928495,-32.,-55.8440918862235));
#16807=CARTESIAN_POINT('Ctrl Pts',(155.672334985909,-32.,-55.9300453311253));
#16808=CARTESIAN_POINT('Ctrl Pts',(155.584159520935,-32.,-55.969985819558));
#16809=CARTESIAN_POINT('',(156.110761789154,-31.8,-55.6425643927849));
#16810=CARTESIAN_POINT('',(156.110761789154,-32.,-55.6425643927849));
#16811=CARTESIAN_POINT('Ctrl Pts',(156.110761789154,-31.8,-55.6425643927849));
#16812=CARTESIAN_POINT('Ctrl Pts',(156.024057632984,-31.8,-55.7128313371479));
#16813=CARTESIAN_POINT('Ctrl Pts',(155.862091928495,-31.8,-55.8440918862235));
#16814=CARTESIAN_POINT('Ctrl Pts',(155.672334985909,-31.8,-55.9300453311253));
#16815=CARTESIAN_POINT('Ctrl Pts',(155.584159520935,-31.8,-55.969985819558));
#16816=CARTESIAN_POINT('Ctrl Pts',(156.208987859558,-32.,-55.9999997384347));
#16817=CARTESIAN_POINT('Ctrl Pts',(156.208987859558,-31.8,-55.9999997384347));
#16818=CARTESIAN_POINT('Ctrl Pts',(156.185648814795,-32.,-55.9454238509366));
#16819=CARTESIAN_POINT('Ctrl Pts',(156.185648814795,-31.8,-55.9454238509366));
#16820=CARTESIAN_POINT('Ctrl Pts',(156.136640672175,-32.,-55.8308234932445));
#16821=CARTESIAN_POINT('Ctrl Pts',(156.136640672175,-31.8,-55.8308234932445));
#16822=CARTESIAN_POINT('Ctrl Pts',(156.119657238108,-32.,-55.7072754244354));
#16823=CARTESIAN_POINT('Ctrl Pts',(156.119657238108,-31.8,-55.7072754244354));
#16824=CARTESIAN_POINT('Ctrl Pts',(156.110761789154,-32.,-55.6425643927849));
#16825=CARTESIAN_POINT('Ctrl Pts',(156.110761789154,-31.8,-55.6425643927849));
#16826=CARTESIAN_POINT('Ctrl Pts',(156.208987859558,-32.,-55.9999997384347));
#16827=CARTESIAN_POINT('Ctrl Pts',(156.185648814795,-32.,-55.9454238509366));
#16828=CARTESIAN_POINT('Ctrl Pts',(156.136640672175,-32.,-55.8308234932445));
#16829=CARTESIAN_POINT('Ctrl Pts',(156.119657238108,-32.,-55.7072754244354));
#16830=CARTESIAN_POINT('Ctrl Pts',(156.110761789154,-32.,-55.6425643927849));
#16831=CARTESIAN_POINT('Ctrl Pts',(156.208987859558,-31.8,-55.9999997384347));
#16832=CARTESIAN_POINT('Ctrl Pts',(156.185648814795,-31.8,-55.9454238509366));
#16833=CARTESIAN_POINT('Ctrl Pts',(156.136640672175,-31.8,-55.8308234932445));
#16834=CARTESIAN_POINT('Ctrl Pts',(156.119657238108,-31.8,-55.7072754244354));
#16835=CARTESIAN_POINT('Ctrl Pts',(156.110761789154,-31.8,-55.6425643927849));
#16836=CARTESIAN_POINT('Origin',(148.746505965959,-31.8,-57.1555250353612));
#16837=CARTESIAN_POINT('Origin',(145.387706486057,-32.,-60.6575716502465));
#16838=CARTESIAN_POINT('',(145.387706486057,-32.,-60.6575716502465));
#16839=CARTESIAN_POINT('',(145.387706486057,-32.,-62.2428376443185));
#16840=CARTESIAN_POINT('',(145.387706486057,-32.,-66.8912858251216));
#16841=CARTESIAN_POINT('',(145.387706486057,-31.8,-60.6575716502465));
#16842=CARTESIAN_POINT('',(145.387706486057,-32.,-60.6575716502465));
#16843=CARTESIAN_POINT('',(145.387706486057,-31.8,-62.2428376443185));
#16844=CARTESIAN_POINT('',(145.387706486057,-31.8,-60.6575716502465));
#16845=CARTESIAN_POINT('',(145.387706486057,-32.,-62.2428376443185));
#16846=CARTESIAN_POINT('Ctrl Pts',(145.469562140774,-32.,-60.122783280114));
#16847=CARTESIAN_POINT('Ctrl Pts',(145.469562140774,-31.8,-60.122783280114));
#16848=CARTESIAN_POINT('Ctrl Pts',(145.445778035416,-32.,-60.1990879041863));
#16849=CARTESIAN_POINT('Ctrl Pts',(145.445778035416,-31.8,-60.1990879041863));
#16850=CARTESIAN_POINT('Ctrl Pts',(145.391598314312,-32.,-60.3729083270655));
#16851=CARTESIAN_POINT('Ctrl Pts',(145.391598314312,-31.8,-60.3729083270655));
#16852=CARTESIAN_POINT('Ctrl Pts',(145.389105174145,-32.,-60.5552662109707));
#16853=CARTESIAN_POINT('Ctrl Pts',(145.389105174145,-31.8,-60.5552662109707));
#16854=CARTESIAN_POINT('Ctrl Pts',(145.387706486057,-32.,-60.6575716502465));
#16855=CARTESIAN_POINT('Ctrl Pts',(145.387706486057,-31.8,-60.6575716502465));
#16856=CARTESIAN_POINT('',(145.469562140774,-32.,-60.122783280114));
#16857=CARTESIAN_POINT('Ctrl Pts',(145.469562140774,-32.,-60.122783280114));
#16858=CARTESIAN_POINT('Ctrl Pts',(145.445778035416,-32.,-60.1990879041863));
#16859=CARTESIAN_POINT('Ctrl Pts',(145.391598314312,-32.,-60.3729083270655));
#16860=CARTESIAN_POINT('Ctrl Pts',(145.389105174145,-32.,-60.5552662109707));
#16861=CARTESIAN_POINT('Ctrl Pts',(145.387706486057,-32.,-60.6575716502465));
#16862=CARTESIAN_POINT('',(145.469562140774,-31.8,-60.122783280114));
#16863=CARTESIAN_POINT('',(145.469562140774,-32.,-60.122783280114));
#16864=CARTESIAN_POINT('Ctrl Pts',(145.469562140774,-31.8,-60.122783280114));
#16865=CARTESIAN_POINT('Ctrl Pts',(145.445778035416,-31.8,-60.1990879041863));
#16866=CARTESIAN_POINT('Ctrl Pts',(145.391598314312,-31.8,-60.3729083270655));
#16867=CARTESIAN_POINT('Ctrl Pts',(145.389105174145,-31.8,-60.5552662109707));
#16868=CARTESIAN_POINT('Ctrl Pts',(145.387706486057,-31.8,-60.6575716502465));
#16869=CARTESIAN_POINT('Ctrl Pts',(145.742413429092,-32.,-59.8171896703042));
#16870=CARTESIAN_POINT('Ctrl Pts',(145.742413429092,-31.8,-59.8171896703042));
#16871=CARTESIAN_POINT('Ctrl Pts',(145.683491181645,-32.,-59.857432854502));
#16872=CARTESIAN_POINT('Ctrl Pts',(145.683491181645,-31.8,-59.857432854502));
#16873=CARTESIAN_POINT('Ctrl Pts',(145.567252437867,-32.,-59.9368225142552));
#16874=CARTESIAN_POINT('Ctrl Pts',(145.567252437867,-31.8,-59.9368225142552));
#16875=CARTESIAN_POINT('Ctrl Pts',(145.501824292878,-32.,-60.0613698676049));
#16876=CARTESIAN_POINT('Ctrl Pts',(145.501824292878,-31.8,-60.0613698676049));
#16877=CARTESIAN_POINT('Ctrl Pts',(145.469562140774,-32.,-60.122783280114));
#16878=CARTESIAN_POINT('Ctrl Pts',(145.469562140774,-31.8,-60.122783280114));
#16879=CARTESIAN_POINT('',(145.742413429092,-32.,-59.8171896703042));
#16880=CARTESIAN_POINT('Ctrl Pts',(145.742413429092,-32.,-59.8171896703042));
#16881=CARTESIAN_POINT('Ctrl Pts',(145.683491181645,-32.,-59.857432854502));
#16882=CARTESIAN_POINT('Ctrl Pts',(145.567252437867,-32.,-59.9368225142552));
#16883=CARTESIAN_POINT('Ctrl Pts',(145.501824292878,-32.,-60.0613698676049));
#16884=CARTESIAN_POINT('Ctrl Pts',(145.469562140774,-32.,-60.122783280114));
#16885=CARTESIAN_POINT('',(145.742413429092,-31.8,-59.8171896703042));
#16886=CARTESIAN_POINT('',(145.742413429092,-32.,-59.8171896703042));
#16887=CARTESIAN_POINT('Ctrl Pts',(145.742413429092,-31.8,-59.8171896703042));
#16888=CARTESIAN_POINT('Ctrl Pts',(145.683491181645,-31.8,-59.857432854502));
#16889=CARTESIAN_POINT('Ctrl Pts',(145.567252437867,-31.8,-59.9368225142552));
#16890=CARTESIAN_POINT('Ctrl Pts',(145.501824292878,-31.8,-60.0613698676049));
#16891=CARTESIAN_POINT('Ctrl Pts',(145.469562140774,-31.8,-60.122783280114));
#16892=CARTESIAN_POINT('Ctrl Pts',(146.154418615173,-32.,-59.7025919921197));
#16893=CARTESIAN_POINT('Ctrl Pts',(146.154418615173,-31.8,-59.7025919921197));
#16894=CARTESIAN_POINT('Ctrl Pts',(146.082424498869,-32.,-59.7075193687725));
#16895=CARTESIAN_POINT('Ctrl Pts',(146.082424498869,-31.8,-59.7075193687725));
#16896=CARTESIAN_POINT('Ctrl Pts',(145.937261588,-32.,-59.717454518679));
#16897=CARTESIAN_POINT('Ctrl Pts',(145.937261588,-31.8,-59.717454518679));
#16898=CARTESIAN_POINT('Ctrl Pts',(145.807712259064,-32.,-59.783765753216));
#16899=CARTESIAN_POINT('Ctrl Pts',(145.807712259064,-31.8,-59.783765753216));
#16900=CARTESIAN_POINT('Ctrl Pts',(145.742413429092,-32.,-59.8171896703042));
#16901=CARTESIAN_POINT('Ctrl Pts',(145.742413429092,-31.8,-59.8171896703042));
#16902=CARTESIAN_POINT('',(146.154418615173,-32.,-59.7025919921197));
#16903=CARTESIAN_POINT('Ctrl Pts',(146.154418615173,-32.,-59.7025919921197));
#16904=CARTESIAN_POINT('Ctrl Pts',(146.082424498869,-32.,-59.7075193687725));
#16905=CARTESIAN_POINT('Ctrl Pts',(145.937261588,-32.,-59.717454518679));
#16906=CARTESIAN_POINT('Ctrl Pts',(145.807712259064,-32.,-59.783765753216));
#16907=CARTESIAN_POINT('Ctrl Pts',(145.742413429092,-32.,-59.8171896703042));
#16908=CARTESIAN_POINT('',(146.154418615173,-31.8,-59.7025919921197));
#16909=CARTESIAN_POINT('',(146.154418615173,-32.,-59.7025919921197));
#16910=CARTESIAN_POINT('Ctrl Pts',(146.154418615173,-31.8,-59.7025919921197));
#16911=CARTESIAN_POINT('Ctrl Pts',(146.082424498869,-31.8,-59.7075193687725));
#16912=CARTESIAN_POINT('Ctrl Pts',(145.937261588,-31.8,-59.717454518679));
#16913=CARTESIAN_POINT('Ctrl Pts',(145.807712259064,-31.8,-59.783765753216));
#16914=CARTESIAN_POINT('Ctrl Pts',(145.742413429092,-31.8,-59.8171896703042));
#16915=CARTESIAN_POINT('Ctrl Pts',(146.604623225998,-32.,-59.8717601067818));
#16916=CARTESIAN_POINT('Ctrl Pts',(146.604623225998,-31.8,-59.8717601067818));
#16917=CARTESIAN_POINT('Ctrl Pts',(146.543470334573,-32.,-59.8224757005231));
#16918=CARTESIAN_POINT('Ctrl Pts',(146.543470334573,-31.8,-59.8224757005231));
#16919=CARTESIAN_POINT('Ctrl Pts',(146.412625233862,-32.,-59.7170248714586));
#16920=CARTESIAN_POINT('Ctrl Pts',(146.412625233862,-31.8,-59.7170248714586));
#16921=CARTESIAN_POINT('Ctrl Pts',(146.244152489179,-32.,-59.7076078131033));
#16922=CARTESIAN_POINT('Ctrl Pts',(146.244152489179,-31.8,-59.7076078131033));
#16923=CARTESIAN_POINT('Ctrl Pts',(146.154418615173,-32.,-59.7025919921197));
#16924=CARTESIAN_POINT('Ctrl Pts',(146.154418615173,-31.8,-59.7025919921197));
#16925=CARTESIAN_POINT('',(146.604623225998,-32.,-59.8717601067818));
#16926=CARTESIAN_POINT('Ctrl Pts',(146.604623225998,-32.,-59.8717601067818));
#16927=CARTESIAN_POINT('Ctrl Pts',(146.543470334573,-32.,-59.8224757005231));
#16928=CARTESIAN_POINT('Ctrl Pts',(146.412625233862,-32.,-59.7170248714586));
#16929=CARTESIAN_POINT('Ctrl Pts',(146.244152489179,-32.,-59.7076078131033));
#16930=CARTESIAN_POINT('Ctrl Pts',(146.154418615173,-32.,-59.7025919921197));
#16931=CARTESIAN_POINT('',(146.604623225998,-31.8,-59.8717601067818));
#16932=CARTESIAN_POINT('',(146.604623225998,-32.,-59.8717601067818));
#16933=CARTESIAN_POINT('Ctrl Pts',(146.604623225998,-31.8,-59.8717601067818));
#16934=CARTESIAN_POINT('Ctrl Pts',(146.543470334573,-31.8,-59.8224757005231));
#16935=CARTESIAN_POINT('Ctrl Pts',(146.412625233862,-31.8,-59.7170248714586));
#16936=CARTESIAN_POINT('Ctrl Pts',(146.244152489179,-31.8,-59.7076078131033));
#16937=CARTESIAN_POINT('Ctrl Pts',(146.154418615173,-31.8,-59.7025919921197));
#16938=CARTESIAN_POINT('Ctrl Pts',(146.765605834793,-32.,-60.4065484769143));
#16939=CARTESIAN_POINT('Ctrl Pts',(146.765605834793,-31.8,-60.4065484769143));
#16940=CARTESIAN_POINT('Ctrl Pts',(146.763044775579,-32.,-60.2970311955274));
#16941=CARTESIAN_POINT('Ctrl Pts',(146.763044775579,-31.8,-60.2970311955274));
#16942=CARTESIAN_POINT('Ctrl Pts',(146.758499403611,-32.,-60.1026597502476));
#16943=CARTESIAN_POINT('Ctrl Pts',(146.758499403611,-31.8,-60.1026597502476));
#16944=CARTESIAN_POINT('Ctrl Pts',(146.651384819367,-32.,-59.9419284421559));
#16945=CARTESIAN_POINT('Ctrl Pts',(146.651384819367,-31.8,-59.9419284421559));
#16946=CARTESIAN_POINT('Ctrl Pts',(146.604623225998,-32.,-59.8717601067818));
#16947=CARTESIAN_POINT('Ctrl Pts',(146.604623225998,-31.8,-59.8717601067818));
#16948=CARTESIAN_POINT('',(146.765605834793,-32.,-60.4065484769143));
#16949=CARTESIAN_POINT('Ctrl Pts',(146.765605834793,-32.,-60.4065484769143));
#16950=CARTESIAN_POINT('Ctrl Pts',(146.763044775579,-32.,-60.2970311955274));
#16951=CARTESIAN_POINT('Ctrl Pts',(146.758499403611,-32.,-60.1026597502476));
#16952=CARTESIAN_POINT('Ctrl Pts',(146.651384819367,-32.,-59.9419284421559));
#16953=CARTESIAN_POINT('Ctrl Pts',(146.604623225998,-32.,-59.8717601067818));
#16954=CARTESIAN_POINT('',(146.765605834793,-31.8,-60.4065484769143));
#16955=CARTESIAN_POINT('',(146.765605834793,-32.,-60.4065484769143));
#16956=CARTESIAN_POINT('Ctrl Pts',(146.765605834793,-31.8,-60.4065484769143));
#16957=CARTESIAN_POINT('Ctrl Pts',(146.763044775579,-31.8,-60.2970311955274));
#16958=CARTESIAN_POINT('Ctrl Pts',(146.758499403611,-31.8,-60.1026597502476));
#16959=CARTESIAN_POINT('Ctrl Pts',(146.651384819367,-31.8,-59.9419284421559));
#16960=CARTESIAN_POINT('Ctrl Pts',(146.604623225998,-31.8,-59.8717601067818));
#16961=CARTESIAN_POINT('Origin',(146.765605834793,-32.,-62.2428376443185));
#16962=CARTESIAN_POINT('',(146.765605834793,-32.,-62.2428376443185));
#16963=CARTESIAN_POINT('',(146.765605834793,-32.,-67.6839188221576));
#16964=CARTESIAN_POINT('',(146.765605834793,-31.8,-62.2428376443185));
#16965=CARTESIAN_POINT('',(146.765605834793,-32.,-62.2428376443185));
#16966=CARTESIAN_POINT('',(146.765605834793,-31.8,-62.2428376443185));
#16967=CARTESIAN_POINT('Origin',(147.256737974953,-32.,-62.2428376443185));
#16968=CARTESIAN_POINT('',(147.256737974953,-32.,-62.2428376443185));
#16969=CARTESIAN_POINT('',(139.065868987474,-32.,-62.2428376443185));
#16970=CARTESIAN_POINT('',(147.256737974953,-31.8,-62.2428376443185));
#16971=CARTESIAN_POINT('',(147.256737974953,-32.,-62.2428376443185));
#16972=CARTESIAN_POINT('',(147.256737974953,-31.8,-62.2428376443185));
#16973=CARTESIAN_POINT('Origin',(147.256737974953,-32.,-60.4065484769143));
#16974=CARTESIAN_POINT('',(147.256737974953,-32.,-60.4065484769143));
#16975=CARTESIAN_POINT('',(147.256737974953,-32.,-66.7657742384555));
#16976=CARTESIAN_POINT('',(147.256737974953,-31.8,-60.4065484769143));
#16977=CARTESIAN_POINT('',(147.256737974953,-32.,-60.4065484769143));
#16978=CARTESIAN_POINT('',(147.256737974953,-31.8,-60.4065484769143));
#16979=CARTESIAN_POINT('Ctrl Pts',(147.153054503273,-32.,-59.7571624285973));
#16980=CARTESIAN_POINT('Ctrl Pts',(147.153054503273,-31.8,-59.7571624285973));
#16981=CARTESIAN_POINT('Ctrl Pts',(147.18315150098,-32.,-59.8478392642737));
#16982=CARTESIAN_POINT('Ctrl Pts',(147.18315150098,-31.8,-59.8478392642737));
#16983=CARTESIAN_POINT('Ctrl Pts',(147.252958359231,-32.,-60.058154760734));
#16984=CARTESIAN_POINT('Ctrl Pts',(147.252958359231,-31.8,-60.058154760734));
#16985=CARTESIAN_POINT('Ctrl Pts',(147.255367517411,-32.,-60.2802237838797));
#16986=CARTESIAN_POINT('Ctrl Pts',(147.255367517411,-31.8,-60.2802237838797));
#16987=CARTESIAN_POINT('Ctrl Pts',(147.256737974953,-32.,-60.4065484769143));
#16988=CARTESIAN_POINT('Ctrl Pts',(147.256737974953,-31.8,-60.4065484769143));
#16989=CARTESIAN_POINT('',(147.153054503273,-32.,-59.7571624285973));
#16990=CARTESIAN_POINT('Ctrl Pts',(147.153054503273,-32.,-59.7571624285973));
#16991=CARTESIAN_POINT('Ctrl Pts',(147.18315150098,-32.,-59.8478392642737));
#16992=CARTESIAN_POINT('Ctrl Pts',(147.252958359231,-32.,-60.058154760734));
#16993=CARTESIAN_POINT('Ctrl Pts',(147.255367517411,-32.,-60.2802237838797));
#16994=CARTESIAN_POINT('Ctrl Pts',(147.256737974953,-32.,-60.4065484769143));
#16995=CARTESIAN_POINT('',(147.153054503273,-31.8,-59.7571624285973));
#16996=CARTESIAN_POINT('',(147.153054503273,-32.,-59.7571624285973));
#16997=CARTESIAN_POINT('Ctrl Pts',(147.153054503273,-31.8,-59.7571624285973));
#16998=CARTESIAN_POINT('Ctrl Pts',(147.18315150098,-31.8,-59.8478392642737));
#16999=CARTESIAN_POINT('Ctrl Pts',(147.252958359231,-31.8,-60.058154760734));
#17000=CARTESIAN_POINT('Ctrl Pts',(147.255367517411,-31.8,-60.2802237838797));
#17001=CARTESIAN_POINT('Ctrl Pts',(147.256737974953,-31.8,-60.4065484769143));
#17002=CARTESIAN_POINT('Ctrl Pts',(146.814718869995,-32.,-59.4079125888146));
#17003=CARTESIAN_POINT('Ctrl Pts',(146.814718869995,-31.8,-59.4079125888146));
#17004=CARTESIAN_POINT('Ctrl Pts',(146.887724421452,-32.,-59.4528940029673));
#17005=CARTESIAN_POINT('Ctrl Pts',(146.887724421452,-31.8,-59.4528940029673));
#17006=CARTESIAN_POINT('Ctrl Pts',(147.030264742547,-32.,-59.5407183545228));
#17007=CARTESIAN_POINT('Ctrl Pts',(147.030264742547,-31.8,-59.5407183545228));
#17008=CARTESIAN_POINT('Ctrl Pts',(147.112794434556,-32.,-59.6861951651705));
#17009=CARTESIAN_POINT('Ctrl Pts',(147.112794434556,-31.8,-59.6861951651705));
#17010=CARTESIAN_POINT('Ctrl Pts',(147.153054503273,-32.,-59.7571624285973));
#17011=CARTESIAN_POINT('Ctrl Pts',(147.153054503273,-31.8,-59.7571624285973));
#17012=CARTESIAN_POINT('',(146.814718869995,-32.,-59.4079125888146));
#17013=CARTESIAN_POINT('Ctrl Pts',(146.814718869995,-32.,-59.4079125888146));
#17014=CARTESIAN_POINT('Ctrl Pts',(146.887724421452,-32.,-59.4528940029673));
#17015=CARTESIAN_POINT('Ctrl Pts',(147.030264742547,-32.,-59.5407183545228));
#17016=CARTESIAN_POINT('Ctrl Pts',(147.112794434556,-32.,-59.6861951651705));
#17017=CARTESIAN_POINT('Ctrl Pts',(147.153054503273,-32.,-59.7571624285973));
#17018=CARTESIAN_POINT('',(146.814718869995,-31.8,-59.4079125888146));
#17019=CARTESIAN_POINT('',(146.814718869995,-32.,-59.4079125888146));
#17020=CARTESIAN_POINT('Ctrl Pts',(146.814718869995,-31.8,-59.4079125888146));
#17021=CARTESIAN_POINT('Ctrl Pts',(146.887724421452,-31.8,-59.4528940029673));
#17022=CARTESIAN_POINT('Ctrl Pts',(147.030264742547,-31.8,-59.5407183545228));
#17023=CARTESIAN_POINT('Ctrl Pts',(147.112794434556,-31.8,-59.6861951651705));
#17024=CARTESIAN_POINT('Ctrl Pts',(147.153054503273,-31.8,-59.7571624285973));
#17025=CARTESIAN_POINT('Ctrl Pts',(146.255373982262,-32.,-59.2796725995339));
#17026=CARTESIAN_POINT('Ctrl Pts',(146.255373982262,-31.8,-59.2796725995339));
#17027=CARTESIAN_POINT('Ctrl Pts',(146.357153342021,-32.,-59.2839580768305));
#17028=CARTESIAN_POINT('Ctrl Pts',(146.357153342021,-31.8,-59.2839580768305));
#17029=CARTESIAN_POINT('Ctrl Pts',(146.551734822389,-32.,-59.2921510397106));
#17030=CARTESIAN_POINT('Ctrl Pts',(146.551734822389,-31.8,-59.2921510397106));
#17031=CARTESIAN_POINT('Ctrl Pts',(146.729795870836,-32.,-59.3705307855199));
#17032=CARTESIAN_POINT('Ctrl Pts',(146.729795870836,-31.8,-59.3705307855199));
#17033=CARTESIAN_POINT('Ctrl Pts',(146.814718869995,-32.,-59.4079125888146));
#17034=CARTESIAN_POINT('Ctrl Pts',(146.814718869995,-31.8,-59.4079125888146));
#17035=CARTESIAN_POINT('',(146.255373982262,-32.,-59.2796725995339));
#17036=CARTESIAN_POINT('Ctrl Pts',(146.255373982262,-32.,-59.2796725995339));
#17037=CARTESIAN_POINT('Ctrl Pts',(146.357153342021,-32.,-59.2839580768305));
#17038=CARTESIAN_POINT('Ctrl Pts',(146.551734822389,-32.,-59.2921510397106));
#17039=CARTESIAN_POINT('Ctrl Pts',(146.729795870836,-32.,-59.3705307855199));
#17040=CARTESIAN_POINT('Ctrl Pts',(146.814718869995,-32.,-59.4079125888146));
#17041=CARTESIAN_POINT('',(146.255373982262,-31.8,-59.2796725995339));
#17042=CARTESIAN_POINT('',(146.255373982262,-32.,-59.2796725995339));
#17043=CARTESIAN_POINT('Ctrl Pts',(146.255373982262,-31.8,-59.2796725995339));
#17044=CARTESIAN_POINT('Ctrl Pts',(146.357153342021,-31.8,-59.2839580768305));
#17045=CARTESIAN_POINT('Ctrl Pts',(146.551734822389,-31.8,-59.2921510397106));
#17046=CARTESIAN_POINT('Ctrl Pts',(146.729795870836,-31.8,-59.3705307855199));
#17047=CARTESIAN_POINT('Ctrl Pts',(146.814718869995,-31.8,-59.4079125888146));
#17048=CARTESIAN_POINT('Ctrl Pts',(145.387706486057,-32.,-59.6780354745187));
#17049=CARTESIAN_POINT('Ctrl Pts',(145.387706486057,-31.8,-59.6780354745187));
#17050=CARTESIAN_POINT('Ctrl Pts',(145.509696156847,-32.,-59.5618465056082));
#17051=CARTESIAN_POINT('Ctrl Pts',(145.509696156847,-31.8,-59.5618465056082));
#17052=CARTESIAN_POINT('Ctrl Pts',(145.753365431852,-32.,-59.32976389046));
#17053=CARTESIAN_POINT('Ctrl Pts',(145.753365431852,-31.8,-59.32976389046));
#17054=CARTESIAN_POINT('Ctrl Pts',(146.088179814712,-32.,-59.2963555259124));
#17055=CARTESIAN_POINT('Ctrl Pts',(146.088179814712,-31.8,-59.2963555259124));
#17056=CARTESIAN_POINT('Ctrl Pts',(146.255373982262,-32.,-59.2796725995339));
#17057=CARTESIAN_POINT('Ctrl Pts',(146.255373982262,-31.8,-59.2796725995339));
#17058=CARTESIAN_POINT('',(145.387706486057,-32.,-59.6780354745187));
#17059=CARTESIAN_POINT('Ctrl Pts',(145.387706486057,-32.,-59.6780354745187));
#17060=CARTESIAN_POINT('Ctrl Pts',(145.509696156847,-32.,-59.5618465056082));
#17061=CARTESIAN_POINT('Ctrl Pts',(145.753365431852,-32.,-59.32976389046));
#17062=CARTESIAN_POINT('Ctrl Pts',(146.088179814712,-32.,-59.2963555259124));
#17063=CARTESIAN_POINT('Ctrl Pts',(146.255373982262,-32.,-59.2796725995339));
#17064=CARTESIAN_POINT('',(145.387706486057,-31.8,-59.6780354745187));
#17065=CARTESIAN_POINT('',(145.387706486057,-32.,-59.6780354745187));
#17066=CARTESIAN_POINT('Ctrl Pts',(145.387706486057,-31.8,-59.6780354745187));
#17067=CARTESIAN_POINT('Ctrl Pts',(145.509696156847,-31.8,-59.5618465056082));
#17068=CARTESIAN_POINT('Ctrl Pts',(145.753365431852,-31.8,-59.32976389046));
#17069=CARTESIAN_POINT('Ctrl Pts',(146.088179814712,-31.8,-59.2963555259124));
#17070=CARTESIAN_POINT('Ctrl Pts',(146.255373982262,-31.8,-59.2796725995339));
#17071=CARTESIAN_POINT('Origin',(145.387706486057,-32.,-58.242837882737));
#17072=CARTESIAN_POINT('',(145.387706486057,-32.,-58.242837882737));
#17073=CARTESIAN_POINT('',(145.387706486057,-32.,-65.6839189413669));
#17074=CARTESIAN_POINT('',(145.387706486057,-31.8,-58.242837882737));
#17075=CARTESIAN_POINT('',(145.387706486057,-32.,-58.242837882737));
#17076=CARTESIAN_POINT('',(145.387706486057,-31.8,-58.242837882737));
#17077=CARTESIAN_POINT('Origin',(144.896574345898,-32.,-58.242837882737));
#17078=CARTESIAN_POINT('',(144.896574345898,-32.,-58.242837882737));
#17079=CARTESIAN_POINT('',(137.885787172946,-32.,-58.242837882737));
#17080=CARTESIAN_POINT('',(144.896574345898,-31.8,-58.242837882737));
#17081=CARTESIAN_POINT('',(144.896574345898,-32.,-58.242837882737));
#17082=CARTESIAN_POINT('',(144.896574345898,-31.8,-58.242837882737));
#17083=CARTESIAN_POINT('Origin',(144.896574345898,-32.,-62.2428376443185));
#17084=CARTESIAN_POINT('',(144.896574345898,-32.,-62.2428376443185));
#17085=CARTESIAN_POINT('',(144.896574345898,-32.,-67.6839188221576));
#17086=CARTESIAN_POINT('',(144.896574345898,-31.8,-62.2428376443185));
#17087=CARTESIAN_POINT('',(144.896574345898,-32.,-62.2428376443185));
#17088=CARTESIAN_POINT('',(144.896574345898,-31.8,-62.2428376443185));
#17089=CARTESIAN_POINT('Origin',(145.387706486057,-32.,-62.2428376443185));
#17090=CARTESIAN_POINT('',(138.131353243026,-32.,-62.2428376443185));
#17091=CARTESIAN_POINT('',(145.387706486057,-31.8,-62.2428376443185));
#17092=CARTESIAN_POINT('Origin',(148.746505965959,-31.8,-57.1555250353612));
#17093=CARTESIAN_POINT('Ctrl Pts',(149.199438718628,-32.,-59.6834928757943));
#17094=CARTESIAN_POINT('Ctrl Pts',(149.199438718628,-31.8,-59.6834928757943));
#17095=CARTESIAN_POINT('Ctrl Pts',(149.091569802785,-32.,-59.6924685910816));
#17096=CARTESIAN_POINT('Ctrl Pts',(149.091569802785,-31.8,-59.6924685910816));
#17097=CARTESIAN_POINT('Ctrl Pts',(148.878386152381,-32.,-59.7102074895862));
#17098=CARTESIAN_POINT('Ctrl Pts',(148.878386152381,-31.8,-59.7102074895862));
#17099=CARTESIAN_POINT('Ctrl Pts',(148.711582300778,-32.,-59.8439090856353));
#17100=CARTESIAN_POINT('Ctrl Pts',(148.711582300778,-31.8,-59.8439090856353));
#17101=CARTESIAN_POINT('Ctrl Pts',(148.62917962439,-32.,-59.909958935479));
#17102=CARTESIAN_POINT('Ctrl Pts',(148.62917962439,-31.8,-59.909958935479));
#17103=CARTESIAN_POINT('',(149.199438718628,-32.,-59.6834928757943));
#17104=CARTESIAN_POINT('',(148.62917962439,-32.,-59.909958935479));
#17105=CARTESIAN_POINT('Ctrl Pts',(149.199438718628,-32.,-59.6834928757943));
#17106=CARTESIAN_POINT('Ctrl Pts',(149.091569802785,-32.,-59.6924685910816));
#17107=CARTESIAN_POINT('Ctrl Pts',(148.878386152381,-32.,-59.7102074895862));
#17108=CARTESIAN_POINT('Ctrl Pts',(148.711582300778,-32.,-59.8439090856353));
#17109=CARTESIAN_POINT('Ctrl Pts',(148.62917962439,-32.,-59.909958935479));
#17110=CARTESIAN_POINT('',(149.199438718628,-31.8,-59.6834928757943));
#17111=CARTESIAN_POINT('',(149.199438718628,-32.,-59.6834928757943));
#17112=CARTESIAN_POINT('',(148.62917962439,-31.8,-59.909958935479));
#17113=CARTESIAN_POINT('Ctrl Pts',(149.199438718628,-31.8,-59.6834928757943));
#17114=CARTESIAN_POINT('Ctrl Pts',(149.091569802785,-31.8,-59.6924685910816));
#17115=CARTESIAN_POINT('Ctrl Pts',(148.878386152381,-31.8,-59.7102074895862));
#17116=CARTESIAN_POINT('Ctrl Pts',(148.711582300778,-31.8,-59.8439090856353));
#17117=CARTESIAN_POINT('Ctrl Pts',(148.62917962439,-31.8,-59.909958935479));
#17118=CARTESIAN_POINT('',(148.62917962439,-32.,-59.909958935479));
#17119=CARTESIAN_POINT('Ctrl Pts',(149.80789723761,-32.,-59.9672580725945));
#17120=CARTESIAN_POINT('Ctrl Pts',(149.80789723761,-31.8,-59.9672580725945));
#17121=CARTESIAN_POINT('Ctrl Pts',(149.723612439669,-32.,-59.8844937453019));
#17122=CARTESIAN_POINT('Ctrl Pts',(149.723612439669,-31.8,-59.8844937453019));
#17123=CARTESIAN_POINT('Ctrl Pts',(149.554304733746,-32.,-59.7182402959425));
#17124=CARTESIAN_POINT('Ctrl Pts',(149.554304733746,-31.8,-59.7182402959425));
#17125=CARTESIAN_POINT('Ctrl Pts',(149.318070683873,-32.,-59.6951089634548));
#17126=CARTESIAN_POINT('Ctrl Pts',(149.318070683873,-31.8,-59.6951089634548));
#17127=CARTESIAN_POINT('Ctrl Pts',(149.199438718628,-32.,-59.6834928757943));
#17128=CARTESIAN_POINT('Ctrl Pts',(149.199438718628,-31.8,-59.6834928757943));
#17129=CARTESIAN_POINT('',(149.80789723761,-32.,-59.9672580725945));
#17130=CARTESIAN_POINT('Ctrl Pts',(149.80789723761,-32.,-59.9672580725945));
#17131=CARTESIAN_POINT('Ctrl Pts',(149.723612439669,-32.,-59.8844937453019));
#17132=CARTESIAN_POINT('Ctrl Pts',(149.554304733746,-32.,-59.7182402959425));
#17133=CARTESIAN_POINT('Ctrl Pts',(149.318070683873,-32.,-59.6951089634548));
#17134=CARTESIAN_POINT('Ctrl Pts',(149.199438718628,-32.,-59.6834928757943));
#17135=CARTESIAN_POINT('',(149.80789723761,-31.8,-59.9672580725945));
#17136=CARTESIAN_POINT('',(149.80789723761,-32.,-59.9672580725945));
#17137=CARTESIAN_POINT('Ctrl Pts',(149.80789723761,-31.8,-59.9672580725945));
#17138=CARTESIAN_POINT('Ctrl Pts',(149.723612439669,-31.8,-59.8844937453019));
#17139=CARTESIAN_POINT('Ctrl Pts',(149.554304733746,-31.8,-59.7182402959425));
#17140=CARTESIAN_POINT('Ctrl Pts',(149.318070683873,-31.8,-59.6951089634548));
#17141=CARTESIAN_POINT('Ctrl Pts',(149.199438718628,-31.8,-59.6834928757943));
#17142=CARTESIAN_POINT('Ctrl Pts',(149.99343576796,-32.,-60.5156887538232));
#17143=CARTESIAN_POINT('Ctrl Pts',(149.99343576796,-31.8,-60.5156887538232));
#17144=CARTESIAN_POINT('Ctrl Pts',(149.981014708512,-32.,-60.406011328788));
#17145=CARTESIAN_POINT('Ctrl Pts',(149.981014708512,-31.8,-60.406011328788));
#17146=CARTESIAN_POINT('Ctrl Pts',(149.958710188257,-32.,-60.2090633664624));
#17147=CARTESIAN_POINT('Ctrl Pts',(149.958710188257,-31.8,-60.2090633664624));
#17148=CARTESIAN_POINT('Ctrl Pts',(149.854205015784,-32.,-60.0415054489758));
#17149=CARTESIAN_POINT('Ctrl Pts',(149.854205015784,-31.8,-60.0415054489758));
#17150=CARTESIAN_POINT('Ctrl Pts',(149.80789723761,-32.,-59.9672580725945));
#17151=CARTESIAN_POINT('Ctrl Pts',(149.80789723761,-31.8,-59.9672580725945));
#17152=CARTESIAN_POINT('',(149.99343576796,-32.,-60.5156887538232));
#17153=CARTESIAN_POINT('Ctrl Pts',(149.99343576796,-32.,-60.5156887538232));
#17154=CARTESIAN_POINT('Ctrl Pts',(149.981014708512,-32.,-60.406011328788));
#17155=CARTESIAN_POINT('Ctrl Pts',(149.958710188257,-32.,-60.2090633664624));
#17156=CARTESIAN_POINT('Ctrl Pts',(149.854205015784,-32.,-60.0415054489758));
#17157=CARTESIAN_POINT('Ctrl Pts',(149.80789723761,-32.,-59.9672580725945));
#17158=CARTESIAN_POINT('',(149.99343576796,-31.8,-60.5156887538232));
#17159=CARTESIAN_POINT('',(149.99343576796,-32.,-60.5156887538232));
#17160=CARTESIAN_POINT('Ctrl Pts',(149.99343576796,-31.8,-60.5156887538232));
#17161=CARTESIAN_POINT('Ctrl Pts',(149.981014708512,-31.8,-60.406011328788));
#17162=CARTESIAN_POINT('Ctrl Pts',(149.958710188257,-31.8,-60.2090633664624));
#17163=CARTESIAN_POINT('Ctrl Pts',(149.854205015784,-31.8,-60.0415054489758));
#17164=CARTESIAN_POINT('Ctrl Pts',(149.80789723761,-31.8,-59.9672580725945));
#17165=CARTESIAN_POINT('Origin',(148.37542775042,-32.,-60.5156887538232));
#17166=CARTESIAN_POINT('',(148.37542775042,-32.,-60.5156887538232));
#17167=CARTESIAN_POINT('',(139.625213875207,-32.,-60.5156887538232));
#17168=CARTESIAN_POINT('',(148.37542775042,-31.8,-60.5156887538232));
#17169=CARTESIAN_POINT('',(148.37542775042,-32.,-60.5156887538232));
#17170=CARTESIAN_POINT('',(148.37542775042,-31.8,-60.5156887538232));
#17171=CARTESIAN_POINT('Ctrl Pts',(148.62917962439,-32.,-59.909958935479));
#17172=CARTESIAN_POINT('Ctrl Pts',(148.62917962439,-31.8,-59.909958935479));
#17173=CARTESIAN_POINT('Ctrl Pts',(148.561171665285,-32.,-59.9944638878371));
#17174=CARTESIAN_POINT('Ctrl Pts',(148.561171665285,-31.8,-59.9944638878371));
#17175=CARTESIAN_POINT('Ctrl Pts',(148.418675550778,-32.,-60.1715259189005));
#17176=CARTESIAN_POINT('Ctrl Pts',(148.418675550778,-31.8,-60.1715259189005));
#17177=CARTESIAN_POINT('Ctrl Pts',(148.390274213139,-32.,-60.3975416884066));
#17178=CARTESIAN_POINT('Ctrl Pts',(148.390274213139,-31.8,-60.3975416884066));
#17179=CARTESIAN_POINT('Ctrl Pts',(148.37542775042,-32.,-60.5156887538232));
#17180=CARTESIAN_POINT('Ctrl Pts',(148.37542775042,-31.8,-60.5156887538232));
#17181=CARTESIAN_POINT('Ctrl Pts',(148.62917962439,-32.,-59.909958935479));
#17182=CARTESIAN_POINT('Ctrl Pts',(148.561171665285,-32.,-59.9944638878371));
#17183=CARTESIAN_POINT('Ctrl Pts',(148.418675550778,-32.,-60.1715259189005));
#17184=CARTESIAN_POINT('Ctrl Pts',(148.390274213139,-32.,-60.3975416884066));
#17185=CARTESIAN_POINT('Ctrl Pts',(148.37542775042,-32.,-60.5156887538232));
#17186=CARTESIAN_POINT('Ctrl Pts',(148.62917962439,-31.8,-59.909958935479));
#17187=CARTESIAN_POINT('Ctrl Pts',(148.561171665285,-31.8,-59.9944638878371));
#17188=CARTESIAN_POINT('Ctrl Pts',(148.418675550778,-31.8,-60.1715259189005));
#17189=CARTESIAN_POINT('Ctrl Pts',(148.390274213139,-31.8,-60.3975416884066));
#17190=CARTESIAN_POINT('Ctrl Pts',(148.37542775042,-31.8,-60.5156887538232));
#17191=CARTESIAN_POINT('Ctrl Pts',(149.223995236229,-32.,-61.904502607087));
#17192=CARTESIAN_POINT('Ctrl Pts',(149.223995236229,-31.8,-61.904502607087));
#17193=CARTESIAN_POINT('Ctrl Pts',(149.309565290413,-32.,-61.8994426959547));
#17194=CARTESIAN_POINT('Ctrl Pts',(149.309565290413,-31.8,-61.8994426959547));
#17195=CARTESIAN_POINT('Ctrl Pts',(149.475044820478,-32.,-61.8896575938611));
#17196=CARTESIAN_POINT('Ctrl Pts',(149.475044820478,-31.8,-61.8896575938611));
#17197=CARTESIAN_POINT('Ctrl Pts',(149.616706252445,-32.,-61.8039888446401));
#17198=CARTESIAN_POINT('Ctrl Pts',(149.616706252445,-31.8,-61.8039888446401));
#17199=CARTESIAN_POINT('Ctrl Pts',(149.685114053558,-32.,-61.7626197106637));
#17200=CARTESIAN_POINT('Ctrl Pts',(149.685114053558,-31.8,-61.7626197106637));
#17201=CARTESIAN_POINT('',(149.223995236229,-32.,-61.904502607087));
#17202=CARTESIAN_POINT('',(149.685114053558,-32.,-61.7626197106637));
#17203=CARTESIAN_POINT('Ctrl Pts',(149.223995236229,-32.,-61.904502607087));
#17204=CARTESIAN_POINT('Ctrl Pts',(149.309565290413,-32.,-61.8994426959547));
#17205=CARTESIAN_POINT('Ctrl Pts',(149.475044820478,-32.,-61.8896575938611));
#17206=CARTESIAN_POINT('Ctrl Pts',(149.616706252445,-32.,-61.8039888446401));
#17207=CARTESIAN_POINT('Ctrl Pts',(149.685114053558,-32.,-61.7626197106637));
#17208=CARTESIAN_POINT('',(149.223995236229,-31.8,-61.904502607087));
#17209=CARTESIAN_POINT('',(149.223995236229,-32.,-61.904502607087));
#17210=CARTESIAN_POINT('',(149.685114053558,-31.8,-61.7626197106637));
#17211=CARTESIAN_POINT('Ctrl Pts',(149.223995236229,-31.8,-61.904502607087));
#17212=CARTESIAN_POINT('Ctrl Pts',(149.309565290413,-31.8,-61.8994426959547));
#17213=CARTESIAN_POINT('Ctrl Pts',(149.475044820478,-31.8,-61.8896575938611));
#17214=CARTESIAN_POINT('Ctrl Pts',(149.616706252445,-31.8,-61.8039888446401));
#17215=CARTESIAN_POINT('Ctrl Pts',(149.685114053558,-31.8,-61.7626197106637));
#17216=CARTESIAN_POINT('',(149.685114053558,-32.,-61.7626197106637));
#17217=CARTESIAN_POINT('Ctrl Pts',(148.618265417885,-32.,-61.6507501370705));
#17218=CARTESIAN_POINT('Ctrl Pts',(148.618265417885,-31.8,-61.6507501370705));
#17219=CARTESIAN_POINT('Ctrl Pts',(148.704762938642,-32.,-61.7247593388604));
#17220=CARTESIAN_POINT('Ctrl Pts',(148.704762938642,-31.8,-61.7247593388604));
#17221=CARTESIAN_POINT('Ctrl Pts',(148.879370596774,-32.,-61.8741575330711));
#17222=CARTESIAN_POINT('Ctrl Pts',(148.879370596774,-31.8,-61.8741575330711));
#17223=CARTESIAN_POINT('Ctrl Pts',(149.108415230441,-32.,-61.8943254942841));
#17224=CARTESIAN_POINT('Ctrl Pts',(149.108415230441,-31.8,-61.8943254942841));
#17225=CARTESIAN_POINT('Ctrl Pts',(149.223995236229,-32.,-61.904502607087));
#17226=CARTESIAN_POINT('Ctrl Pts',(149.223995236229,-31.8,-61.904502607087));
#17227=CARTESIAN_POINT('',(148.618265417885,-32.,-61.6507501370705));
#17228=CARTESIAN_POINT('Ctrl Pts',(148.618265417885,-32.,-61.6507501370705));
#17229=CARTESIAN_POINT('Ctrl Pts',(148.704762938642,-32.,-61.7247593388604));
#17230=CARTESIAN_POINT('Ctrl Pts',(148.879370596774,-32.,-61.8741575330711));
#17231=CARTESIAN_POINT('Ctrl Pts',(149.108415230441,-32.,-61.8943254942841));
#17232=CARTESIAN_POINT('Ctrl Pts',(149.223995236229,-32.,-61.904502607087));
#17233=CARTESIAN_POINT('',(148.618265417885,-31.8,-61.6507501370705));
#17234=CARTESIAN_POINT('',(148.618265417885,-32.,-61.6507501370705));
#17235=CARTESIAN_POINT('Ctrl Pts',(148.618265417885,-31.8,-61.6507501370705));
#17236=CARTESIAN_POINT('Ctrl Pts',(148.704762938642,-31.8,-61.7247593388604));
#17237=CARTESIAN_POINT('Ctrl Pts',(148.879370596774,-31.8,-61.8741575330711));
#17238=CARTESIAN_POINT('Ctrl Pts',(149.108415230441,-31.8,-61.8943254942841));
#17239=CARTESIAN_POINT('Ctrl Pts',(149.223995236229,-31.8,-61.904502607087));
#17240=CARTESIAN_POINT('Ctrl Pts',(148.348142532181,-32.,-60.9195090300835));
#17241=CARTESIAN_POINT('Ctrl Pts',(148.348142532181,-31.8,-60.9195090300835));
#17242=CARTESIAN_POINT('Ctrl Pts',(148.3623347589,-32.,-61.0650033214063));
#17243=CARTESIAN_POINT('Ctrl Pts',(148.3623347589,-31.8,-61.0650033214063));
#17244=CARTESIAN_POINT('Ctrl Pts',(148.388520033611,-32.,-61.3334466081946));
#17245=CARTESIAN_POINT('Ctrl Pts',(148.388520033611,-31.8,-61.3334466081946));
#17246=CARTESIAN_POINT('Ctrl Pts',(148.546094949815,-32.,-61.5510748192326));
#17247=CARTESIAN_POINT('Ctrl Pts',(148.546094949815,-31.8,-61.5510748192326));
#17248=CARTESIAN_POINT('Ctrl Pts',(148.618265417885,-32.,-61.6507501370705));
#17249=CARTESIAN_POINT('Ctrl Pts',(148.618265417885,-31.8,-61.6507501370705));
#17250=CARTESIAN_POINT('',(148.348142532181,-32.,-60.9195090300835));
#17251=CARTESIAN_POINT('Ctrl Pts',(148.348142532181,-32.,-60.9195090300835));
#17252=CARTESIAN_POINT('Ctrl Pts',(148.3623347589,-32.,-61.0650033214063));
#17253=CARTESIAN_POINT('Ctrl Pts',(148.388520033611,-32.,-61.3334466081946));
#17254=CARTESIAN_POINT('Ctrl Pts',(148.546094949815,-32.,-61.5510748192326));
#17255=CARTESIAN_POINT('Ctrl Pts',(148.618265417885,-32.,-61.6507501370705));
#17256=CARTESIAN_POINT('',(148.348142532181,-31.8,-60.9195090300835));
#17257=CARTESIAN_POINT('',(148.348142532181,-32.,-60.9195090300835));
#17258=CARTESIAN_POINT('Ctrl Pts',(148.348142532181,-31.8,-60.9195090300835));
#17259=CARTESIAN_POINT('Ctrl Pts',(148.3623347589,-31.8,-61.0650033214063));
#17260=CARTESIAN_POINT('Ctrl Pts',(148.388520033611,-31.8,-61.3334466081946));
#17261=CARTESIAN_POINT('Ctrl Pts',(148.546094949815,-31.8,-61.5510748192326));
#17262=CARTESIAN_POINT('Ctrl Pts',(148.618265417885,-31.8,-61.6507501370705));
#17263=CARTESIAN_POINT('Origin',(150.50912442572,-32.,-60.9195090300835));
#17264=CARTESIAN_POINT('',(150.50912442572,-32.,-60.9195090300835));
#17265=CARTESIAN_POINT('',(140.692062212858,-32.,-60.9195090300835));
#17266=CARTESIAN_POINT('',(150.50912442572,-31.8,-60.9195090300835));
#17267=CARTESIAN_POINT('',(150.50912442572,-32.,-60.9195090300835));
#17268=CARTESIAN_POINT('',(150.50912442572,-31.8,-60.9195090300835));
#17269=CARTESIAN_POINT('Ctrl Pts',(150.511853126358,-32.,-60.788540340165));
#17270=CARTESIAN_POINT('Ctrl Pts',(150.511853126358,-31.8,-60.788540340165));
#17271=CARTESIAN_POINT('Ctrl Pts',(150.511679973605,-32.,-60.806731549091));
#17272=CARTESIAN_POINT('Ctrl Pts',(150.511679973605,-31.8,-60.806731549091));
#17273=CARTESIAN_POINT('Ctrl Pts',(150.511264340078,-32.,-60.8503974811121));
#17274=CARTESIAN_POINT('Ctrl Pts',(150.511264340078,-31.8,-60.8503974811121));
#17275=CARTESIAN_POINT('Ctrl Pts',(150.509912872483,-32.,-60.8940450310838));
#17276=CARTESIAN_POINT('Ctrl Pts',(150.509912872483,-31.8,-60.8940450310838));
#17277=CARTESIAN_POINT('Ctrl Pts',(150.50912442572,-32.,-60.9195090300835));
#17278=CARTESIAN_POINT('Ctrl Pts',(150.50912442572,-31.8,-60.9195090300835));
#17279=CARTESIAN_POINT('',(150.511853126358,-32.,-60.788540340165));
#17280=CARTESIAN_POINT('Ctrl Pts',(150.511853126358,-32.,-60.788540340165));
#17281=CARTESIAN_POINT('Ctrl Pts',(150.511679973605,-32.,-60.806731549091));
#17282=CARTESIAN_POINT('Ctrl Pts',(150.511264340078,-32.,-60.8503974811121));
#17283=CARTESIAN_POINT('Ctrl Pts',(150.509912872483,-32.,-60.8940450310838));
#17284=CARTESIAN_POINT('Ctrl Pts',(150.50912442572,-32.,-60.9195090300835));
#17285=CARTESIAN_POINT('',(150.511853126358,-31.8,-60.788540340165));
#17286=CARTESIAN_POINT('',(150.511853126358,-32.,-60.788540340165));
#17287=CARTESIAN_POINT('Ctrl Pts',(150.511853126358,-31.8,-60.788540340165));
#17288=CARTESIAN_POINT('Ctrl Pts',(150.511679973605,-31.8,-60.806731549091));
#17289=CARTESIAN_POINT('Ctrl Pts',(150.511264340078,-31.8,-60.8503974811121));
#17290=CARTESIAN_POINT('Ctrl Pts',(150.509912872483,-31.8,-60.8940450310838));
#17291=CARTESIAN_POINT('Ctrl Pts',(150.50912442572,-31.8,-60.9195090300835));
#17292=CARTESIAN_POINT('Ctrl Pts',(150.14350417025,-32.,-59.6753067738808));
#17293=CARTESIAN_POINT('Ctrl Pts',(150.14350417025,-31.8,-59.6753067738808));
#17294=CARTESIAN_POINT('Ctrl Pts',(150.25076585257,-32.,-59.8287387258604));
#17295=CARTESIAN_POINT('Ctrl Pts',(150.25076585257,-31.8,-59.8287387258604));
#17296=CARTESIAN_POINT('Ctrl Pts',(150.483461323879,-32.,-60.1615968314532));
#17297=CARTESIAN_POINT('Ctrl Pts',(150.483461323879,-31.8,-60.1615968314532));
#17298=CARTESIAN_POINT('Ctrl Pts',(150.501908975584,-32.,-60.5689550995892));
#17299=CARTESIAN_POINT('Ctrl Pts',(150.501908975584,-31.8,-60.5689550995892));
#17300=CARTESIAN_POINT('Ctrl Pts',(150.511853126358,-32.,-60.788540340165));
#17301=CARTESIAN_POINT('Ctrl Pts',(150.511853126358,-31.8,-60.788540340165));
#17302=CARTESIAN_POINT('',(150.14350417025,-32.,-59.6753067738808));
#17303=CARTESIAN_POINT('Ctrl Pts',(150.14350417025,-32.,-59.6753067738808));
#17304=CARTESIAN_POINT('Ctrl Pts',(150.25076585257,-32.,-59.8287387258604));
#17305=CARTESIAN_POINT('Ctrl Pts',(150.483461323879,-32.,-60.1615968314532));
#17306=CARTESIAN_POINT('Ctrl Pts',(150.501908975584,-32.,-60.5689550995892));
#17307=CARTESIAN_POINT('Ctrl Pts',(150.511853126358,-32.,-60.788540340165));
#17308=CARTESIAN_POINT('',(150.14350417025,-31.8,-59.6753067738808));
#17309=CARTESIAN_POINT('',(150.14350417025,-32.,-59.6753067738808));
#17310=CARTESIAN_POINT('Ctrl Pts',(150.14350417025,-31.8,-59.6753067738808));
#17311=CARTESIAN_POINT('Ctrl Pts',(150.25076585257,-31.8,-59.8287387258604));
#17312=CARTESIAN_POINT('Ctrl Pts',(150.483461323879,-31.8,-60.1615968314532));
#17313=CARTESIAN_POINT('Ctrl Pts',(150.501908975584,-31.8,-60.5689550995892));
#17314=CARTESIAN_POINT('Ctrl Pts',(150.511853126358,-31.8,-60.788540340165));
#17315=CARTESIAN_POINT('Ctrl Pts',(149.193981913399,-32.,-59.2796725995339));
#17316=CARTESIAN_POINT('Ctrl Pts',(149.193981913399,-31.8,-59.2796725995339));
#17317=CARTESIAN_POINT('Ctrl Pts',(149.377516152089,-32.,-59.2947590157375));
#17318=CARTESIAN_POINT('Ctrl Pts',(149.377516152089,-31.8,-59.2947590157375));
#17319=CARTESIAN_POINT('Ctrl Pts',(149.737191525458,-32.,-59.3243241389514));
#17320=CARTESIAN_POINT('Ctrl Pts',(149.737191525458,-31.8,-59.3243241389514));
#17321=CARTESIAN_POINT('Ctrl Pts',(150.00993536598,-32.,-59.5599268282456));
#17322=CARTESIAN_POINT('Ctrl Pts',(150.00993536598,-31.8,-59.5599268282456));
#17323=CARTESIAN_POINT('Ctrl Pts',(150.14350417025,-32.,-59.6753067738808));
#17324=CARTESIAN_POINT('Ctrl Pts',(150.14350417025,-31.8,-59.6753067738808));
#17325=CARTESIAN_POINT('',(149.193981913399,-32.,-59.2796725995339));
#17326=CARTESIAN_POINT('Ctrl Pts',(149.193981913399,-32.,-59.2796725995339));
#17327=CARTESIAN_POINT('Ctrl Pts',(149.377516152089,-32.,-59.2947590157375));
#17328=CARTESIAN_POINT('Ctrl Pts',(149.737191525458,-32.,-59.3243241389514));
#17329=CARTESIAN_POINT('Ctrl Pts',(150.00993536598,-32.,-59.5599268282456));
#17330=CARTESIAN_POINT('Ctrl Pts',(150.14350417025,-32.,-59.6753067738808));
#17331=CARTESIAN_POINT('',(149.193981913399,-31.8,-59.2796725995339));
#17332=CARTESIAN_POINT('',(149.193981913399,-32.,-59.2796725995339));
#17333=CARTESIAN_POINT('Ctrl Pts',(149.193981913399,-31.8,-59.2796725995339));
#17334=CARTESIAN_POINT('Ctrl Pts',(149.377516152089,-31.8,-59.2947590157375));
#17335=CARTESIAN_POINT('Ctrl Pts',(149.737191525458,-31.8,-59.3243241389514));
#17336=CARTESIAN_POINT('Ctrl Pts',(150.00993536598,-31.8,-59.5599268282456));
#17337=CARTESIAN_POINT('Ctrl Pts',(150.14350417025,-31.8,-59.6753067738808));
#17338=CARTESIAN_POINT('Ctrl Pts',(148.217173842262,-32.,-59.6834928757943));
#17339=CARTESIAN_POINT('Ctrl Pts',(148.217173842262,-31.8,-59.6834928757943));
#17340=CARTESIAN_POINT('Ctrl Pts',(148.354280416682,-32.,-59.5657302978434));
#17341=CARTESIAN_POINT('Ctrl Pts',(148.354280416682,-31.8,-59.5657302978434));
#17342=CARTESIAN_POINT('Ctrl Pts',(148.635153625085,-32.,-59.3244847322033));
#17343=CARTESIAN_POINT('Ctrl Pts',(148.635153625085,-31.8,-59.3244847322033));
#17344=CARTESIAN_POINT('Ctrl Pts',(149.004784259373,-32.,-59.2948442552111));
#17345=CARTESIAN_POINT('Ctrl Pts',(149.004784259373,-31.8,-59.2948442552111));
#17346=CARTESIAN_POINT('Ctrl Pts',(149.193981913399,-32.,-59.2796725995339));
#17347=CARTESIAN_POINT('Ctrl Pts',(149.193981913399,-31.8,-59.2796725995339));
#17348=CARTESIAN_POINT('',(148.217173842262,-32.,-59.6834928757943));
#17349=CARTESIAN_POINT('Ctrl Pts',(148.217173842262,-32.,-59.6834928757943));
#17350=CARTESIAN_POINT('Ctrl Pts',(148.354280416682,-32.,-59.5657302978434));
#17351=CARTESIAN_POINT('Ctrl Pts',(148.635153625085,-32.,-59.3244847322033));
#17352=CARTESIAN_POINT('Ctrl Pts',(149.004784259373,-32.,-59.2948442552111));
#17353=CARTESIAN_POINT('Ctrl Pts',(149.193981913399,-32.,-59.2796725995339));
#17354=CARTESIAN_POINT('',(148.217173842262,-31.8,-59.6834928757943));
#17355=CARTESIAN_POINT('',(148.217173842262,-32.,-59.6834928757943));
#17356=CARTESIAN_POINT('Ctrl Pts',(148.217173842262,-31.8,-59.6834928757943));
#17357=CARTESIAN_POINT('Ctrl Pts',(148.354280416682,-31.8,-59.5657302978434));
#17358=CARTESIAN_POINT('Ctrl Pts',(148.635153625085,-31.8,-59.3244847322033));
#17359=CARTESIAN_POINT('Ctrl Pts',(149.004784259373,-31.8,-59.2948442552111));
#17360=CARTESIAN_POINT('Ctrl Pts',(149.193981913399,-31.8,-59.2796725995339));
#17361=CARTESIAN_POINT('Ctrl Pts',(147.840639380287,-32.,-60.8185536629952));
#17362=CARTESIAN_POINT('Ctrl Pts',(147.840639380287,-31.8,-60.8185536629952));
#17363=CARTESIAN_POINT('Ctrl Pts',(147.850853889833,-32.,-60.5947169455469));
#17364=CARTESIAN_POINT('Ctrl Pts',(147.850853889833,-31.8,-60.5947169455469));
#17365=CARTESIAN_POINT('Ctrl Pts',(147.869813987744,-32.,-60.1792328677178));
#17366=CARTESIAN_POINT('Ctrl Pts',(147.869813987744,-31.8,-60.1792328677178));
#17367=CARTESIAN_POINT('Ctrl Pts',(148.107526087211,-32.,-59.8399783662631));
#17368=CARTESIAN_POINT('Ctrl Pts',(148.107526087211,-31.8,-59.8399783662631));
#17369=CARTESIAN_POINT('Ctrl Pts',(148.217173842262,-32.,-59.6834928757943));
#17370=CARTESIAN_POINT('Ctrl Pts',(148.217173842262,-31.8,-59.6834928757943));
#17371=CARTESIAN_POINT('',(147.840639380287,-32.,-60.8185536629952));
#17372=CARTESIAN_POINT('Ctrl Pts',(147.840639380287,-32.,-60.8185536629952));
#17373=CARTESIAN_POINT('Ctrl Pts',(147.850853889833,-32.,-60.5947169455469));
#17374=CARTESIAN_POINT('Ctrl Pts',(147.869813987744,-32.,-60.1792328677178));
#17375=CARTESIAN_POINT('Ctrl Pts',(148.107526087211,-32.,-59.8399783662631));
#17376=CARTESIAN_POINT('Ctrl Pts',(148.217173842262,-32.,-59.6834928757943));
#17377=CARTESIAN_POINT('',(147.840639380287,-31.8,-60.8185536629952));
#17378=CARTESIAN_POINT('',(147.840639380287,-32.,-60.8185536629952));
#17379=CARTESIAN_POINT('Ctrl Pts',(147.840639380287,-31.8,-60.8185536629952));
#17380=CARTESIAN_POINT('Ctrl Pts',(147.850853889833,-31.8,-60.5947169455469));
#17381=CARTESIAN_POINT('Ctrl Pts',(147.869813987744,-31.8,-60.1792328677178));
#17382=CARTESIAN_POINT('Ctrl Pts',(148.107526087211,-31.8,-59.8399783662631));
#17383=CARTESIAN_POINT('Ctrl Pts',(148.217173842262,-31.8,-59.6834928757943));
#17384=CARTESIAN_POINT('Ctrl Pts',(148.211717037033,-32.,-61.9181449181832));
#17385=CARTESIAN_POINT('Ctrl Pts',(148.211717037033,-31.8,-61.9181449181832));
#17386=CARTESIAN_POINT('Ctrl Pts',(148.103644242535,-32.,-61.7664409831187));
#17387=CARTESIAN_POINT('Ctrl Pts',(148.103644242535,-31.8,-61.7664409831187));
#17388=CARTESIAN_POINT('Ctrl Pts',(147.87018943106,-32.,-61.4387358124989));
#17389=CARTESIAN_POINT('Ctrl Pts',(147.87018943106,-31.8,-61.4387358124989));
#17390=CARTESIAN_POINT('Ctrl Pts',(147.850964532763,-32.,-61.0352529609272));
#17391=CARTESIAN_POINT('Ctrl Pts',(147.850964532763,-31.8,-61.0352529609272));
#17392=CARTESIAN_POINT('Ctrl Pts',(147.840639380287,-32.,-60.8185536629952));
#17393=CARTESIAN_POINT('Ctrl Pts',(147.840639380287,-31.8,-60.8185536629952));
#17394=CARTESIAN_POINT('',(148.211717037033,-32.,-61.9181449181832));
#17395=CARTESIAN_POINT('Ctrl Pts',(148.211717037033,-32.,-61.9181449181832));
#17396=CARTESIAN_POINT('Ctrl Pts',(148.103644242535,-32.,-61.7664409831187));
#17397=CARTESIAN_POINT('Ctrl Pts',(147.87018943106,-32.,-61.4387358124989));
#17398=CARTESIAN_POINT('Ctrl Pts',(147.850964532763,-32.,-61.0352529609272));
#17399=CARTESIAN_POINT('Ctrl Pts',(147.840639380287,-32.,-60.8185536629952));
#17400=CARTESIAN_POINT('',(148.211717037033,-31.8,-61.9181449181832));
#17401=CARTESIAN_POINT('',(148.211717037033,-32.,-61.9181449181832));
#17402=CARTESIAN_POINT('Ctrl Pts',(148.211717037033,-31.8,-61.9181449181832));
#17403=CARTESIAN_POINT('Ctrl Pts',(148.103644242535,-31.8,-61.7664409831187));
#17404=CARTESIAN_POINT('Ctrl Pts',(147.87018943106,-31.8,-61.4387358124989));
#17405=CARTESIAN_POINT('Ctrl Pts',(147.850964532763,-31.8,-61.0352529609272));
#17406=CARTESIAN_POINT('Ctrl Pts',(147.840639380287,-31.8,-60.8185536629952));
#17407=CARTESIAN_POINT('Ctrl Pts',(149.221267131638,-32.,-62.3083216912545));
#17408=CARTESIAN_POINT('Ctrl Pts',(149.221267131638,-31.8,-62.3083216912545));
#17409=CARTESIAN_POINT('Ctrl Pts',(149.023444401417,-32.,-62.2952593931675));
#17410=CARTESIAN_POINT('Ctrl Pts',(149.023444401417,-31.8,-62.2952593931675));
#17411=CARTESIAN_POINT('Ctrl Pts',(148.645137001218,-32.,-62.2702796346515));
#17412=CARTESIAN_POINT('Ctrl Pts',(148.645137001218,-31.8,-62.2702796346515));
#17413=CARTESIAN_POINT('Ctrl Pts',(148.351707676437,-32.,-62.031881174443));
#17414=CARTESIAN_POINT('Ctrl Pts',(148.351707676437,-31.8,-62.031881174443));
#17415=CARTESIAN_POINT('Ctrl Pts',(148.211717037033,-32.,-61.9181449181832));
#17416=CARTESIAN_POINT('Ctrl Pts',(148.211717037033,-31.8,-61.9181449181832));
#17417=CARTESIAN_POINT('',(149.221267131638,-32.,-62.3083216912545));
#17418=CARTESIAN_POINT('Ctrl Pts',(149.221267131638,-32.,-62.3083216912545));
#17419=CARTESIAN_POINT('Ctrl Pts',(149.023444401417,-32.,-62.2952593931675));
#17420=CARTESIAN_POINT('Ctrl Pts',(148.645137001218,-32.,-62.2702796346515));
#17421=CARTESIAN_POINT('Ctrl Pts',(148.351707676437,-32.,-62.031881174443));
#17422=CARTESIAN_POINT('Ctrl Pts',(148.211717037033,-32.,-61.9181449181832));
#17423=CARTESIAN_POINT('',(149.221267131638,-31.8,-62.3083216912545));
#17424=CARTESIAN_POINT('',(149.221267131638,-32.,-62.3083216912545));
#17425=CARTESIAN_POINT('Ctrl Pts',(149.221267131638,-31.8,-62.3083216912545));
#17426=CARTESIAN_POINT('Ctrl Pts',(149.023444401417,-31.8,-62.2952593931675));
#17427=CARTESIAN_POINT('Ctrl Pts',(148.645137001218,-31.8,-62.2702796346515));
#17428=CARTESIAN_POINT('Ctrl Pts',(148.351707676437,-31.8,-62.031881174443));
#17429=CARTESIAN_POINT('Ctrl Pts',(148.211717037033,-31.8,-61.9181449181832));
#17430=CARTESIAN_POINT('Ctrl Pts',(150.050734905075,-32.,-62.0627553231515));
#17431=CARTESIAN_POINT('Ctrl Pts',(150.050734905075,-31.8,-62.0627553231515));
#17432=CARTESIAN_POINT('Ctrl Pts',(149.930613881644,-32.,-62.134313958528));
#17433=CARTESIAN_POINT('Ctrl Pts',(149.930613881644,-31.8,-62.134313958528));
#17434=CARTESIAN_POINT('Ctrl Pts',(149.675601948482,-32.,-62.286229963076));
#17435=CARTESIAN_POINT('Ctrl Pts',(149.675601948482,-31.8,-62.286229963076));
#17436=CARTESIAN_POINT('Ctrl Pts',(149.378448947271,-32.,-62.3006788300498));
#17437=CARTESIAN_POINT('Ctrl Pts',(149.378448947271,-31.8,-62.3006788300498));
#17438=CARTESIAN_POINT('Ctrl Pts',(149.221267131638,-32.,-62.3083216912545));
#17439=CARTESIAN_POINT('Ctrl Pts',(149.221267131638,-31.8,-62.3083216912545));
#17440=CARTESIAN_POINT('',(150.050734905075,-32.,-62.0627553231515));
#17441=CARTESIAN_POINT('Ctrl Pts',(150.050734905075,-32.,-62.0627553231515));
#17442=CARTESIAN_POINT('Ctrl Pts',(149.930613881644,-32.,-62.134313958528));
#17443=CARTESIAN_POINT('Ctrl Pts',(149.675601948482,-32.,-62.286229963076));
#17444=CARTESIAN_POINT('Ctrl Pts',(149.378448947271,-32.,-62.3006788300498));
#17445=CARTESIAN_POINT('Ctrl Pts',(149.221267131638,-32.,-62.3083216912545));
#17446=CARTESIAN_POINT('',(150.050734905075,-31.8,-62.0627553231515));
#17447=CARTESIAN_POINT('',(150.050734905075,-32.,-62.0627553231515));
#17448=CARTESIAN_POINT('Ctrl Pts',(150.050734905075,-31.8,-62.0627553231515));
#17449=CARTESIAN_POINT('Ctrl Pts',(149.930613881644,-31.8,-62.134313958528));
#17450=CARTESIAN_POINT('Ctrl Pts',(149.675601948482,-31.8,-62.286229963076));
#17451=CARTESIAN_POINT('Ctrl Pts',(149.378448947271,-31.8,-62.3006788300498));
#17452=CARTESIAN_POINT('Ctrl Pts',(149.221267131638,-31.8,-62.3083216912545));
#17453=CARTESIAN_POINT('Ctrl Pts',(150.495482114624,-32.,-61.3724417454995));
#17454=CARTESIAN_POINT('Ctrl Pts',(150.495482114624,-31.8,-61.3724417454995));
#17455=CARTESIAN_POINT('Ctrl Pts',(150.448855748476,-32.,-61.5109071337727));
#17456=CARTESIAN_POINT('Ctrl Pts',(150.448855748476,-31.8,-61.5109071337727));
#17457=CARTESIAN_POINT('Ctrl Pts',(150.358625436981,-32.,-61.7788622876346));
#17458=CARTESIAN_POINT('Ctrl Pts',(150.358625436981,-31.8,-61.7788622876346));
#17459=CARTESIAN_POINT('Ctrl Pts',(150.151047353046,-32.,-61.9702613929934));
#17460=CARTESIAN_POINT('Ctrl Pts',(150.151047353046,-31.8,-61.9702613929934));
#17461=CARTESIAN_POINT('Ctrl Pts',(150.050734905075,-32.,-62.0627553231515));
#17462=CARTESIAN_POINT('Ctrl Pts',(150.050734905075,-31.8,-62.0627553231515));
#17463=CARTESIAN_POINT('',(150.495482114624,-32.,-61.3724417454995));
#17464=CARTESIAN_POINT('Ctrl Pts',(150.495482114624,-32.,-61.3724417454995));
#17465=CARTESIAN_POINT('Ctrl Pts',(150.448855748476,-32.,-61.5109071337727));
#17466=CARTESIAN_POINT('Ctrl Pts',(150.358625436981,-32.,-61.7788622876346));
#17467=CARTESIAN_POINT('Ctrl Pts',(150.151047353046,-32.,-61.9702613929934));
#17468=CARTESIAN_POINT('Ctrl Pts',(150.050734905075,-32.,-62.0627553231515));
#17469=CARTESIAN_POINT('',(150.495482114624,-31.8,-61.3724417454995));
#17470=CARTESIAN_POINT('',(150.495482114624,-32.,-61.3724417454995));
#17471=CARTESIAN_POINT('Ctrl Pts',(150.495482114624,-31.8,-61.3724417454995));
#17472=CARTESIAN_POINT('Ctrl Pts',(150.448855748476,-31.8,-61.5109071337727));
#17473=CARTESIAN_POINT('Ctrl Pts',(150.358625436981,-31.8,-61.7788622876346));
#17474=CARTESIAN_POINT('Ctrl Pts',(150.151047353046,-31.8,-61.9702613929934));
#17475=CARTESIAN_POINT('Ctrl Pts',(150.050734905075,-31.8,-62.0627553231515));
#17476=CARTESIAN_POINT('Origin',(149.98797896273,-32.,-61.3096863992013));
#17477=CARTESIAN_POINT('',(149.98797896273,-32.,-61.3096863992013));
#17478=CARTESIAN_POINT('',(141.294923165183,-32.,-60.2347458300062));
#17479=CARTESIAN_POINT('',(149.98797896273,-31.8,-61.3096863992013));
#17480=CARTESIAN_POINT('',(149.98797896273,-32.,-61.3096863992013));
#17481=CARTESIAN_POINT('',(149.98797896273,-31.8,-61.3096863992013));
#17482=CARTESIAN_POINT('Ctrl Pts',(149.685114053558,-32.,-61.7626197106637));
#17483=CARTESIAN_POINT('Ctrl Pts',(149.685114053558,-31.8,-61.7626197106637));
#17484=CARTESIAN_POINT('Ctrl Pts',(149.746796666287,-32.,-61.7043978317749));
#17485=CARTESIAN_POINT('Ctrl Pts',(149.746796666287,-31.8,-61.7043978317749));
#17486=CARTESIAN_POINT('Ctrl Pts',(149.88188829504,-32.,-61.5768855864241));
#17487=CARTESIAN_POINT('Ctrl Pts',(149.88188829504,-31.8,-61.5768855864241));
#17488=CARTESIAN_POINT('Ctrl Pts',(149.950626504982,-32.,-61.4037620287393));
#17489=CARTESIAN_POINT('Ctrl Pts',(149.950626504982,-31.8,-61.4037620287393));
#17490=CARTESIAN_POINT('Ctrl Pts',(149.98797896273,-32.,-61.3096863992013));
#17491=CARTESIAN_POINT('Ctrl Pts',(149.98797896273,-31.8,-61.3096863992013));
#17492=CARTESIAN_POINT('Ctrl Pts',(149.685114053558,-32.,-61.7626197106637));
#17493=CARTESIAN_POINT('Ctrl Pts',(149.746796666287,-32.,-61.7043978317749));
#17494=CARTESIAN_POINT('Ctrl Pts',(149.88188829504,-32.,-61.5768855864241));
#17495=CARTESIAN_POINT('Ctrl Pts',(149.950626504982,-32.,-61.4037620287393));
#17496=CARTESIAN_POINT('Ctrl Pts',(149.98797896273,-32.,-61.3096863992013));
#17497=CARTESIAN_POINT('Ctrl Pts',(149.685114053558,-31.8,-61.7626197106637));
#17498=CARTESIAN_POINT('Ctrl Pts',(149.746796666287,-31.8,-61.7043978317749));
#17499=CARTESIAN_POINT('Ctrl Pts',(149.88188829504,-31.8,-61.5768855864241));
#17500=CARTESIAN_POINT('Ctrl Pts',(149.950626504982,-31.8,-61.4037620287393));
#17501=CARTESIAN_POINT('Ctrl Pts',(149.98797896273,-31.8,-61.3096863992013));
#17502=CARTESIAN_POINT('Origin',(148.746505965959,-31.8,-57.1555250353612));
#17503=CARTESIAN_POINT('Ctrl Pts',(142.607352165054,-32.,-61.8581170804299));
#17504=CARTESIAN_POINT('Ctrl Pts',(142.607352165054,-31.8,-61.8581170804299));
#17505=CARTESIAN_POINT('Ctrl Pts',(142.748369954926,-32.,-61.8486917639228));
#17506=CARTESIAN_POINT('Ctrl Pts',(142.748369954926,-31.8,-61.8486917639228));
#17507=CARTESIAN_POINT('Ctrl Pts',(143.022649770234,-32.,-61.8303595090128));
#17508=CARTESIAN_POINT('Ctrl Pts',(143.022649770234,-31.8,-61.8303595090128));
#17509=CARTESIAN_POINT('Ctrl Pts',(143.249973713815,-32.,-61.6764269962827));
#17510=CARTESIAN_POINT('Ctrl Pts',(143.249973713815,-31.8,-61.6764269962827));
#17511=CARTESIAN_POINT('Ctrl Pts',(143.360421685051,-32.,-61.6016371018685));
#17512=CARTESIAN_POINT('Ctrl Pts',(143.360421685051,-31.8,-61.6016371018685));
#17513=CARTESIAN_POINT('',(142.607352165054,-32.,-61.8581170804299));
#17514=CARTESIAN_POINT('',(143.360421685051,-32.,-61.6016371018685));
#17515=CARTESIAN_POINT('Ctrl Pts',(142.607352165054,-32.,-61.8581170804299));
#17516=CARTESIAN_POINT('Ctrl Pts',(142.748369954926,-32.,-61.8486917639228));
#17517=CARTESIAN_POINT('Ctrl Pts',(143.022649770234,-32.,-61.8303595090128));
#17518=CARTESIAN_POINT('Ctrl Pts',(143.249973713815,-32.,-61.6764269962827));
#17519=CARTESIAN_POINT('Ctrl Pts',(143.360421685051,-32.,-61.6016371018685));
#17520=CARTESIAN_POINT('',(142.607352165054,-31.8,-61.8581170804299));
#17521=CARTESIAN_POINT('',(142.607352165054,-32.,-61.8581170804299));
#17522=CARTESIAN_POINT('',(143.360421685051,-31.8,-61.6016371018685));
#17523=CARTESIAN_POINT('Ctrl Pts',(142.607352165054,-31.8,-61.8581170804299));
#17524=CARTESIAN_POINT('Ctrl Pts',(142.748369954926,-31.8,-61.8486917639228));
#17525=CARTESIAN_POINT('Ctrl Pts',(143.022649770234,-31.8,-61.8303595090128));
#17526=CARTESIAN_POINT('Ctrl Pts',(143.249973713815,-31.8,-61.6764269962827));
#17527=CARTESIAN_POINT('Ctrl Pts',(143.360421685051,-31.8,-61.6016371018685));
#17528=CARTESIAN_POINT('',(143.360421685051,-32.,-61.6016371018685));
#17529=CARTESIAN_POINT('Ctrl Pts',(141.927952346872,-32.,-61.6698498494424));
#17530=CARTESIAN_POINT('Ctrl Pts',(141.927952346872,-31.8,-61.6698498494424));
#17531=CARTESIAN_POINT('Ctrl Pts',(142.03469194514,-32.,-61.7247614224502));
#17532=CARTESIAN_POINT('Ctrl Pts',(142.03469194514,-31.8,-61.7247614224502));
#17533=CARTESIAN_POINT('Ctrl Pts',(142.248124051045,-32.,-61.8345603429619));
#17534=CARTESIAN_POINT('Ctrl Pts',(142.248124051045,-31.8,-61.8345603429619));
#17535=CARTESIAN_POINT('Ctrl Pts',(142.487627074648,-32.,-61.8502659896799));
#17536=CARTESIAN_POINT('Ctrl Pts',(142.487627074648,-31.8,-61.8502659896799));
#17537=CARTESIAN_POINT('Ctrl Pts',(142.607352165054,-32.,-61.8581170804299));
#17538=CARTESIAN_POINT('Ctrl Pts',(142.607352165054,-31.8,-61.8581170804299));
#17539=CARTESIAN_POINT('',(141.927952346872,-32.,-61.6698498494424));
#17540=CARTESIAN_POINT('Ctrl Pts',(141.927952346872,-32.,-61.6698498494424));
#17541=CARTESIAN_POINT('Ctrl Pts',(142.03469194514,-32.,-61.7247614224502));
#17542=CARTESIAN_POINT('Ctrl Pts',(142.248124051045,-32.,-61.8345603429619));
#17543=CARTESIAN_POINT('Ctrl Pts',(142.487627074648,-32.,-61.8502659896799));
#17544=CARTESIAN_POINT('Ctrl Pts',(142.607352165054,-32.,-61.8581170804299));
#17545=CARTESIAN_POINT('',(141.927952346872,-31.8,-61.6698498494424));
#17546=CARTESIAN_POINT('',(141.927952346872,-32.,-61.6698498494424));
#17547=CARTESIAN_POINT('Ctrl Pts',(141.927952346872,-31.8,-61.6698498494424));
#17548=CARTESIAN_POINT('Ctrl Pts',(142.03469194514,-31.8,-61.7247614224502));
#17549=CARTESIAN_POINT('Ctrl Pts',(142.248124051045,-31.8,-61.8345603429619));
#17550=CARTESIAN_POINT('Ctrl Pts',(142.487627074648,-31.8,-61.8502659896799));
#17551=CARTESIAN_POINT('Ctrl Pts',(142.607352165054,-31.8,-61.8581170804299));
#17552=CARTESIAN_POINT('Ctrl Pts',(141.464105201434,-32.,-61.1023194558419));
#17553=CARTESIAN_POINT('Ctrl Pts',(141.464105201434,-31.8,-61.1023194558419));
#17554=CARTESIAN_POINT('Ctrl Pts',(141.519332453562,-32.,-61.2197907279469));
#17555=CARTESIAN_POINT('Ctrl Pts',(141.519332453562,-31.8,-61.2197907279469));
#17556=CARTESIAN_POINT('Ctrl Pts',(141.626635518769,-32.,-61.4480299954311));
#17557=CARTESIAN_POINT('Ctrl Pts',(141.626635518769,-31.8,-61.4480299954311));
#17558=CARTESIAN_POINT('Ctrl Pts',(141.8294994089,-32.,-61.5973719315458));
#17559=CARTESIAN_POINT('Ctrl Pts',(141.8294994089,-31.8,-61.5973719315458));
#17560=CARTESIAN_POINT('Ctrl Pts',(141.927952346872,-32.,-61.6698498494424));
#17561=CARTESIAN_POINT('Ctrl Pts',(141.927952346872,-31.8,-61.6698498494424));
#17562=CARTESIAN_POINT('',(141.464105201434,-32.,-61.1023194558419));
#17563=CARTESIAN_POINT('Ctrl Pts',(141.464105201434,-32.,-61.1023194558419));
#17564=CARTESIAN_POINT('Ctrl Pts',(141.519332453562,-32.,-61.2197907279469));
#17565=CARTESIAN_POINT('Ctrl Pts',(141.626635518769,-32.,-61.4480299954311));
#17566=CARTESIAN_POINT('Ctrl Pts',(141.8294994089,-32.,-61.5973719315458));
#17567=CARTESIAN_POINT('Ctrl Pts',(141.927952346872,-32.,-61.6698498494424));
#17568=CARTESIAN_POINT('',(141.464105201434,-31.8,-61.1023194558419));
#17569=CARTESIAN_POINT('',(141.464105201434,-32.,-61.1023194558419));
#17570=CARTESIAN_POINT('Ctrl Pts',(141.464105201434,-31.8,-61.1023194558419));
#17571=CARTESIAN_POINT('Ctrl Pts',(141.519332453562,-31.8,-61.2197907279469));
#17572=CARTESIAN_POINT('Ctrl Pts',(141.626635518769,-31.8,-61.4480299954311));
#17573=CARTESIAN_POINT('Ctrl Pts',(141.8294994089,-31.8,-61.5973719315458));
#17574=CARTESIAN_POINT('Ctrl Pts',(141.927952346872,-31.8,-61.6698498494424));
#17575=CARTESIAN_POINT('Ctrl Pts',(141.316765499782,-32.,-60.2100957400597));
#17576=CARTESIAN_POINT('Ctrl Pts',(141.316765499782,-31.8,-60.2100957400597));
#17577=CARTESIAN_POINT('Ctrl Pts',(141.321401085502,-32.,-60.3707891422227));
#17578=CARTESIAN_POINT('Ctrl Pts',(141.321401085502,-31.8,-60.3707891422227));
#17579=CARTESIAN_POINT('Ctrl Pts',(141.33017887911,-32.,-60.6750729164254));
#17580=CARTESIAN_POINT('Ctrl Pts',(141.33017887911,-31.8,-60.6750729164254));
#17581=CARTESIAN_POINT('Ctrl Pts',(141.42116784814,-32.,-60.9653423830142));
#17582=CARTESIAN_POINT('Ctrl Pts',(141.42116784814,-31.8,-60.9653423830142));
#17583=CARTESIAN_POINT('Ctrl Pts',(141.464105201434,-32.,-61.1023194558419));
#17584=CARTESIAN_POINT('Ctrl Pts',(141.464105201434,-31.8,-61.1023194558419));
#17585=CARTESIAN_POINT('',(141.316765499782,-32.,-60.2100957400597));
#17586=CARTESIAN_POINT('Ctrl Pts',(141.316765499782,-32.,-60.2100957400597));
#17587=CARTESIAN_POINT('Ctrl Pts',(141.321401085502,-32.,-60.3707891422227));
#17588=CARTESIAN_POINT('Ctrl Pts',(141.33017887911,-32.,-60.6750729164254));
#17589=CARTESIAN_POINT('Ctrl Pts',(141.42116784814,-32.,-60.9653423830142));
#17590=CARTESIAN_POINT('Ctrl Pts',(141.464105201434,-32.,-61.1023194558419));
#17591=CARTESIAN_POINT('',(141.316765499782,-31.8,-60.2100957400597));
#17592=CARTESIAN_POINT('',(141.316765499782,-32.,-60.2100957400597));
#17593=CARTESIAN_POINT('Ctrl Pts',(141.316765499782,-31.8,-60.2100957400597));
#17594=CARTESIAN_POINT('Ctrl Pts',(141.321401085502,-31.8,-60.3707891422227));
#17595=CARTESIAN_POINT('Ctrl Pts',(141.33017887911,-31.8,-60.6750729164254));
#17596=CARTESIAN_POINT('Ctrl Pts',(141.42116784814,-31.8,-60.9653423830142));
#17597=CARTESIAN_POINT('Ctrl Pts',(141.464105201434,-31.8,-61.1023194558419));
#17598=CARTESIAN_POINT('Ctrl Pts',(141.442277086448,-32.,-59.4433833129204));
#17599=CARTESIAN_POINT('Ctrl Pts',(141.442277086448,-31.8,-59.4433833129204));
#17600=CARTESIAN_POINT('Ctrl Pts',(141.405669607125,-32.,-59.5682650856731));
#17601=CARTESIAN_POINT('Ctrl Pts',(141.405669607125,-31.8,-59.5682650856731));
#17602=CARTESIAN_POINT('Ctrl Pts',(141.3322689331,-32.,-59.8186621756431));
#17603=CARTESIAN_POINT('Ctrl Pts',(141.3322689331,-31.8,-59.8186621756431));
#17604=CARTESIAN_POINT('Ctrl Pts',(141.321942020465,-32.,-60.0793979842318));
#17605=CARTESIAN_POINT('Ctrl Pts',(141.321942020465,-31.8,-60.0793979842318));
#17606=CARTESIAN_POINT('Ctrl Pts',(141.316765499782,-32.,-60.2100957400597));
#17607=CARTESIAN_POINT('Ctrl Pts',(141.316765499782,-31.8,-60.2100957400597));
#17608=CARTESIAN_POINT('',(141.442277086448,-32.,-59.4433833129204));
#17609=CARTESIAN_POINT('Ctrl Pts',(141.442277086448,-32.,-59.4433833129204));
#17610=CARTESIAN_POINT('Ctrl Pts',(141.405669607125,-32.,-59.5682650856731));
#17611=CARTESIAN_POINT('Ctrl Pts',(141.3322689331,-32.,-59.8186621756431));
#17612=CARTESIAN_POINT('Ctrl Pts',(141.321942020465,-32.,-60.0793979842318));
#17613=CARTESIAN_POINT('Ctrl Pts',(141.316765499782,-32.,-60.2100957400597));
#17614=CARTESIAN_POINT('',(141.442277086448,-31.8,-59.4433833129204));
#17615=CARTESIAN_POINT('',(141.442277086448,-32.,-59.4433833129204));
#17616=CARTESIAN_POINT('Ctrl Pts',(141.442277086448,-31.8,-59.4433833129204));
#17617=CARTESIAN_POINT('Ctrl Pts',(141.405669607125,-31.8,-59.5682650856731));
#17618=CARTESIAN_POINT('Ctrl Pts',(141.3322689331,-31.8,-59.8186621756431));
#17619=CARTESIAN_POINT('Ctrl Pts',(141.321942020465,-31.8,-60.0793979842318));
#17620=CARTESIAN_POINT('Ctrl Pts',(141.316765499782,-31.8,-60.2100957400597));
#17621=CARTESIAN_POINT('Ctrl Pts',(141.876110611033,-32.,-58.8485677010812));
#17622=CARTESIAN_POINT('Ctrl Pts',(141.876110611033,-31.8,-58.8485677010812));
#17623=CARTESIAN_POINT('Ctrl Pts',(141.780742141559,-32.,-58.9292404940509));
#17624=CARTESIAN_POINT('Ctrl Pts',(141.780742141559,-31.8,-58.9292404940509));
#17625=CARTESIAN_POINT('Ctrl Pts',(141.587999179945,-32.,-59.0922829872831));
#17626=CARTESIAN_POINT('Ctrl Pts',(141.587999179945,-31.8,-59.0922829872831));
#17627=CARTESIAN_POINT('Ctrl Pts',(141.491186983678,-32.,-59.3255406410753));
#17628=CARTESIAN_POINT('Ctrl Pts',(141.491186983678,-31.8,-59.3255406410753));
#17629=CARTESIAN_POINT('Ctrl Pts',(141.442277086448,-32.,-59.4433833129204));
#17630=CARTESIAN_POINT('Ctrl Pts',(141.442277086448,-31.8,-59.4433833129204));
#17631=CARTESIAN_POINT('',(141.876110611033,-32.,-58.8485677010812));
#17632=CARTESIAN_POINT('Ctrl Pts',(141.876110611033,-32.,-58.8485677010812));
#17633=CARTESIAN_POINT('Ctrl Pts',(141.780742141559,-32.,-58.9292404940509));
#17634=CARTESIAN_POINT('Ctrl Pts',(141.587999179945,-32.,-59.0922829872831));
#17635=CARTESIAN_POINT('Ctrl Pts',(141.491186983678,-32.,-59.3255406410753));
#17636=CARTESIAN_POINT('Ctrl Pts',(141.442277086448,-32.,-59.4433833129204));
#17637=CARTESIAN_POINT('',(141.876110611033,-31.8,-58.8485677010812));
#17638=CARTESIAN_POINT('',(141.876110611033,-32.,-58.8485677010812));
#17639=CARTESIAN_POINT('Ctrl Pts',(141.876110611033,-31.8,-58.8485677010812));
#17640=CARTESIAN_POINT('Ctrl Pts',(141.780742141559,-31.8,-58.9292404940509));
#17641=CARTESIAN_POINT('Ctrl Pts',(141.587999179945,-31.8,-59.0922829872831));
#17642=CARTESIAN_POINT('Ctrl Pts',(141.491186983678,-31.8,-59.3255406410753));
#17643=CARTESIAN_POINT('Ctrl Pts',(141.442277086448,-31.8,-59.4433833129204));
#17644=CARTESIAN_POINT('Ctrl Pts',(142.648279843401,-32.,-58.6275584466256));
#17645=CARTESIAN_POINT('Ctrl Pts',(142.648279843401,-31.8,-58.6275584466256));
#17646=CARTESIAN_POINT('Ctrl Pts',(142.50376863429,-32.,-58.6347505425045));
#17647=CARTESIAN_POINT('Ctrl Pts',(142.50376863429,-31.8,-58.6347505425045));
#17648=CARTESIAN_POINT('Ctrl Pts',(142.228689423365,-32.,-58.6484408027371));
#17649=CARTESIAN_POINT('Ctrl Pts',(142.228689423365,-31.8,-58.6484408027371));
#17650=CARTESIAN_POINT('Ctrl Pts',(141.989597181536,-32.,-58.784151705099));
#17651=CARTESIAN_POINT('Ctrl Pts',(141.989597181536,-31.8,-58.784151705099));
#17652=CARTESIAN_POINT('Ctrl Pts',(141.876110611033,-32.,-58.8485677010812));
#17653=CARTESIAN_POINT('Ctrl Pts',(141.876110611033,-31.8,-58.8485677010812));
#17654=CARTESIAN_POINT('',(142.648279843401,-32.,-58.6275584466256));
#17655=CARTESIAN_POINT('Ctrl Pts',(142.648279843401,-32.,-58.6275584466256));
#17656=CARTESIAN_POINT('Ctrl Pts',(142.50376863429,-32.,-58.6347505425045));
#17657=CARTESIAN_POINT('Ctrl Pts',(142.228689423365,-32.,-58.6484408027371));
#17658=CARTESIAN_POINT('Ctrl Pts',(141.989597181536,-32.,-58.784151705099));
#17659=CARTESIAN_POINT('Ctrl Pts',(141.876110611033,-32.,-58.8485677010812));
#17660=CARTESIAN_POINT('',(142.648279843401,-31.8,-58.6275584466256));
#17661=CARTESIAN_POINT('',(142.648279843401,-32.,-58.6275584466256));
#17662=CARTESIAN_POINT('Ctrl Pts',(142.648279843401,-31.8,-58.6275584466256));
#17663=CARTESIAN_POINT('Ctrl Pts',(142.50376863429,-31.8,-58.6347505425045));
#17664=CARTESIAN_POINT('Ctrl Pts',(142.228689423365,-31.8,-58.6484408027371));
#17665=CARTESIAN_POINT('Ctrl Pts',(141.989597181536,-31.8,-58.784151705099));
#17666=CARTESIAN_POINT('Ctrl Pts',(141.876110611033,-31.8,-58.8485677010812));
#17667=CARTESIAN_POINT('Ctrl Pts',(143.314037052464,-32.,-58.8267392880715));
#17668=CARTESIAN_POINT('Ctrl Pts',(143.314037052464,-31.8,-58.8267392880715));
#17669=CARTESIAN_POINT('Ctrl Pts',(143.216993850024,-32.,-58.7686869660511));
#17670=CARTESIAN_POINT('Ctrl Pts',(143.216993850024,-31.8,-58.7686869660511));
#17671=CARTESIAN_POINT('Ctrl Pts',(143.012358544163,-32.,-58.6462718522261));
#17672=CARTESIAN_POINT('Ctrl Pts',(143.012358544163,-31.8,-58.6462718522261));
#17673=CARTESIAN_POINT('Ctrl Pts',(142.773739659104,-32.,-58.6340069985812));
#17674=CARTESIAN_POINT('Ctrl Pts',(142.773739659104,-31.8,-58.6340069985812));
#17675=CARTESIAN_POINT('Ctrl Pts',(142.648279843401,-32.,-58.6275584466256));
#17676=CARTESIAN_POINT('Ctrl Pts',(142.648279843401,-31.8,-58.6275584466256));
#17677=CARTESIAN_POINT('',(143.314037052464,-32.,-58.8267392880715));
#17678=CARTESIAN_POINT('Ctrl Pts',(143.314037052464,-32.,-58.8267392880715));
#17679=CARTESIAN_POINT('Ctrl Pts',(143.216993850024,-32.,-58.7686869660511));
#17680=CARTESIAN_POINT('Ctrl Pts',(143.012358544163,-32.,-58.6462718522261));
#17681=CARTESIAN_POINT('Ctrl Pts',(142.773739659104,-32.,-58.6340069985812));
#17682=CARTESIAN_POINT('Ctrl Pts',(142.648279843401,-32.,-58.6275584466256));
#17683=CARTESIAN_POINT('',(143.314037052464,-31.8,-58.8267392880715));
#17684=CARTESIAN_POINT('',(143.314037052464,-32.,-58.8267392880715));
#17685=CARTESIAN_POINT('Ctrl Pts',(143.314037052464,-31.8,-58.8267392880715));
#17686=CARTESIAN_POINT('Ctrl Pts',(143.216993850024,-31.8,-58.7686869660511));
#17687=CARTESIAN_POINT('Ctrl Pts',(143.012358544163,-31.8,-58.6462718522261));
#17688=CARTESIAN_POINT('Ctrl Pts',(142.773739659104,-31.8,-58.6340069985812));
#17689=CARTESIAN_POINT('Ctrl Pts',(142.648279843401,-31.8,-58.6275584466256));
#17690=CARTESIAN_POINT('Ctrl Pts',(143.717856732678,-32.,-59.4624830252923));
#17691=CARTESIAN_POINT('Ctrl Pts',(143.717856732678,-31.8,-59.4624830252923));
#17692=CARTESIAN_POINT('Ctrl Pts',(143.670680921469,-32.,-59.3304187160189));
#17693=CARTESIAN_POINT('Ctrl Pts',(143.670680921469,-31.8,-59.3304187160189));
#17694=CARTESIAN_POINT('Ctrl Pts',(143.583822083196,-32.,-59.0872654519378));
#17695=CARTESIAN_POINT('Ctrl Pts',(143.583822083196,-31.8,-59.0872654519378));
#17696=CARTESIAN_POINT('Ctrl Pts',(143.398640568049,-32.,-58.9084392597314));
#17697=CARTESIAN_POINT('Ctrl Pts',(143.398640568049,-31.8,-58.9084392597314));
#17698=CARTESIAN_POINT('Ctrl Pts',(143.314037052464,-32.,-58.8267392880715));
#17699=CARTESIAN_POINT('Ctrl Pts',(143.314037052464,-31.8,-58.8267392880715));
#17700=CARTESIAN_POINT('',(143.717856732678,-32.,-59.4624830252923));
#17701=CARTESIAN_POINT('Ctrl Pts',(143.717856732678,-32.,-59.4624830252923));
#17702=CARTESIAN_POINT('Ctrl Pts',(143.670680921469,-32.,-59.3304187160189));
#17703=CARTESIAN_POINT('Ctrl Pts',(143.583822083196,-32.,-59.0872654519378));
#17704=CARTESIAN_POINT('Ctrl Pts',(143.398640568049,-32.,-58.9084392597314));
#17705=CARTESIAN_POINT('Ctrl Pts',(143.314037052464,-32.,-58.8267392880715));
#17706=CARTESIAN_POINT('',(143.717856732678,-31.8,-59.4624830252923));
#17707=CARTESIAN_POINT('',(143.717856732678,-32.,-59.4624830252923));
#17708=CARTESIAN_POINT('Ctrl Pts',(143.717856732678,-31.8,-59.4624830252923));
#17709=CARTESIAN_POINT('Ctrl Pts',(143.670680921469,-31.8,-59.3304187160189));
#17710=CARTESIAN_POINT('Ctrl Pts',(143.583822083196,-31.8,-59.0872654519378));
#17711=CARTESIAN_POINT('Ctrl Pts',(143.398640568049,-31.8,-58.9084392597314));
#17712=CARTESIAN_POINT('Ctrl Pts',(143.314037052464,-31.8,-58.8267392880715));
#17713=CARTESIAN_POINT('Origin',(144.239002791714,-32.,-59.3396998412408));
#17714=CARTESIAN_POINT('',(144.239002791714,-32.,-59.3396998412408));
#17715=CARTESIAN_POINT('',(136.369880098037,-32.,-61.1936828528527));
#17716=CARTESIAN_POINT('',(144.239002791714,-31.8,-59.3396998412408));
#17717=CARTESIAN_POINT('',(144.239002791714,-32.,-59.3396998412408));
#17718=CARTESIAN_POINT('',(144.239002791714,-31.8,-59.3396998412408));
#17719=CARTESIAN_POINT('Ctrl Pts',(143.668743697476,-32.,-58.4802181489266));
#17720=CARTESIAN_POINT('Ctrl Pts',(143.668743697476,-31.8,-58.4802181489266));
#17721=CARTESIAN_POINT('Ctrl Pts',(143.795627115082,-32.,-58.5952882050475));
#17722=CARTESIAN_POINT('Ctrl Pts',(143.795627115082,-31.8,-58.5952882050475));
#17723=CARTESIAN_POINT('Ctrl Pts',(144.058009154886,-32.,-58.833241411343));
#17724=CARTESIAN_POINT('Ctrl Pts',(144.058009154886,-31.8,-58.833241411343));
#17725=CARTESIAN_POINT('Ctrl Pts',(144.177365243678,-32.,-59.167224961195));
#17726=CARTESIAN_POINT('Ctrl Pts',(144.177365243678,-31.8,-59.167224961195));
#17727=CARTESIAN_POINT('Ctrl Pts',(144.239002791714,-32.,-59.3396998412408));
#17728=CARTESIAN_POINT('Ctrl Pts',(144.239002791714,-31.8,-59.3396998412408));
#17729=CARTESIAN_POINT('',(143.668743697476,-32.,-58.4802181489266));
#17730=CARTESIAN_POINT('Ctrl Pts',(143.668743697476,-32.,-58.4802181489266));
#17731=CARTESIAN_POINT('Ctrl Pts',(143.795627115082,-32.,-58.5952882050475));
#17732=CARTESIAN_POINT('Ctrl Pts',(144.058009154886,-32.,-58.833241411343));
#17733=CARTESIAN_POINT('Ctrl Pts',(144.177365243678,-32.,-59.167224961195));
#17734=CARTESIAN_POINT('Ctrl Pts',(144.239002791714,-32.,-59.3396998412408));
#17735=CARTESIAN_POINT('',(143.668743697476,-31.8,-58.4802181489266));
#17736=CARTESIAN_POINT('',(143.668743697476,-32.,-58.4802181489266));
#17737=CARTESIAN_POINT('Ctrl Pts',(143.668743697476,-31.8,-58.4802181489266));
#17738=CARTESIAN_POINT('Ctrl Pts',(143.795627115082,-31.8,-58.5952882050475));
#17739=CARTESIAN_POINT('Ctrl Pts',(144.058009154886,-31.8,-58.833241411343));
#17740=CARTESIAN_POINT('Ctrl Pts',(144.177365243678,-31.8,-59.167224961195));
#17741=CARTESIAN_POINT('Ctrl Pts',(144.239002791714,-31.8,-59.3396998412408));
#17742=CARTESIAN_POINT('Ctrl Pts',(142.659193900894,-32.,-58.1746251351632));
#17743=CARTESIAN_POINT('Ctrl Pts',(142.659193900894,-31.8,-58.1746251351632));
#17744=CARTESIAN_POINT('Ctrl Pts',(142.848057924188,-32.,-58.1849914508782));
#17745=CARTESIAN_POINT('Ctrl Pts',(142.848057924188,-31.8,-58.1849914508782));
#17746=CARTESIAN_POINT('Ctrl Pts',(143.210039533595,-32.,-58.2048597962662));
#17747=CARTESIAN_POINT('Ctrl Pts',(143.210039533595,-31.8,-58.2048597962662));
#17748=CARTESIAN_POINT('Ctrl Pts',(143.520341759562,-32.,-58.3911330340024));
#17749=CARTESIAN_POINT('Ctrl Pts',(143.520341759562,-31.8,-58.3911330340024));
#17750=CARTESIAN_POINT('Ctrl Pts',(143.668743697476,-32.,-58.4802181489266));
#17751=CARTESIAN_POINT('Ctrl Pts',(143.668743697476,-31.8,-58.4802181489266));
#17752=CARTESIAN_POINT('',(142.659193900894,-32.,-58.1746251351632));
#17753=CARTESIAN_POINT('Ctrl Pts',(142.659193900894,-32.,-58.1746251351632));
#17754=CARTESIAN_POINT('Ctrl Pts',(142.848057924188,-32.,-58.1849914508782));
#17755=CARTESIAN_POINT('Ctrl Pts',(143.210039533595,-32.,-58.2048597962662));
#17756=CARTESIAN_POINT('Ctrl Pts',(143.520341759562,-32.,-58.3911330340024));
#17757=CARTESIAN_POINT('Ctrl Pts',(143.668743697476,-32.,-58.4802181489266));
#17758=CARTESIAN_POINT('',(142.659193900894,-31.8,-58.1746251351632));
#17759=CARTESIAN_POINT('',(142.659193900894,-32.,-58.1746251351632));
#17760=CARTESIAN_POINT('Ctrl Pts',(142.659193900894,-31.8,-58.1746251351632));
#17761=CARTESIAN_POINT('Ctrl Pts',(142.848057924188,-31.8,-58.1849914508782));
#17762=CARTESIAN_POINT('Ctrl Pts',(143.210039533595,-31.8,-58.2048597962662));
#17763=CARTESIAN_POINT('Ctrl Pts',(143.520341759562,-31.8,-58.3911330340024));
#17764=CARTESIAN_POINT('Ctrl Pts',(143.668743697476,-31.8,-58.4802181489266));
#17765=CARTESIAN_POINT('Ctrl Pts',(141.687843231033,-32.,-58.4174628026284));
#17766=CARTESIAN_POINT('Ctrl Pts',(141.687843231033,-31.8,-58.4174628026284));
#17767=CARTESIAN_POINT('Ctrl Pts',(141.839912719966,-32.,-58.346638214615));
#17768=CARTESIAN_POINT('Ctrl Pts',(141.839912719966,-31.8,-58.346638214615));
#17769=CARTESIAN_POINT('Ctrl Pts',(142.147957606953,-32.,-58.2031699070431));
#17770=CARTESIAN_POINT('Ctrl Pts',(142.147957606953,-31.8,-58.2031699070431));
#17771=CARTESIAN_POINT('Ctrl Pts',(142.487347352332,-32.,-58.1842201513723));
#17772=CARTESIAN_POINT('Ctrl Pts',(142.487347352332,-31.8,-58.1842201513723));
#17773=CARTESIAN_POINT('Ctrl Pts',(142.659193900894,-32.,-58.1746251351632));
#17774=CARTESIAN_POINT('Ctrl Pts',(142.659193900894,-31.8,-58.1746251351632));
#17775=CARTESIAN_POINT('',(141.687843231033,-32.,-58.4174628026284));
#17776=CARTESIAN_POINT('Ctrl Pts',(141.687843231033,-32.,-58.4174628026284));
#17777=CARTESIAN_POINT('Ctrl Pts',(141.839912719966,-32.,-58.346638214615));
#17778=CARTESIAN_POINT('Ctrl Pts',(142.147957606953,-32.,-58.2031699070431));
#17779=CARTESIAN_POINT('Ctrl Pts',(142.487347352332,-32.,-58.1842201513723));
#17780=CARTESIAN_POINT('Ctrl Pts',(142.659193900894,-32.,-58.1746251351632));
#17781=CARTESIAN_POINT('',(141.687843231033,-31.8,-58.4174628026284));
#17782=CARTESIAN_POINT('',(141.687843231033,-32.,-58.4174628026284));
#17783=CARTESIAN_POINT('Ctrl Pts',(141.687843231033,-31.8,-58.4174628026284));
#17784=CARTESIAN_POINT('Ctrl Pts',(141.839912719966,-31.8,-58.346638214615));
#17785=CARTESIAN_POINT('Ctrl Pts',(142.147957606953,-31.8,-58.2031699070431));
#17786=CARTESIAN_POINT('Ctrl Pts',(142.487347352332,-31.8,-58.1842201513723));
#17787=CARTESIAN_POINT('Ctrl Pts',(142.659193900894,-31.8,-58.1746251351632));
#17788=CARTESIAN_POINT('Ctrl Pts',(141.008443561863,-32.,-59.1241473920144));
#17789=CARTESIAN_POINT('Ctrl Pts',(141.008443561863,-31.8,-59.1241473920144));
#17790=CARTESIAN_POINT('Ctrl Pts',(141.095838407046,-32.,-58.9785766633044));
#17791=CARTESIAN_POINT('Ctrl Pts',(141.095838407046,-31.8,-58.9785766633044));
#17792=CARTESIAN_POINT('Ctrl Pts',(141.268459013208,-32.,-58.691048178336));
#17793=CARTESIAN_POINT('Ctrl Pts',(141.268459013208,-31.8,-58.691048178336));
#17794=CARTESIAN_POINT('Ctrl Pts',(141.549224488783,-32.,-58.5078907659774));
#17795=CARTESIAN_POINT('Ctrl Pts',(141.549224488783,-31.8,-58.5078907659774));
#17796=CARTESIAN_POINT('Ctrl Pts',(141.687843231033,-32.,-58.4174628026284));
#17797=CARTESIAN_POINT('Ctrl Pts',(141.687843231033,-31.8,-58.4174628026284));
#17798=CARTESIAN_POINT('',(141.008443561863,-32.,-59.1241473920144));
#17799=CARTESIAN_POINT('Ctrl Pts',(141.008443561863,-32.,-59.1241473920144));
#17800=CARTESIAN_POINT('Ctrl Pts',(141.095838407046,-32.,-58.9785766633044));
#17801=CARTESIAN_POINT('Ctrl Pts',(141.268459013208,-32.,-58.691048178336));
#17802=CARTESIAN_POINT('Ctrl Pts',(141.549224488783,-32.,-58.5078907659774));
#17803=CARTESIAN_POINT('Ctrl Pts',(141.687843231033,-32.,-58.4174628026284));
#17804=CARTESIAN_POINT('',(141.008443561863,-31.8,-59.1241473920144));
#17805=CARTESIAN_POINT('',(141.008443561863,-32.,-59.1241473920144));
#17806=CARTESIAN_POINT('Ctrl Pts',(141.008443561863,-31.8,-59.1241473920144));
#17807=CARTESIAN_POINT('Ctrl Pts',(141.095838407046,-31.8,-58.9785766633044));
#17808=CARTESIAN_POINT('Ctrl Pts',(141.268459013208,-31.8,-58.691048178336));
#17809=CARTESIAN_POINT('Ctrl Pts',(141.549224488783,-31.8,-58.5078907659774));
#17810=CARTESIAN_POINT('Ctrl Pts',(141.687843231033,-31.8,-58.4174628026284));
#17811=CARTESIAN_POINT('Ctrl Pts',(140.771062923144,-32.,-60.2128238446511));
#17812=CARTESIAN_POINT('Ctrl Pts',(140.771062923144,-31.8,-60.2128238446511));
#17813=CARTESIAN_POINT('Ctrl Pts',(140.778947156694,-32.,-60.0152980254359));
#17814=CARTESIAN_POINT('Ctrl Pts',(140.778947156694,-31.8,-60.0152980254359));
#17815=CARTESIAN_POINT('Ctrl Pts',(140.794004752866,-32.,-59.6380560271101));
#17816=CARTESIAN_POINT('Ctrl Pts',(140.794004752866,-31.8,-59.6380560271101));
#17817=CARTESIAN_POINT('Ctrl Pts',(140.939249634981,-32.,-59.2899725832998));
#17818=CARTESIAN_POINT('Ctrl Pts',(140.939249634981,-31.8,-59.2899725832998));
#17819=CARTESIAN_POINT('Ctrl Pts',(141.008443561863,-32.,-59.1241473920144));
#17820=CARTESIAN_POINT('Ctrl Pts',(141.008443561863,-31.8,-59.1241473920144));
#17821=CARTESIAN_POINT('',(140.771062923144,-32.,-60.2128238446511));
#17822=CARTESIAN_POINT('Ctrl Pts',(140.771062923144,-32.,-60.2128238446511));
#17823=CARTESIAN_POINT('Ctrl Pts',(140.778947156694,-32.,-60.0152980254359));
#17824=CARTESIAN_POINT('Ctrl Pts',(140.794004752866,-32.,-59.6380560271101));
#17825=CARTESIAN_POINT('Ctrl Pts',(140.939249634981,-32.,-59.2899725832998));
#17826=CARTESIAN_POINT('Ctrl Pts',(141.008443561863,-32.,-59.1241473920144));
#17827=CARTESIAN_POINT('',(140.771062923144,-31.8,-60.2128238446511));
#17828=CARTESIAN_POINT('',(140.771062923144,-32.,-60.2128238446511));
#17829=CARTESIAN_POINT('Ctrl Pts',(140.771062923144,-31.8,-60.2128238446511));
#17830=CARTESIAN_POINT('Ctrl Pts',(140.778947156694,-31.8,-60.0152980254359));
#17831=CARTESIAN_POINT('Ctrl Pts',(140.794004752866,-31.8,-59.6380560271101));
#17832=CARTESIAN_POINT('Ctrl Pts',(140.939249634981,-31.8,-59.2899725832998));
#17833=CARTESIAN_POINT('Ctrl Pts',(141.008443561863,-31.8,-59.1241473920144));
#17834=CARTESIAN_POINT('Ctrl Pts',(140.98115841813,-32.,-61.2851292855538));
#17835=CARTESIAN_POINT('Ctrl Pts',(140.98115841813,-31.8,-61.2851292855538));
#17836=CARTESIAN_POINT('Ctrl Pts',(140.919884168785,-32.,-61.1142784861697));
#17837=CARTESIAN_POINT('Ctrl Pts',(140.919884168785,-31.8,-61.1142784861697));
#17838=CARTESIAN_POINT('Ctrl Pts',(140.795538950494,-32.,-60.7675670997121));
#17839=CARTESIAN_POINT('Ctrl Pts',(140.795538950494,-31.8,-60.7675670997121));
#17840=CARTESIAN_POINT('Ctrl Pts',(140.779299814438,-32.,-60.3995109986729));
#17841=CARTESIAN_POINT('Ctrl Pts',(140.779299814438,-31.8,-60.3995109986729));
#17842=CARTESIAN_POINT('Ctrl Pts',(140.771062923144,-32.,-60.2128238446511));
#17843=CARTESIAN_POINT('Ctrl Pts',(140.771062923144,-31.8,-60.2128238446511));
#17844=CARTESIAN_POINT('',(140.98115841813,-32.,-61.2851292855538));
#17845=CARTESIAN_POINT('Ctrl Pts',(140.98115841813,-32.,-61.2851292855538));
#17846=CARTESIAN_POINT('Ctrl Pts',(140.919884168785,-32.,-61.1142784861697));
#17847=CARTESIAN_POINT('Ctrl Pts',(140.795538950494,-32.,-60.7675670997121));
#17848=CARTESIAN_POINT('Ctrl Pts',(140.779299814438,-32.,-60.3995109986729));
#17849=CARTESIAN_POINT('Ctrl Pts',(140.771062923144,-32.,-60.2128238446511));
#17850=CARTESIAN_POINT('',(140.98115841813,-31.8,-61.2851292855538));
#17851=CARTESIAN_POINT('',(140.98115841813,-32.,-61.2851292855538));
#17852=CARTESIAN_POINT('Ctrl Pts',(140.98115841813,-31.8,-61.2851292855538));
#17853=CARTESIAN_POINT('Ctrl Pts',(140.919884168785,-31.8,-61.1142784861697));
#17854=CARTESIAN_POINT('Ctrl Pts',(140.795538950494,-31.8,-60.7675670997121));
#17855=CARTESIAN_POINT('Ctrl Pts',(140.779299814438,-31.8,-60.3995109986729));
#17856=CARTESIAN_POINT('Ctrl Pts',(140.771062923144,-31.8,-60.2128238446511));
#17857=CARTESIAN_POINT('Ctrl Pts',(141.597802368473,-32.,-62.0491130120553));
#17858=CARTESIAN_POINT('Ctrl Pts',(141.597802368473,-31.8,-62.0491130120553));
#17859=CARTESIAN_POINT('Ctrl Pts',(141.470129535282,-32.,-61.9486569286466));
#17860=CARTESIAN_POINT('Ctrl Pts',(141.470129535282,-31.8,-61.9486569286466));
#17861=CARTESIAN_POINT('Ctrl Pts',(141.206563753066,-32.,-61.7412769752126));
#17862=CARTESIAN_POINT('Ctrl Pts',(141.206563753066,-31.8,-61.7412769752126));
#17863=CARTESIAN_POINT('Ctrl Pts',(141.057839670271,-32.,-61.4403074050709));
#17864=CARTESIAN_POINT('Ctrl Pts',(141.057839670271,-31.8,-61.4403074050709));
#17865=CARTESIAN_POINT('Ctrl Pts',(140.98115841813,-32.,-61.2851292855538));
#17866=CARTESIAN_POINT('Ctrl Pts',(140.98115841813,-31.8,-61.2851292855538));
#17867=CARTESIAN_POINT('',(141.597802368473,-32.,-62.0491130120553));
#17868=CARTESIAN_POINT('Ctrl Pts',(141.597802368473,-32.,-62.0491130120553));
#17869=CARTESIAN_POINT('Ctrl Pts',(141.470129535282,-32.,-61.9486569286466));
#17870=CARTESIAN_POINT('Ctrl Pts',(141.206563753066,-32.,-61.7412769752126));
#17871=CARTESIAN_POINT('Ctrl Pts',(141.057839670271,-32.,-61.4403074050709));
#17872=CARTESIAN_POINT('Ctrl Pts',(140.98115841813,-32.,-61.2851292855538));
#17873=CARTESIAN_POINT('',(141.597802368473,-31.8,-62.0491130120553));
#17874=CARTESIAN_POINT('',(141.597802368473,-32.,-62.0491130120553));
#17875=CARTESIAN_POINT('Ctrl Pts',(141.597802368473,-31.8,-62.0491130120553));
#17876=CARTESIAN_POINT('Ctrl Pts',(141.470129535282,-31.8,-61.9486569286466));
#17877=CARTESIAN_POINT('Ctrl Pts',(141.206563753066,-31.8,-61.7412769752126));
#17878=CARTESIAN_POINT('Ctrl Pts',(141.057839670271,-31.8,-61.4403074050709));
#17879=CARTESIAN_POINT('Ctrl Pts',(140.98115841813,-31.8,-61.2851292855538));
#17880=CARTESIAN_POINT('Ctrl Pts',(142.651008395027,-32.,-62.3110503918923));
#17881=CARTESIAN_POINT('Ctrl Pts',(142.651008395027,-31.8,-62.3110503918923));
#17882=CARTESIAN_POINT('Ctrl Pts',(142.451641761086,-32.,-62.303897709762));
#17883=CARTESIAN_POINT('Ctrl Pts',(142.451641761086,-31.8,-62.303897709762));
#17884=CARTESIAN_POINT('Ctrl Pts',(142.081288799453,-32.,-62.2906105465179));
#17885=CARTESIAN_POINT('Ctrl Pts',(142.081288799453,-31.8,-62.2906105465179));
#17886=CARTESIAN_POINT('Ctrl Pts',(141.75051540991,-32.,-62.1253919324639));
#17887=CARTESIAN_POINT('Ctrl Pts',(141.75051540991,-31.8,-62.1253919324639));
#17888=CARTESIAN_POINT('Ctrl Pts',(141.597802368473,-32.,-62.0491130120553));
#17889=CARTESIAN_POINT('Ctrl Pts',(141.597802368473,-31.8,-62.0491130120553));
#17890=CARTESIAN_POINT('',(142.651008395027,-32.,-62.3110503918923));
#17891=CARTESIAN_POINT('Ctrl Pts',(142.651008395027,-32.,-62.3110503918923));
#17892=CARTESIAN_POINT('Ctrl Pts',(142.451641761086,-32.,-62.303897709762));
#17893=CARTESIAN_POINT('Ctrl Pts',(142.081288799453,-32.,-62.2906105465179));
#17894=CARTESIAN_POINT('Ctrl Pts',(141.75051540991,-32.,-62.1253919324639));
#17895=CARTESIAN_POINT('Ctrl Pts',(141.597802368473,-32.,-62.0491130120553));
#17896=CARTESIAN_POINT('',(142.651008395027,-31.8,-62.3110503918923));
#17897=CARTESIAN_POINT('',(142.651008395027,-32.,-62.3110503918923));
#17898=CARTESIAN_POINT('Ctrl Pts',(142.651008395027,-31.8,-62.3110503918923));
#17899=CARTESIAN_POINT('Ctrl Pts',(142.451641761086,-31.8,-62.303897709762));
#17900=CARTESIAN_POINT('Ctrl Pts',(142.081288799453,-31.8,-62.2906105465179));
#17901=CARTESIAN_POINT('Ctrl Pts',(141.75051540991,-31.8,-62.1253919324639));
#17902=CARTESIAN_POINT('Ctrl Pts',(141.597802368473,-31.8,-62.0491130120553));
#17903=CARTESIAN_POINT('Ctrl Pts',(143.706942824196,-32.,-61.969986654023));
#17904=CARTESIAN_POINT('Ctrl Pts',(143.706942824196,-31.8,-61.969986654023));
#17905=CARTESIAN_POINT('Ctrl Pts',(143.551771424467,-32.,-62.0694304862861));
#17906=CARTESIAN_POINT('Ctrl Pts',(143.551771424467,-31.8,-62.0694304862861));
#17907=CARTESIAN_POINT('Ctrl Pts',(143.230243855995,-32.,-62.2754860715482));
#17908=CARTESIAN_POINT('Ctrl Pts',(143.230243855995,-31.8,-62.2754860715482));
#17909=CARTESIAN_POINT('Ctrl Pts',(142.84851321992,-32.,-62.2989238469286));
#17910=CARTESIAN_POINT('Ctrl Pts',(142.84851321992,-31.8,-62.2989238469286));
#17911=CARTESIAN_POINT('Ctrl Pts',(142.651008395027,-32.,-62.3110503918923));
#17912=CARTESIAN_POINT('Ctrl Pts',(142.651008395027,-31.8,-62.3110503918923));
#17913=CARTESIAN_POINT('',(143.706942824196,-32.,-61.969986654023));
#17914=CARTESIAN_POINT('Ctrl Pts',(143.706942824196,-32.,-61.969986654023));
#17915=CARTESIAN_POINT('Ctrl Pts',(143.551771424467,-32.,-62.0694304862861));
#17916=CARTESIAN_POINT('Ctrl Pts',(143.230243855995,-32.,-62.2754860715482));
#17917=CARTESIAN_POINT('Ctrl Pts',(142.84851321992,-32.,-62.2989238469286));
#17918=CARTESIAN_POINT('Ctrl Pts',(142.651008395027,-32.,-62.3110503918923));
#17919=CARTESIAN_POINT('',(143.706942824196,-31.8,-61.969986654023));
#17920=CARTESIAN_POINT('',(143.706942824196,-32.,-61.969986654023));
#17921=CARTESIAN_POINT('Ctrl Pts',(143.706942824196,-31.8,-61.969986654023));
#17922=CARTESIAN_POINT('Ctrl Pts',(143.551771424467,-31.8,-62.0694304862861));
#17923=CARTESIAN_POINT('Ctrl Pts',(143.230243855995,-31.8,-62.2754860715482));
#17924=CARTESIAN_POINT('Ctrl Pts',(142.84851321992,-31.8,-62.2989238469286));
#17925=CARTESIAN_POINT('Ctrl Pts',(142.651008395027,-31.8,-62.3110503918923));
#17926=CARTESIAN_POINT('Ctrl Pts',(144.307215539288,-32.,-60.9740788705147));
#17927=CARTESIAN_POINT('Ctrl Pts',(144.307215539288,-31.8,-60.9740788705147));
#17928=CARTESIAN_POINT('Ctrl Pts',(144.244765262359,-32.,-61.1751715541145));
#17929=CARTESIAN_POINT('Ctrl Pts',(144.244765262359,-31.8,-61.1751715541145));
#17930=CARTESIAN_POINT('Ctrl Pts',(144.126119541236,-32.,-61.5572160802812));
#17931=CARTESIAN_POINT('Ctrl Pts',(144.126119541236,-31.8,-61.5572160802812));
#17932=CARTESIAN_POINT('Ctrl Pts',(143.841669802063,-32.,-61.8373186653396));
#17933=CARTESIAN_POINT('Ctrl Pts',(143.841669802063,-31.8,-61.8373186653396));
#17934=CARTESIAN_POINT('Ctrl Pts',(143.706942824196,-32.,-61.969986654023));
#17935=CARTESIAN_POINT('Ctrl Pts',(143.706942824196,-31.8,-61.969986654023));
#17936=CARTESIAN_POINT('',(144.307215539288,-32.,-60.9740788705147));
#17937=CARTESIAN_POINT('Ctrl Pts',(144.307215539288,-32.,-60.9740788705147));
#17938=CARTESIAN_POINT('Ctrl Pts',(144.244765262359,-32.,-61.1751715541145));
#17939=CARTESIAN_POINT('Ctrl Pts',(144.126119541236,-32.,-61.5572160802812));
#17940=CARTESIAN_POINT('Ctrl Pts',(143.841669802063,-32.,-61.8373186653396));
#17941=CARTESIAN_POINT('Ctrl Pts',(143.706942824196,-32.,-61.969986654023));
#17942=CARTESIAN_POINT('',(144.307215539288,-31.8,-60.9740788705147));
#17943=CARTESIAN_POINT('',(144.307215539288,-32.,-60.9740788705147));
#17944=CARTESIAN_POINT('Ctrl Pts',(144.307215539288,-31.8,-60.9740788705147));
#17945=CARTESIAN_POINT('Ctrl Pts',(144.244765262359,-31.8,-61.1751715541145));
#17946=CARTESIAN_POINT('Ctrl Pts',(144.126119541236,-31.8,-61.5572160802812));
#17947=CARTESIAN_POINT('Ctrl Pts',(143.841669802063,-31.8,-61.8373186653396));
#17948=CARTESIAN_POINT('Ctrl Pts',(143.706942824196,-31.8,-61.969986654023));
#17949=CARTESIAN_POINT('Origin',(143.777884272408,-32.,-60.8403820760049));
#17950=CARTESIAN_POINT('',(143.777884272408,-32.,-60.8403820760049));
#17951=CARTESIAN_POINT('',(139.171698627154,-32.,-59.6769664717885));
#17952=CARTESIAN_POINT('',(143.777884272408,-31.8,-60.8403820760049));
#17953=CARTESIAN_POINT('',(143.777884272408,-32.,-60.8403820760049));
#17954=CARTESIAN_POINT('',(143.777884272408,-31.8,-60.8403820760049));
#17955=CARTESIAN_POINT('Ctrl Pts',(143.360421685051,-32.,-61.6016371018685));
#17956=CARTESIAN_POINT('Ctrl Pts',(143.360421685051,-31.8,-61.6016371018685));
#17957=CARTESIAN_POINT('Ctrl Pts',(143.455907069143,-32.,-61.5006995246989));
#17958=CARTESIAN_POINT('Ctrl Pts',(143.455907069143,-31.8,-61.5006995246989));
#17959=CARTESIAN_POINT('Ctrl Pts',(143.660867674889,-32.,-61.2840357163474));
#17960=CARTESIAN_POINT('Ctrl Pts',(143.660867674889,-31.8,-61.2840357163474));
#17961=CARTESIAN_POINT('Ctrl Pts',(143.737143310869,-32.,-60.9948462826311));
#17962=CARTESIAN_POINT('Ctrl Pts',(143.737143310869,-31.8,-60.9948462826311));
#17963=CARTESIAN_POINT('Ctrl Pts',(143.777884272408,-32.,-60.8403820760049));
#17964=CARTESIAN_POINT('Ctrl Pts',(143.777884272408,-31.8,-60.8403820760049));
#17965=CARTESIAN_POINT('Ctrl Pts',(143.360421685051,-32.,-61.6016371018685));
#17966=CARTESIAN_POINT('Ctrl Pts',(143.455907069143,-32.,-61.5006995246989));
#17967=CARTESIAN_POINT('Ctrl Pts',(143.660867674889,-32.,-61.2840357163474));
#17968=CARTESIAN_POINT('Ctrl Pts',(143.737143310869,-32.,-60.9948462826311));
#17969=CARTESIAN_POINT('Ctrl Pts',(143.777884272408,-32.,-60.8403820760049));
#17970=CARTESIAN_POINT('Ctrl Pts',(143.360421685051,-31.8,-61.6016371018685));
#17971=CARTESIAN_POINT('Ctrl Pts',(143.455907069143,-31.8,-61.5006995246989));
#17972=CARTESIAN_POINT('Ctrl Pts',(143.660867674889,-31.8,-61.2840357163474));
#17973=CARTESIAN_POINT('Ctrl Pts',(143.737143310869,-31.8,-60.9948462826311));
#17974=CARTESIAN_POINT('Ctrl Pts',(143.777884272408,-31.8,-60.8403820760049));
#17975=CARTESIAN_POINT('Origin',(148.746505965959,-31.8,-57.1555250353612));
#17976=CARTESIAN_POINT('Origin',(151.603258279633,-32.,-54.4174624450005));
#17977=CARTESIAN_POINT('',(151.603258279633,-32.,-54.4174624450005));
#17978=CARTESIAN_POINT('',(151.603258279633,-32.,-55.9999997384347));
#17979=CARTESIAN_POINT('',(151.603258279633,-32.,-63.7712312224986));
#17980=CARTESIAN_POINT('',(151.603258279633,-31.8,-54.4174624450005));
#17981=CARTESIAN_POINT('',(151.603258279633,-32.,-54.4174624450005));
#17982=CARTESIAN_POINT('',(151.603258279633,-31.8,-55.9999997384347));
#17983=CARTESIAN_POINT('',(151.603258279633,-31.8,-54.4174624450005));
#17984=CARTESIAN_POINT('',(151.603258279633,-32.,-55.9999997384347));
#17985=CARTESIAN_POINT('Ctrl Pts',(151.829724935364,-32.,-53.6616642243661));
#17986=CARTESIAN_POINT('Ctrl Pts',(151.829724935364,-31.8,-53.6616642243661));
#17987=CARTESIAN_POINT('Ctrl Pts',(151.76413180378,-32.,-53.7548065278076));
#17988=CARTESIAN_POINT('Ctrl Pts',(151.76413180378,-31.8,-53.7548065278076));
#17989=CARTESIAN_POINT('Ctrl Pts',(151.606330547926,-32.,-53.9788844472665));
#17990=CARTESIAN_POINT('Ctrl Pts',(151.606330547926,-31.8,-53.9788844472665));
#17991=CARTESIAN_POINT('Ctrl Pts',(151.604391389504,-32.,-54.2557066960882));
#17992=CARTESIAN_POINT('Ctrl Pts',(151.604391389504,-31.8,-54.2557066960882));
#17993=CARTESIAN_POINT('Ctrl Pts',(151.603258279633,-32.,-54.4174624450005));
#17994=CARTESIAN_POINT('Ctrl Pts',(151.603258279633,-31.8,-54.4174624450005));
#17995=CARTESIAN_POINT('',(151.829724935364,-32.,-53.6616642243661));
#17996=CARTESIAN_POINT('Ctrl Pts',(151.829724935364,-32.,-53.6616642243661));
#17997=CARTESIAN_POINT('Ctrl Pts',(151.76413180378,-32.,-53.7548065278076));
#17998=CARTESIAN_POINT('Ctrl Pts',(151.606330547926,-32.,-53.9788844472665));
#17999=CARTESIAN_POINT('Ctrl Pts',(151.604391389504,-32.,-54.2557066960882));
#18000=CARTESIAN_POINT('Ctrl Pts',(151.603258279633,-32.,-54.4174624450005));
#18001=CARTESIAN_POINT('',(151.829724935364,-31.8,-53.6616642243661));
#18002=CARTESIAN_POINT('',(151.829724935364,-32.,-53.6616642243661));
#18003=CARTESIAN_POINT('Ctrl Pts',(151.829724935364,-31.8,-53.6616642243661));
#18004=CARTESIAN_POINT('Ctrl Pts',(151.76413180378,-31.8,-53.7548065278076));
#18005=CARTESIAN_POINT('Ctrl Pts',(151.606330547926,-31.8,-53.9788844472665));
#18006=CARTESIAN_POINT('Ctrl Pts',(151.604391389504,-31.8,-54.2557066960882));
#18007=CARTESIAN_POINT('Ctrl Pts',(151.603258279633,-31.8,-54.4174624450005));
#18008=CARTESIAN_POINT('Ctrl Pts',(152.37269940741,-32.,-53.4624827868737));
#18009=CARTESIAN_POINT('Ctrl Pts',(152.37269940741,-31.8,-53.4624827868737));
#18010=CARTESIAN_POINT('Ctrl Pts',(152.271982826963,-32.,-53.4704781975527));
#18011=CARTESIAN_POINT('Ctrl Pts',(152.271982826963,-31.8,-53.4704781975527));
#18012=CARTESIAN_POINT('Ctrl Pts',(152.072352476913,-32.,-53.4863259023254));
#18013=CARTESIAN_POINT('Ctrl Pts',(152.072352476913,-31.8,-53.4863259023254));
#18014=CARTESIAN_POINT('Ctrl Pts',(151.910112399609,-32.,-53.603571054053));
#18015=CARTESIAN_POINT('Ctrl Pts',(151.910112399609,-31.8,-53.603571054053));
#18016=CARTESIAN_POINT('Ctrl Pts',(151.829724935364,-32.,-53.6616642243661));
#18017=CARTESIAN_POINT('Ctrl Pts',(151.829724935364,-31.8,-53.6616642243661));
#18018=CARTESIAN_POINT('',(152.37269940741,-32.,-53.4624827868737));
#18019=CARTESIAN_POINT('Ctrl Pts',(152.37269940741,-32.,-53.4624827868737));
#18020=CARTESIAN_POINT('Ctrl Pts',(152.271982826963,-32.,-53.4704781975527));
#18021=CARTESIAN_POINT('Ctrl Pts',(152.072352476913,-32.,-53.4863259023254));
#18022=CARTESIAN_POINT('Ctrl Pts',(151.910112399609,-32.,-53.603571054053));
#18023=CARTESIAN_POINT('Ctrl Pts',(151.829724935364,-32.,-53.6616642243661));
#18024=CARTESIAN_POINT('',(152.37269940741,-31.8,-53.4624827868737));
#18025=CARTESIAN_POINT('',(152.37269940741,-32.,-53.4624827868737));
#18026=CARTESIAN_POINT('Ctrl Pts',(152.37269940741,-31.8,-53.4624827868737));
#18027=CARTESIAN_POINT('Ctrl Pts',(152.271982826963,-31.8,-53.4704781975527));
#18028=CARTESIAN_POINT('Ctrl Pts',(152.072352476913,-31.8,-53.4863259023254));
#18029=CARTESIAN_POINT('Ctrl Pts',(151.910112399609,-31.8,-53.603571054053));
#18030=CARTESIAN_POINT('Ctrl Pts',(151.829724935364,-31.8,-53.6616642243661));
#18031=CARTESIAN_POINT('Ctrl Pts',(152.713763145279,-32.,-53.552523649434));
#18032=CARTESIAN_POINT('Ctrl Pts',(152.713763145279,-31.8,-53.552523649434));
#18033=CARTESIAN_POINT('Ctrl Pts',(152.662248781228,-32.,-53.526272050477));
#18034=CARTESIAN_POINT('Ctrl Pts',(152.662248781228,-31.8,-53.526272050477));
#18035=CARTESIAN_POINT('Ctrl Pts',(152.555182479631,-32.,-53.4717113145899));
#18036=CARTESIAN_POINT('Ctrl Pts',(152.555182479631,-31.8,-53.4717113145899));
#18037=CARTESIAN_POINT('Ctrl Pts',(152.435037360918,-32.,-53.4656353397364));
#18038=CARTESIAN_POINT('Ctrl Pts',(152.435037360918,-31.8,-53.4656353397364));
#18039=CARTESIAN_POINT('Ctrl Pts',(152.37269940741,-32.,-53.4624827868737));
#18040=CARTESIAN_POINT('Ctrl Pts',(152.37269940741,-31.8,-53.4624827868737));
#18041=CARTESIAN_POINT('',(152.713763145279,-32.,-53.552523649434));
#18042=CARTESIAN_POINT('Ctrl Pts',(152.713763145279,-32.,-53.552523649434));
#18043=CARTESIAN_POINT('Ctrl Pts',(152.662248781228,-32.,-53.526272050477));
#18044=CARTESIAN_POINT('Ctrl Pts',(152.555182479631,-32.,-53.4717113145899));
#18045=CARTESIAN_POINT('Ctrl Pts',(152.435037360918,-32.,-53.4656353397364));
#18046=CARTESIAN_POINT('Ctrl Pts',(152.37269940741,-32.,-53.4624827868737));
#18047=CARTESIAN_POINT('',(152.713763145279,-31.8,-53.552523649434));
#18048=CARTESIAN_POINT('',(152.713763145279,-32.,-53.552523649434));
#18049=CARTESIAN_POINT('Ctrl Pts',(152.713763145279,-31.8,-53.552523649434));
#18050=CARTESIAN_POINT('Ctrl Pts',(152.662248781228,-31.8,-53.526272050477));
#18051=CARTESIAN_POINT('Ctrl Pts',(152.555182479631,-31.8,-53.4717113145899));
#18052=CARTESIAN_POINT('Ctrl Pts',(152.435037360918,-31.8,-53.4656353397364));
#18053=CARTESIAN_POINT('Ctrl Pts',(152.37269940741,-31.8,-53.4624827868737));
#18054=CARTESIAN_POINT('Ctrl Pts',(152.918401388001,-32.,-53.7899042136468));
#18055=CARTESIAN_POINT('Ctrl Pts',(152.918401388001,-31.8,-53.7899042136468));
#18056=CARTESIAN_POINT('Ctrl Pts',(152.895134715925,-32.,-53.7422528218306));
#18057=CARTESIAN_POINT('Ctrl Pts',(152.895134715925,-31.8,-53.7422528218306));
#18058=CARTESIAN_POINT('Ctrl Pts',(152.847775614411,-32.,-53.6452588428464));
#18059=CARTESIAN_POINT('Ctrl Pts',(152.847775614411,-31.8,-53.6452588428464));
#18060=CARTESIAN_POINT('Ctrl Pts',(152.758950224036,-32.,-53.5837926239959));
#18061=CARTESIAN_POINT('Ctrl Pts',(152.758950224036,-31.8,-53.5837926239959));
#18062=CARTESIAN_POINT('Ctrl Pts',(152.713763145279,-32.,-53.552523649434));
#18063=CARTESIAN_POINT('Ctrl Pts',(152.713763145279,-31.8,-53.552523649434));
#18064=CARTESIAN_POINT('',(152.918401388001,-32.,-53.7899042136468));
#18065=CARTESIAN_POINT('Ctrl Pts',(152.918401388001,-32.,-53.7899042136468));
#18066=CARTESIAN_POINT('Ctrl Pts',(152.895134715925,-32.,-53.7422528218306));
#18067=CARTESIAN_POINT('Ctrl Pts',(152.847775614411,-32.,-53.6452588428464));
#18068=CARTESIAN_POINT('Ctrl Pts',(152.758950224036,-32.,-53.5837926239959));
#18069=CARTESIAN_POINT('Ctrl Pts',(152.713763145279,-32.,-53.552523649434));
#18070=CARTESIAN_POINT('',(152.918401388001,-31.8,-53.7899042136468));
#18071=CARTESIAN_POINT('',(152.918401388001,-32.,-53.7899042136468));
#18072=CARTESIAN_POINT('Ctrl Pts',(152.918401388001,-31.8,-53.7899042136468));
#18073=CARTESIAN_POINT('Ctrl Pts',(152.895134715925,-31.8,-53.7422528218306));
#18074=CARTESIAN_POINT('Ctrl Pts',(152.847775614411,-31.8,-53.6452588428464));
#18075=CARTESIAN_POINT('Ctrl Pts',(152.758950224036,-31.8,-53.5837926239959));
#18076=CARTESIAN_POINT('Ctrl Pts',(152.713763145279,-31.8,-53.552523649434));
#18077=CARTESIAN_POINT('Ctrl Pts',(152.975700525116,-32.,-54.2373804218568));
#18078=CARTESIAN_POINT('Ctrl Pts',(152.975700525116,-31.8,-54.2373804218568));
#18079=CARTESIAN_POINT('Ctrl Pts',(152.975258520794,-32.,-54.1494525365745));
#18080=CARTESIAN_POINT('Ctrl Pts',(152.975258520794,-31.8,-54.1494525365745));
#18081=CARTESIAN_POINT('Ctrl Pts',(152.974495620284,-32.,-53.9976887978836));
#18082=CARTESIAN_POINT('Ctrl Pts',(152.974495620284,-31.8,-53.9976887978836));
#18083=CARTESIAN_POINT('Ctrl Pts',(152.935010061302,-32.,-53.8514261587059));
#18084=CARTESIAN_POINT('Ctrl Pts',(152.935010061302,-31.8,-53.8514261587059));
#18085=CARTESIAN_POINT('Ctrl Pts',(152.918401388001,-32.,-53.7899042136468));
#18086=CARTESIAN_POINT('Ctrl Pts',(152.918401388001,-31.8,-53.7899042136468));
#18087=CARTESIAN_POINT('',(152.975700525116,-32.,-54.2373804218568));
#18088=CARTESIAN_POINT('Ctrl Pts',(152.975700525116,-32.,-54.2373804218568));
#18089=CARTESIAN_POINT('Ctrl Pts',(152.975258520794,-32.,-54.1494525365745));
#18090=CARTESIAN_POINT('Ctrl Pts',(152.974495620284,-32.,-53.9976887978836));
#18091=CARTESIAN_POINT('Ctrl Pts',(152.935010061302,-32.,-53.8514261587059));
#18092=CARTESIAN_POINT('Ctrl Pts',(152.918401388001,-32.,-53.7899042136468));
#18093=CARTESIAN_POINT('',(152.975700525116,-31.8,-54.2373804218568));
#18094=CARTESIAN_POINT('',(152.975700525116,-32.,-54.2373804218568));
#18095=CARTESIAN_POINT('Ctrl Pts',(152.975700525116,-31.8,-54.2373804218568));
#18096=CARTESIAN_POINT('Ctrl Pts',(152.975258520794,-31.8,-54.1494525365745));
#18097=CARTESIAN_POINT('Ctrl Pts',(152.974495620284,-31.8,-53.9976887978836));
#18098=CARTESIAN_POINT('Ctrl Pts',(152.935010061302,-31.8,-53.8514261587059));
#18099=CARTESIAN_POINT('Ctrl Pts',(152.918401388001,-31.8,-53.7899042136468));
#18100=CARTESIAN_POINT('Origin',(152.975700525116,-32.,-55.9999997384347));
#18101=CARTESIAN_POINT('',(152.975700525116,-32.,-55.9999997384347));
#18102=CARTESIAN_POINT('',(152.975700525116,-32.,-64.5624998692157));
#18103=CARTESIAN_POINT('',(152.975700525116,-31.8,-55.9999997384347));
#18104=CARTESIAN_POINT('',(152.975700525116,-32.,-55.9999997384347));
#18105=CARTESIAN_POINT('',(152.975700525116,-31.8,-55.9999997384347));
#18106=CARTESIAN_POINT('Origin',(153.466833261322,-32.,-55.9999997384347));
#18107=CARTESIAN_POINT('',(153.466833261322,-32.,-55.9999997384347));
#18108=CARTESIAN_POINT('',(142.170916630659,-32.,-55.9999997384347));
#18109=CARTESIAN_POINT('',(153.466833261322,-31.8,-55.9999997384347));
#18110=CARTESIAN_POINT('',(153.466833261322,-32.,-55.9999997384347));
#18111=CARTESIAN_POINT('',(153.466833261322,-31.8,-55.9999997384347));
#18112=CARTESIAN_POINT('Origin',(153.466833261322,-32.,-54.2182810075082));
#18113=CARTESIAN_POINT('',(153.466833261322,-32.,-54.2182810075082));
#18114=CARTESIAN_POINT('',(153.466833261322,-32.,-63.6716405037525));
#18115=CARTESIAN_POINT('',(153.466833261322,-31.8,-54.2182810075082));
#18116=CARTESIAN_POINT('',(153.466833261322,-32.,-54.2182810075082));
#18117=CARTESIAN_POINT('',(153.466833261322,-31.8,-54.2182810075082));
#18118=CARTESIAN_POINT('Ctrl Pts',(153.439547447037,-32.,-53.7407911784447));
#18119=CARTESIAN_POINT('Ctrl Pts',(153.439547447037,-31.8,-53.7407911784447));
#18120=CARTESIAN_POINT('Ctrl Pts',(153.447421916985,-32.,-53.8032499356196));
#18121=CARTESIAN_POINT('Ctrl Pts',(153.447421916985,-31.8,-53.8032499356196));
#18122=CARTESIAN_POINT('Ctrl Pts',(153.467397583888,-32.,-53.9616930227849));
#18123=CARTESIAN_POINT('Ctrl Pts',(153.467397583888,-31.8,-53.9616930227849));
#18124=CARTESIAN_POINT('Ctrl Pts',(153.46704615553,-32.,-54.1214815899274));
#18125=CARTESIAN_POINT('Ctrl Pts',(153.46704615553,-31.8,-54.1214815899274));
#18126=CARTESIAN_POINT('Ctrl Pts',(153.466833261322,-32.,-54.2182810075082));
#18127=CARTESIAN_POINT('Ctrl Pts',(153.466833261322,-31.8,-54.2182810075082));
#18128=CARTESIAN_POINT('',(153.439547447037,-32.,-53.7407911784447));
#18129=CARTESIAN_POINT('Ctrl Pts',(153.439547447037,-32.,-53.7407911784447));
#18130=CARTESIAN_POINT('Ctrl Pts',(153.447421916985,-32.,-53.8032499356196));
#18131=CARTESIAN_POINT('Ctrl Pts',(153.467397583888,-32.,-53.9616930227849));
#18132=CARTESIAN_POINT('Ctrl Pts',(153.46704615553,-32.,-54.1214815899274));
#18133=CARTESIAN_POINT('Ctrl Pts',(153.466833261322,-32.,-54.2182810075082));
#18134=CARTESIAN_POINT('',(153.439547447037,-31.8,-53.7407911784447));
#18135=CARTESIAN_POINT('',(153.439547447037,-32.,-53.7407911784447));
#18136=CARTESIAN_POINT('Ctrl Pts',(153.439547447037,-31.8,-53.7407911784447));
#18137=CARTESIAN_POINT('Ctrl Pts',(153.447421916985,-31.8,-53.8032499356196));
#18138=CARTESIAN_POINT('Ctrl Pts',(153.467397583888,-31.8,-53.9616930227849));
#18139=CARTESIAN_POINT('Ctrl Pts',(153.46704615553,-31.8,-54.1214815899274));
#18140=CARTESIAN_POINT('Ctrl Pts',(153.466833261322,-31.8,-54.2182810075082));
#18141=CARTESIAN_POINT('Ctrl Pts',(153.286750940155,-32.,-53.3778987295426));
#18142=CARTESIAN_POINT('Ctrl Pts',(153.286750940155,-31.8,-53.3778987295426));
#18143=CARTESIAN_POINT('Ctrl Pts',(153.320630285241,-32.,-53.4323486793378));
#18144=CARTESIAN_POINT('Ctrl Pts',(153.320630285241,-31.8,-53.4323486793378));
#18145=CARTESIAN_POINT('Ctrl Pts',(153.390803621646,-32.,-53.545129331814));
#18146=CARTESIAN_POINT('Ctrl Pts',(153.390803621646,-31.8,-53.545129331814));
#18147=CARTESIAN_POINT('Ctrl Pts',(153.422931006919,-32.,-53.6740913794083));
#18148=CARTESIAN_POINT('Ctrl Pts',(153.422931006919,-31.8,-53.6740913794083));
#18149=CARTESIAN_POINT('Ctrl Pts',(153.439547447037,-32.,-53.7407911784447));
#18150=CARTESIAN_POINT('Ctrl Pts',(153.439547447037,-31.8,-53.7407911784447));
#18151=CARTESIAN_POINT('',(153.286750940155,-32.,-53.3778987295426));
#18152=CARTESIAN_POINT('Ctrl Pts',(153.286750940155,-32.,-53.3778987295426));
#18153=CARTESIAN_POINT('Ctrl Pts',(153.320630285241,-32.,-53.4323486793378));
#18154=CARTESIAN_POINT('Ctrl Pts',(153.390803621646,-32.,-53.545129331814));
#18155=CARTESIAN_POINT('Ctrl Pts',(153.422931006919,-32.,-53.6740913794083));
#18156=CARTESIAN_POINT('Ctrl Pts',(153.439547447037,-32.,-53.7407911784447));
#18157=CARTESIAN_POINT('',(153.286750940155,-31.8,-53.3778987295426));
#18158=CARTESIAN_POINT('',(153.286750940155,-32.,-53.3778987295426));
#18159=CARTESIAN_POINT('Ctrl Pts',(153.286750940155,-31.8,-53.3778987295426));
#18160=CARTESIAN_POINT('Ctrl Pts',(153.320630285241,-31.8,-53.4323486793378));
#18161=CARTESIAN_POINT('Ctrl Pts',(153.390803621646,-31.8,-53.545129331814));
#18162=CARTESIAN_POINT('Ctrl Pts',(153.422931006919,-31.8,-53.6740913794083));
#18163=CARTESIAN_POINT('Ctrl Pts',(153.439547447037,-31.8,-53.7407911784447));
#18164=CARTESIAN_POINT('Ctrl Pts',(152.956600812744,-32.,-53.1323326594628));
#18165=CARTESIAN_POINT('Ctrl Pts',(152.956600812744,-31.8,-53.1323326594628));
#18166=CARTESIAN_POINT('Ctrl Pts',(153.024238495707,-32.,-53.1639169959381));
#18167=CARTESIAN_POINT('Ctrl Pts',(153.024238495707,-31.8,-53.1639169959381));
#18168=CARTESIAN_POINT('Ctrl Pts',(153.151342953976,-32.,-53.223270152369));
#18169=CARTESIAN_POINT('Ctrl Pts',(153.151342953976,-31.8,-53.223270152369));
#18170=CARTESIAN_POINT('Ctrl Pts',(153.243591680635,-32.,-53.3286131956553));
#18171=CARTESIAN_POINT('Ctrl Pts',(153.243591680635,-31.8,-53.3286131956553));
#18172=CARTESIAN_POINT('Ctrl Pts',(153.286750940155,-32.,-53.3778987295426));
#18173=CARTESIAN_POINT('Ctrl Pts',(153.286750940155,-31.8,-53.3778987295426));
#18174=CARTESIAN_POINT('',(152.956600812744,-32.,-53.1323326594628));
#18175=CARTESIAN_POINT('Ctrl Pts',(152.956600812744,-32.,-53.1323326594628));
#18176=CARTESIAN_POINT('Ctrl Pts',(153.024238495707,-32.,-53.1639169959381));
#18177=CARTESIAN_POINT('Ctrl Pts',(153.151342953976,-32.,-53.223270152369));
#18178=CARTESIAN_POINT('Ctrl Pts',(153.243591680635,-32.,-53.3286131956553));
#18179=CARTESIAN_POINT('Ctrl Pts',(153.286750940155,-32.,-53.3778987295426));
#18180=CARTESIAN_POINT('',(152.956600812744,-31.8,-53.1323326594628));
#18181=CARTESIAN_POINT('',(152.956600812744,-32.,-53.1323326594628));
#18182=CARTESIAN_POINT('Ctrl Pts',(152.956600812744,-31.8,-53.1323326594628));
#18183=CARTESIAN_POINT('Ctrl Pts',(153.024238495707,-31.8,-53.1639169959381));
#18184=CARTESIAN_POINT('Ctrl Pts',(153.151342953976,-31.8,-53.223270152369));
#18185=CARTESIAN_POINT('Ctrl Pts',(153.243591680635,-31.8,-53.3286131956553));
#18186=CARTESIAN_POINT('Ctrl Pts',(153.286750940155,-31.8,-53.3778987295426));
#18187=CARTESIAN_POINT('Ctrl Pts',(152.476382879089,-32.,-53.0368346936501));
#18188=CARTESIAN_POINT('Ctrl Pts',(152.476382879089,-31.8,-53.0368346936501));
#18189=CARTESIAN_POINT('Ctrl Pts',(152.560940663585,-32.,-53.0404101466818));
#18190=CARTESIAN_POINT('Ctrl Pts',(152.560940663585,-31.8,-53.0404101466818));
#18191=CARTESIAN_POINT('Ctrl Pts',(152.726021502544,-32.,-53.0473904476636));
#18192=CARTESIAN_POINT('Ctrl Pts',(152.726021502544,-31.8,-53.0473904476636));
#18193=CARTESIAN_POINT('Ctrl Pts',(152.881003679105,-32.,-53.1044837265666));
#18194=CARTESIAN_POINT('Ctrl Pts',(152.881003679105,-31.8,-53.1044837265666));
#18195=CARTESIAN_POINT('Ctrl Pts',(152.956600812744,-32.,-53.1323326594628));
#18196=CARTESIAN_POINT('Ctrl Pts',(152.956600812744,-31.8,-53.1323326594628));
#18197=CARTESIAN_POINT('',(152.476382879089,-32.,-53.0368346936501));
#18198=CARTESIAN_POINT('Ctrl Pts',(152.476382879089,-32.,-53.0368346936501));
#18199=CARTESIAN_POINT('Ctrl Pts',(152.560940663585,-32.,-53.0404101466818));
#18200=CARTESIAN_POINT('Ctrl Pts',(152.726021502544,-32.,-53.0473904476636));
#18201=CARTESIAN_POINT('Ctrl Pts',(152.881003679105,-32.,-53.1044837265666));
#18202=CARTESIAN_POINT('Ctrl Pts',(152.956600812744,-32.,-53.1323326594628));
#18203=CARTESIAN_POINT('',(152.476382879089,-31.8,-53.0368346936501));
#18204=CARTESIAN_POINT('',(152.476382879089,-32.,-53.0368346936501));
#18205=CARTESIAN_POINT('Ctrl Pts',(152.476382879089,-31.8,-53.0368346936501));
#18206=CARTESIAN_POINT('Ctrl Pts',(152.560940663585,-31.8,-53.0404101466818));
#18207=CARTESIAN_POINT('Ctrl Pts',(152.726021502544,-31.8,-53.0473904476636));
#18208=CARTESIAN_POINT('Ctrl Pts',(152.881003679105,-31.8,-53.1044837265666));
#18209=CARTESIAN_POINT('Ctrl Pts',(152.956600812744,-31.8,-53.1323326594628));
#18210=CARTESIAN_POINT('Ctrl Pts',(151.554145244431,-32.,-53.5143245227135));
#18211=CARTESIAN_POINT('Ctrl Pts',(151.554145244431,-31.8,-53.5143245227135));
#18212=CARTESIAN_POINT('Ctrl Pts',(151.673809603453,-32.,-53.3750649974684));
#18213=CARTESIAN_POINT('Ctrl Pts',(151.673809603453,-31.8,-53.3750649974684));
#18214=CARTESIAN_POINT('Ctrl Pts',(151.916680345773,-32.,-53.0924239124565));
#18215=CARTESIAN_POINT('Ctrl Pts',(151.916680345773,-31.8,-53.0924239124565));
#18216=CARTESIAN_POINT('Ctrl Pts',(152.288010211073,-32.,-53.0555437200278));
#18217=CARTESIAN_POINT('Ctrl Pts',(152.288010211073,-31.8,-53.0555437200278));
#18218=CARTESIAN_POINT('Ctrl Pts',(152.476382879089,-32.,-53.0368346936501));
#18219=CARTESIAN_POINT('Ctrl Pts',(152.476382879089,-31.8,-53.0368346936501));
#18220=CARTESIAN_POINT('',(151.554145244431,-32.,-53.5143245227135));
#18221=CARTESIAN_POINT('Ctrl Pts',(151.554145244431,-32.,-53.5143245227135));
#18222=CARTESIAN_POINT('Ctrl Pts',(151.673809603453,-32.,-53.3750649974684));
#18223=CARTESIAN_POINT('Ctrl Pts',(151.916680345773,-32.,-53.0924239124565));
#18224=CARTESIAN_POINT('Ctrl Pts',(152.288010211073,-32.,-53.0555437200278));
#18225=CARTESIAN_POINT('Ctrl Pts',(152.476382879089,-32.,-53.0368346936501));
#18226=CARTESIAN_POINT('',(151.554145244431,-31.8,-53.5143245227135));
#18227=CARTESIAN_POINT('',(151.554145244431,-32.,-53.5143245227135));
#18228=CARTESIAN_POINT('Ctrl Pts',(151.554145244431,-31.8,-53.5143245227135));
#18229=CARTESIAN_POINT('Ctrl Pts',(151.673809603453,-31.8,-53.3750649974684));
#18230=CARTESIAN_POINT('Ctrl Pts',(151.916680345773,-31.8,-53.0924239124565));
#18231=CARTESIAN_POINT('Ctrl Pts',(152.288010211073,-31.8,-53.0555437200278));
#18232=CARTESIAN_POINT('Ctrl Pts',(152.476382879089,-31.8,-53.0368346936501));
#18233=CARTESIAN_POINT('Origin',(151.554145244431,-32.,-53.1023190386094));
#18234=CARTESIAN_POINT('',(151.554145244431,-32.,-53.1023190386094));
#18235=CARTESIAN_POINT('',(151.554145244431,-32.,-63.1136595193031));
#18236=CARTESIAN_POINT('',(151.554145244431,-31.8,-53.1023190386094));
#18237=CARTESIAN_POINT('',(151.554145244431,-32.,-53.1023190386094));
#18238=CARTESIAN_POINT('',(151.554145244431,-31.8,-53.1023190386094));
#18239=CARTESIAN_POINT('Origin',(151.112126735519,-32.,-53.1023190386094));
#18240=CARTESIAN_POINT('',(151.112126735519,-32.,-53.1023190386094));
#18241=CARTESIAN_POINT('',(140.993563367757,-32.,-53.1023190386094));
#18242=CARTESIAN_POINT('',(151.112126735519,-31.8,-53.1023190386094));
#18243=CARTESIAN_POINT('',(151.112126735519,-32.,-53.1023190386094));
#18244=CARTESIAN_POINT('',(151.112126735519,-31.8,-53.1023190386094));
#18245=CARTESIAN_POINT('Origin',(151.112126735519,-32.,-55.9999997384347));
#18246=CARTESIAN_POINT('',(151.112126735519,-32.,-55.9999997384347));
#18247=CARTESIAN_POINT('',(151.112126735519,-32.,-64.5624998692157));
#18248=CARTESIAN_POINT('',(151.112126735519,-31.8,-55.9999997384347));
#18249=CARTESIAN_POINT('',(151.112126735519,-32.,-55.9999997384347));
#18250=CARTESIAN_POINT('',(151.112126735519,-31.8,-55.9999997384347));
#18251=CARTESIAN_POINT('Origin',(151.603258279633,-32.,-55.9999997384347));
#18252=CARTESIAN_POINT('',(141.239129139814,-32.,-55.9999997384347));
#18253=CARTESIAN_POINT('',(151.603258279633,-31.8,-55.9999997384347));
#18254=CARTESIAN_POINT('Origin',(148.746505965959,-31.8,-57.1555250353612));
#18255=CARTESIAN_POINT('Origin',(150.364514616798,-32.,-53.1023190386094));
#18256=CARTESIAN_POINT('',(150.364514616798,-32.,-53.1023190386094));
#18257=CARTESIAN_POINT('',(150.364514616798,-32.,-55.9999997384347));
#18258=CARTESIAN_POINT('',(150.364514616798,-32.,-63.1136595193031));
#18259=CARTESIAN_POINT('',(150.364514616798,-31.8,-53.1023190386094));
#18260=CARTESIAN_POINT('',(150.364514616798,-32.,-53.1023190386094));
#18261=CARTESIAN_POINT('',(150.364514616798,-31.8,-55.9999997384347));
#18262=CARTESIAN_POINT('',(150.364514616798,-31.8,-53.1023190386094));
#18263=CARTESIAN_POINT('',(150.364514616798,-32.,-55.9999997384347));
#18264=CARTESIAN_POINT('Origin',(149.873382476639,-32.,-53.1023190386094));
#18265=CARTESIAN_POINT('',(149.873382476639,-32.,-53.1023190386094));
#18266=CARTESIAN_POINT('',(140.374191238317,-32.,-53.1023190386094));
#18267=CARTESIAN_POINT('',(149.873382476639,-31.8,-53.1023190386094));
#18268=CARTESIAN_POINT('',(149.873382476639,-32.,-53.1023190386094));
#18269=CARTESIAN_POINT('',(149.873382476639,-31.8,-53.1023190386094));
#18270=CARTESIAN_POINT('Origin',(149.873382476639,-32.,-55.9999997384347));
#18271=CARTESIAN_POINT('',(149.873382476639,-32.,-55.9999997384347));
#18272=CARTESIAN_POINT('',(149.873382476639,-32.,-64.5624998692157));
#18273=CARTESIAN_POINT('',(149.873382476639,-31.8,-55.9999997384347));
#18274=CARTESIAN_POINT('',(149.873382476639,-32.,-55.9999997384347));
#18275=CARTESIAN_POINT('',(149.873382476639,-31.8,-55.9999997384347));
#18276=CARTESIAN_POINT('Origin',(150.364514616798,-32.,-55.9999997384347));
#18277=CARTESIAN_POINT('',(140.619757308397,-32.,-55.9999997384347));
#18278=CARTESIAN_POINT('',(150.364514616798,-31.8,-55.9999997384347));
#18279=CARTESIAN_POINT('Origin',(148.746505965959,-31.8,-57.1555250353612));
#18280=CARTESIAN_POINT('Origin',(147.570517686676,-32.,-54.8512957460679));
#18281=CARTESIAN_POINT('',(147.570517686676,-32.,-54.8512957460679));
#18282=CARTESIAN_POINT('',(147.570517686676,-32.,-55.9999997384347));
#18283=CARTESIAN_POINT('',(147.570517686676,-32.,-63.9881478730323));
#18284=CARTESIAN_POINT('',(147.570517686676,-31.8,-54.8512957460679));
#18285=CARTESIAN_POINT('',(147.570517686676,-32.,-54.8512957460679));
#18286=CARTESIAN_POINT('',(147.570517686676,-31.8,-55.9999997384347));
#18287=CARTESIAN_POINT('',(147.570517686676,-31.8,-54.8512957460679));
#18288=CARTESIAN_POINT('',(147.570517686676,-32.,-55.9999997384347));
#18289=CARTESIAN_POINT('Origin',(147.917038825821,-32.,-54.5184172160424));
#18290=CARTESIAN_POINT('',(147.917038825821,-32.,-54.5184172160424));
#18291=CARTESIAN_POINT('',(138.837596790791,-32.,-63.2403997350037));
#18292=CARTESIAN_POINT('',(147.917038825821,-31.8,-54.5184172160424));
#18293=CARTESIAN_POINT('',(147.917038825821,-32.,-54.5184172160424));
#18294=CARTESIAN_POINT('',(147.917038825821,-31.8,-54.5184172160424));
#18295=CARTESIAN_POINT('Origin',(148.874746588539,-32.,-55.9999997384347));
#18296=CARTESIAN_POINT('',(148.874746588539,-32.,-55.9999997384347));
#18297=CARTESIAN_POINT('',(150.126174541923,-32.,-57.9359700374582));
#18298=CARTESIAN_POINT('',(148.874746588539,-31.8,-55.9999997384347));
#18299=CARTESIAN_POINT('',(148.874746588539,-32.,-55.9999997384347));
#18300=CARTESIAN_POINT('',(148.874746588539,-31.8,-55.9999997384347));
#18301=CARTESIAN_POINT('Origin',(149.480476406883,-32.,-55.9999997384347));
#18302=CARTESIAN_POINT('',(149.480476406883,-32.,-55.9999997384347));
#18303=CARTESIAN_POINT('',(140.177738203439,-32.,-55.9999997384347));
#18304=CARTESIAN_POINT('',(149.480476406883,-31.8,-55.9999997384347));
#18305=CARTESIAN_POINT('',(149.480476406883,-32.,-55.9999997384347));
#18306=CARTESIAN_POINT('',(149.480476406883,-31.8,-55.9999997384347));
#18307=CARTESIAN_POINT('Origin',(148.260831264328,-32.,-54.1773531801499));
#18308=CARTESIAN_POINT('',(148.260831264328,-32.,-54.1773531801499));
#18309=CARTESIAN_POINT('',(149.95102833886,-32.,-56.7031959628006));
#18310=CARTESIAN_POINT('',(148.260831264328,-31.8,-54.1773531801499));
#18311=CARTESIAN_POINT('',(148.260831264328,-32.,-54.1773531801499));
#18312=CARTESIAN_POINT('',(148.260831264328,-31.8,-54.1773531801499));
#18313=CARTESIAN_POINT('Origin',(149.368607429337,-32.,-53.1023190386094));
#18314=CARTESIAN_POINT('',(149.368607429337,-32.,-53.1023190386094));
#18315=CARTESIAN_POINT('',(139.603117058858,-32.,-62.579175364606));
#18316=CARTESIAN_POINT('',(149.368607429337,-31.8,-53.1023190386094));
#18317=CARTESIAN_POINT('',(149.368607429337,-32.,-53.1023190386094));
#18318=CARTESIAN_POINT('',(149.368607429337,-31.8,-53.1023190386094));
#18319=CARTESIAN_POINT('Origin',(148.732864288162,-32.,-53.1023190386094));
#18320=CARTESIAN_POINT('',(148.732864288162,-32.,-53.1023190386094));
#18321=CARTESIAN_POINT('',(139.803932144079,-32.,-53.1023190386094));
#18322=CARTESIAN_POINT('',(148.732864288162,-31.8,-53.1023190386094));
#18323=CARTESIAN_POINT('',(148.732864288162,-32.,-53.1023190386094));
#18324=CARTESIAN_POINT('',(148.732864288162,-31.8,-53.1023190386094));
#18325=CARTESIAN_POINT('Origin',(147.570517686676,-32.,-54.2810366518296));
#18326=CARTESIAN_POINT('',(147.570517686676,-32.,-54.2810366518296));
#18327=CARTESIAN_POINT('',(138.744481000439,-32.,-63.2313832039623));
#18328=CARTESIAN_POINT('',(147.570517686676,-31.8,-54.2810366518296));
#18329=CARTESIAN_POINT('',(147.570517686676,-32.,-54.2810366518296));
#18330=CARTESIAN_POINT('',(147.570517686676,-31.8,-54.2810366518296));
#18331=CARTESIAN_POINT('Origin',(147.570517686676,-32.,-51.99999967883));
#18332=CARTESIAN_POINT('',(147.570517686676,-32.,-51.99999967883));
#18333=CARTESIAN_POINT('',(147.570517686676,-32.,-62.5624998394134));
#18334=CARTESIAN_POINT('',(147.570517686676,-31.8,-51.99999967883));
#18335=CARTESIAN_POINT('',(147.570517686676,-32.,-51.99999967883));
#18336=CARTESIAN_POINT('',(147.570517686676,-31.8,-51.99999967883));
#18337=CARTESIAN_POINT('Origin',(147.079385546517,-32.,-51.99999967883));
#18338=CARTESIAN_POINT('',(147.079385546517,-32.,-51.99999967883));
#18339=CARTESIAN_POINT('',(138.977192773256,-32.,-51.99999967883));
#18340=CARTESIAN_POINT('',(147.079385546517,-31.8,-51.99999967883));
#18341=CARTESIAN_POINT('',(147.079385546517,-32.,-51.99999967883));
#18342=CARTESIAN_POINT('',(147.079385546517,-31.8,-51.99999967883));
#18343=CARTESIAN_POINT('Origin',(147.079385546517,-32.,-55.9999997384347));
#18344=CARTESIAN_POINT('',(147.079385546517,-32.,-55.9999997384347));
#18345=CARTESIAN_POINT('',(147.079385546516,-32.,-64.5624998692157));
#18346=CARTESIAN_POINT('',(147.079385546517,-31.8,-55.9999997384347));
#18347=CARTESIAN_POINT('',(147.079385546517,-32.,-55.9999997384347));
#18348=CARTESIAN_POINT('',(147.079385546517,-31.8,-55.9999997384347));
#18349=CARTESIAN_POINT('Origin',(147.570517686676,-32.,-55.9999997384347));
#18350=CARTESIAN_POINT('',(139.222758843336,-32.,-55.9999997384347));
#18351=CARTESIAN_POINT('',(147.570517686676,-31.8,-55.9999997384347));
#18352=CARTESIAN_POINT('Origin',(148.746505965959,-31.8,-57.1555250353612));
#18353=CARTESIAN_POINT('Origin',(143.401349512409,-32.,-55.5279670126237));
#18354=CARTESIAN_POINT('',(143.401349512409,-32.,-55.5279670126237));
#18355=CARTESIAN_POINT('',(143.401349512409,-32.,-55.9999997384347));
#18356=CARTESIAN_POINT('',(143.401349512409,-32.,-64.3264835063102));
#18357=CARTESIAN_POINT('',(143.401349512409,-31.8,-55.5279670126237));
#18358=CARTESIAN_POINT('',(143.401349512409,-32.,-55.5279670126237));
#18359=CARTESIAN_POINT('',(143.401349512409,-31.8,-55.9999997384347));
#18360=CARTESIAN_POINT('',(143.401349512409,-31.8,-55.5279670126237));
#18361=CARTESIAN_POINT('',(143.401349512409,-32.,-55.9999997384347));
#18362=CARTESIAN_POINT('Origin',(141.431363028955,-32.,-55.5279670126237));
#18363=CARTESIAN_POINT('',(141.431363028955,-32.,-55.5279670126237));
#18364=CARTESIAN_POINT('',(136.153181514475,-32.,-55.5279670126237));
#18365=CARTESIAN_POINT('',(141.431363028955,-31.8,-55.5279670126237));
#18366=CARTESIAN_POINT('',(141.431363028955,-32.,-55.5279670126237));
#18367=CARTESIAN_POINT('',(141.431363028955,-31.8,-55.5279670126237));
#18368=CARTESIAN_POINT('Origin',(141.431363028955,-32.,-51.99999967883));
#18369=CARTESIAN_POINT('',(141.431363028955,-32.,-51.99999967883));
#18370=CARTESIAN_POINT('',(141.431363028955,-32.,-62.5624998394134));
#18371=CARTESIAN_POINT('',(141.431363028955,-31.8,-51.99999967883));
#18372=CARTESIAN_POINT('',(141.431363028955,-32.,-51.99999967883));
#18373=CARTESIAN_POINT('',(141.431363028955,-31.8,-51.99999967883));
#18374=CARTESIAN_POINT('Origin',(140.902031538557,-32.,-51.99999967883));
#18375=CARTESIAN_POINT('',(140.902031538557,-32.,-51.99999967883));
#18376=CARTESIAN_POINT('',(135.888515769276,-32.,-51.99999967883));
#18377=CARTESIAN_POINT('',(140.902031538557,-31.8,-51.99999967883));
#18378=CARTESIAN_POINT('',(140.902031538557,-32.,-51.99999967883));
#18379=CARTESIAN_POINT('',(140.902031538557,-31.8,-51.99999967883));
#18380=CARTESIAN_POINT('Origin',(140.902031538557,-32.,-55.9999997384347));
#18381=CARTESIAN_POINT('',(140.902031538557,-32.,-55.9999997384347));
#18382=CARTESIAN_POINT('',(140.902031538557,-32.,-64.5624998692157));
#18383=CARTESIAN_POINT('',(140.902031538557,-31.8,-55.9999997384347));
#18384=CARTESIAN_POINT('',(140.902031538557,-32.,-55.9999997384347));
#18385=CARTESIAN_POINT('',(140.902031538557,-31.8,-55.9999997384347));
#18386=CARTESIAN_POINT('Origin',(143.401349512409,-32.,-55.9999997384347));
#18387=CARTESIAN_POINT('',(137.138174756202,-32.,-55.9999997384347));
#18388=CARTESIAN_POINT('',(143.401349512409,-31.8,-55.9999997384347));
#18389=CARTESIAN_POINT('Origin',(148.746505965959,-31.8,-57.1555250353612));
#18390=CARTESIAN_POINT('Origin',(130.874999999995,-32.,-73.1249999999968));
#18391=CARTESIAN_POINT('',(90.4999999999956,-32.,-94.250004877532));
#18392=CARTESIAN_POINT('',(104.499976643732,-32.,-108.249999999999));
#18393=CARTESIAN_POINT('Origin',(104.49999967883,-32.,-94.2500003211601));
#18394=CARTESIAN_POINT('',(157.250000884098,-32.,-108.249999999996));
#18395=CARTESIAN_POINT('',(157.250000884098,-32.,-108.249999999996));
#18396=CARTESIAN_POINT('',(171.249999999992,-32.,-94.2500100366741));
#18397=CARTESIAN_POINT('Origin',(157.25000032116,-32.,-94.2500003211601));
#18398=CARTESIAN_POINT('',(171.249999999993,-32.,-52.0000072851973));
#18399=CARTESIAN_POINT('',(171.249999999993,-32.,-52.0000072851973));
#18400=CARTESIAN_POINT('',(157.249986253698,-32.,-37.999999999998));
#18401=CARTESIAN_POINT('Origin',(157.25000032116,-32.,-51.99999967883));
#18402=CARTESIAN_POINT('',(104.500008393913,-32.,-37.999999999998));
#18403=CARTESIAN_POINT('',(104.500008393913,-32.,-37.999999999998));
#18404=CARTESIAN_POINT('',(90.5000000000005,-32.,-52.0000257914145));
#18405=CARTESIAN_POINT('Origin',(104.49999967883,-32.,-51.99999967883));
#18406=CARTESIAN_POINT('',(90.4999999999956,-32.,-94.250004877532));
#18407=CARTESIAN_POINT('',(100.566482915595,-32.,-62.4467154248611));
#18408=CARTESIAN_POINT('Origin',(115.751090956997,-32.,-62.4467154248611));
#18409=CARTESIAN_POINT('',(138.46969384567,-32.,-94.8574999999991));
#18410=CARTESIAN_POINT('',(135.530306154331,-32.,-94.8575000000001));
#18411=CARTESIAN_POINT('',(134.672346922836,-32.,-94.8575000000004));
#18412=CARTESIAN_POINT('Origin',(137.,-32.,-92.3575000000001));
#18413=CARTESIAN_POINT('',(118.037769533778,-32.,-86.1065902470832));
#18414=CARTESIAN_POINT('',(128.661422437452,-32.,-86.0139391964038));
#18415=CARTESIAN_POINT('Origin',(123.35,-32.,-86.1065902470833));
#18416=CARTESIAN_POINT('',(127.661574544702,-32.,-86.0313802790655));
#18417=CARTESIAN_POINT('Origin',(128.161498491077,-32.,-86.0226597377347));
#18418=CARTESIAN_POINT('',(119.037769533778,-32.,-86.1065902470832));
#18419=CARTESIAN_POINT('Origin',(123.35,-32.,-86.1065902470833));
#18420=CARTESIAN_POINT('Origin',(118.537769533778,-32.,-86.1065902470832));
#18421=CARTESIAN_POINT('',(97.2379488770047,-32.,-45.7283081646836));
#18422=CARTESIAN_POINT('Origin',(98.9879488770047,-32.,-45.7283081646836));
#18423=CARTESIAN_POINT('',(97.2379488770047,-32.,-100.728308164684));
#18424=CARTESIAN_POINT('Origin',(98.9879488770047,-32.,-100.728308164684));
#18425=CARTESIAN_POINT('',(161.237948877005,-32.,-45.7283081646836));
#18426=CARTESIAN_POINT('Origin',(162.987948877005,-32.,-45.7283081646836));
#18427=CARTESIAN_POINT('',(160.737948877005,-32.,-100.728308164684));
#18428=CARTESIAN_POINT('Origin',(162.487948877005,-32.,-100.728308164684));
#18429=CARTESIAN_POINT('Origin',(130.874999999995,-32.,-73.1249999999968));
#18430=CARTESIAN_POINT('Origin',(115.751090956997,-32.,-62.4467154248611));
#18431=CARTESIAN_POINT('',(100.566482915595,-30.,-62.4467154248611));
#18432=CARTESIAN_POINT('',(100.566482915595,-32.,-62.4467154248611));
#18433=CARTESIAN_POINT('Origin',(115.751090956997,-30.,-62.4467154248611));
#18434=CARTESIAN_POINT('Origin',(138.46969384567,-32.,-94.8574999999991));
#18435=CARTESIAN_POINT('',(138.46969384567,-30.,-94.8574999999991));
#18436=CARTESIAN_POINT('',(138.46969384567,-32.,-94.8574999999991));
#18437=CARTESIAN_POINT('',(135.530306154331,-30.,-94.8575000000001));
#18438=CARTESIAN_POINT('',(134.672346922836,-30.,-94.8575000000004));
#18439=CARTESIAN_POINT('',(135.530306154331,-32.,-94.8575000000001));
#18440=CARTESIAN_POINT('Origin',(137.,-32.,-92.3575000000001));
#18441=CARTESIAN_POINT('Origin',(137.,-30.,-92.3575000000001));
#18442=CARTESIAN_POINT('Origin',(123.35,-30.,-92.2500000000001));
#18443=CARTESIAN_POINT('',(124.35,-28.,-92.2500000000001));
#18444=CARTESIAN_POINT('Origin',(123.35,-28.,-92.2500000000001));
#18445=CARTESIAN_POINT('',(124.35,-30.,-92.2500000000001));
#18446=CARTESIAN_POINT('',(124.35,-30.,-92.2500000000001));
#18447=CARTESIAN_POINT('Origin',(123.35,-30.,-92.2500000000001));
#18448=CARTESIAN_POINT('Origin',(123.35,-28.,-92.2500000000001));
#18449=CARTESIAN_POINT('Origin',(123.35,-32.,-86.1065902470833));
#18450=CARTESIAN_POINT('',(118.037769533778,-30.,-86.1065902470832));
#18451=CARTESIAN_POINT('',(118.037769533778,-32.,-86.1065902470832));
#18452=CARTESIAN_POINT('',(128.661422437452,-30.,-86.0139391964038));
#18453=CARTESIAN_POINT('Origin',(123.35,-30.,-86.1065902470833));
#18454=CARTESIAN_POINT('',(128.661422437452,-32.,-86.0139391964038));
#18455=CARTESIAN_POINT('Origin',(118.537769533778,-32.,-86.1065902470832));
#18456=CARTESIAN_POINT('',(119.037769533778,-30.,-86.1065902470832));
#18457=CARTESIAN_POINT('',(119.037769533778,-32.,-86.1065902470832));
#18458=CARTESIAN_POINT('Origin',(118.537769533778,-30.,-86.1065902470832));
#18459=CARTESIAN_POINT('Origin',(123.35,-32.,-86.1065902470833));
#18460=CARTESIAN_POINT('',(127.661574544702,-30.,-86.0313802790655));
#18461=CARTESIAN_POINT('',(127.661574544702,-32.,-86.0313802790655));
#18462=CARTESIAN_POINT('Origin',(123.35,-30.,-86.1065902470833));
#18463=CARTESIAN_POINT('Origin',(128.161498491077,-32.,-86.0226597377347));
#18464=CARTESIAN_POINT('Origin',(128.161498491077,-30.,-86.0226597377347));
#18465=CARTESIAN_POINT('Origin',(98.9879488770047,-32.,-45.7283081646836));
#18466=CARTESIAN_POINT('',(97.2379488770047,-30.,-45.7283081646836));
#18467=CARTESIAN_POINT('',(97.2379488770047,-32.,-45.7283081646836));
#18468=CARTESIAN_POINT('Origin',(98.9879488770047,-30.,-45.7283081646836));
#18469=CARTESIAN_POINT('Origin',(98.9879488770047,-32.,-100.728308164684));
#18470=CARTESIAN_POINT('',(97.2379488770047,-30.,-100.728308164684));
#18471=CARTESIAN_POINT('',(97.2379488770047,-32.,-100.728308164684));
#18472=CARTESIAN_POINT('Origin',(98.9879488770047,-30.,-100.728308164684));
#18473=CARTESIAN_POINT('Origin',(162.987948877005,-32.,-45.7283081646836));
#18474=CARTESIAN_POINT('',(161.237948877005,-30.,-45.7283081646836));
#18475=CARTESIAN_POINT('',(161.237948877005,-32.,-45.7283081646836));
#18476=CARTESIAN_POINT('Origin',(162.987948877005,-30.,-45.7283081646836));
#18477=CARTESIAN_POINT('Origin',(162.487948877005,-32.,-100.728308164684));
#18478=CARTESIAN_POINT('',(160.737948877005,-30.,-100.728308164684));
#18479=CARTESIAN_POINT('',(160.737948877005,-32.,-100.728308164684));
#18480=CARTESIAN_POINT('Origin',(162.487948877005,-30.,-100.728308164684));
#18481=CARTESIAN_POINT('Origin',(90.5000000000005,-30.,-52.0000257914145));
#18482=CARTESIAN_POINT('',(90.4999999999956,-30.,-94.250004877532));
#18483=CARTESIAN_POINT('',(90.5000000000005,-30.,-52.0000257914145));
#18484=CARTESIAN_POINT('',(90.4999999999956,-30.,-94.250004877532));
#18485=CARTESIAN_POINT('',(90.4999999999956,-30.,-94.250004877532));
#18486=CARTESIAN_POINT('',(90.5000000000005,-30.,-52.0000257914145));
#18487=CARTESIAN_POINT('Origin',(104.49999967883,-30.,-51.99999967883));
#18488=CARTESIAN_POINT('',(104.500008393913,-30.,-37.999999999998));
#18489=CARTESIAN_POINT('Origin',(104.49999967883,-30.,-51.99999967883));
#18490=CARTESIAN_POINT('',(104.500008393913,-30.,-37.999999999998));
#18491=CARTESIAN_POINT('Origin',(157.249986253698,-30.,-37.999999999998));
#18492=CARTESIAN_POINT('',(157.249986253698,-30.,-37.999999999998));
#18493=CARTESIAN_POINT('',(104.500008393913,-30.,-37.999999999998));
#18494=CARTESIAN_POINT('',(157.249986253698,-30.,-37.999999999998));
#18495=CARTESIAN_POINT('Origin',(157.25000032116,-30.,-51.99999967883));
#18496=CARTESIAN_POINT('',(171.249999999993,-30.,-52.0000072851973));
#18497=CARTESIAN_POINT('Origin',(157.25000032116,-30.,-51.99999967883));
#18498=CARTESIAN_POINT('',(171.249999999993,-30.,-52.0000072851973));
#18499=CARTESIAN_POINT('Origin',(171.249999999995,-30.,-94.2500100366741));
#18500=CARTESIAN_POINT('',(171.249999999992,-30.,-94.2500100366741));
#18501=CARTESIAN_POINT('',(171.249999999993,-30.,-52.0000072851973));
#18502=CARTESIAN_POINT('',(171.249999999992,-30.,-94.2500100366741));
#18503=CARTESIAN_POINT('Origin',(157.25000032116,-30.,-94.2500003211601));
#18504=CARTESIAN_POINT('',(157.250000884098,-30.,-108.249999999996));
#18505=CARTESIAN_POINT('Origin',(157.25000032116,-30.,-94.2500003211601));
#18506=CARTESIAN_POINT('',(157.250000884098,-30.,-108.249999999996));
#18507=CARTESIAN_POINT('Origin',(104.499976643732,-30.,-108.249999999999));
#18508=CARTESIAN_POINT('',(104.499976643732,-30.,-108.249999999999));
#18509=CARTESIAN_POINT('',(157.250000884098,-30.,-108.249999999996));
#18510=CARTESIAN_POINT('',(104.499976643732,-30.,-108.249999999999));
#18511=CARTESIAN_POINT('Origin',(104.49999967883,-30.,-94.2500003211601));
#18512=CARTESIAN_POINT('Origin',(104.49999967883,-30.,-94.2500003211601));
#18513=CARTESIAN_POINT('Origin',(130.874999999995,-32.,-73.1249999999968));
#18514=CARTESIAN_POINT('Origin',(130.874999999995,-30.,-73.1249999999968));
#18515=CARTESIAN_POINT('Origin',(171.249999999994,-21.4753249235998,-73.272000274187));
#18516=CARTESIAN_POINT('',(169.249999999994,-17.3827362959952,-73.272000274187));
#18517=CARTESIAN_POINT('',(169.249999999994,-21.4753249235998,-73.272000274187));
#18518=CARTESIAN_POINT('',(169.249999999994,-10.7376624617999,-73.272000274187));
#18519=CARTESIAN_POINT('',(171.249999999994,-17.3827362959952,-73.272000274187));
#18520=CARTESIAN_POINT('',(171.249999999994,-17.3827362959952,-73.272000274187));
#18521=CARTESIAN_POINT('',(171.249999999994,-21.4753249235998,-73.272000274187));
#18522=CARTESIAN_POINT('',(171.249999999994,-10.7376624617999,-73.272000274187));
#18523=CARTESIAN_POINT('',(171.249999999994,-21.4753249235998,-73.272000274187));
#18524=CARTESIAN_POINT('Origin',(171.249999999994,-21.4753249235998,-81.1540228162404));
#18525=CARTESIAN_POINT('',(169.249999999994,-21.4753249235998,-81.1540228162404));
#18526=CARTESIAN_POINT('',(169.249999999994,-21.4753249235998,-66.5770114723542));
#18527=CARTESIAN_POINT('',(171.249999999994,-21.4753249235998,-81.1540228162404));
#18528=CARTESIAN_POINT('',(171.249999999994,-21.4753249235998,-66.5770150507189));
#18529=CARTESIAN_POINT('',(171.249999999994,-21.4753249235998,-81.1540228162404));
#18530=CARTESIAN_POINT('Origin',(171.249999999994,-17.3827362959952,-81.1540228162404));
#18531=CARTESIAN_POINT('',(169.249999999994,-17.3827362959952,-81.1540228162404));
#18532=CARTESIAN_POINT('',(169.249999999994,-8.6913681479976,-81.1540228162404));
#18533=CARTESIAN_POINT('',(171.249999999994,-17.3827362959952,-81.1540228162404));
#18534=CARTESIAN_POINT('',(171.249999999994,-8.6913681479976,-81.1540228162404));
#18535=CARTESIAN_POINT('',(171.249999999994,-17.3827362959952,-81.1540228162404));
#18536=CARTESIAN_POINT('Origin',(171.249999999994,-17.3827362959952,-73.272000274187));
#18537=CARTESIAN_POINT('',(169.249999999994,-17.3827362959952,-62.6360002013275));
#18538=CARTESIAN_POINT('',(171.249999999993,-17.3827362959952,-62.6360037796922));
#18539=CARTESIAN_POINT('Origin',(98.8727141088452,-30.,-100.820776742749));
#18540=CARTESIAN_POINT('',(97.3727141088452,-30.,-100.820776742749));
#18541=CARTESIAN_POINT('Origin',(98.8727141088452,-30.,-100.820776742749));
#18542=CARTESIAN_POINT('',(97.3727141088452,-20.,-100.820776742749));
#18543=CARTESIAN_POINT('',(97.3727141088452,-30.,-100.820776742749));
#18544=CARTESIAN_POINT('Origin',(98.8727141088452,-20.,-100.820776742749));
#18545=CARTESIAN_POINT('Origin',(98.8727141088452,-20.,-100.820776742749));
#18546=CARTESIAN_POINT('Origin',(162.72828775999,-30.,-100.870798158264));
#18547=CARTESIAN_POINT('',(161.22828775999,-30.,-100.870798158264));
#18548=CARTESIAN_POINT('Origin',(162.72828775999,-30.,-100.870798158264));
#18549=CARTESIAN_POINT('',(161.22828775999,-20.,-100.870798158264));
#18550=CARTESIAN_POINT('',(161.22828775999,-30.,-100.870798158264));
#18551=CARTESIAN_POINT('Origin',(162.72828775999,-20.,-100.870798158264));
#18552=CARTESIAN_POINT('Origin',(162.72828775999,-20.,-100.870798158264));
#18553=CARTESIAN_POINT('Origin',(99.0039056317662,-30.,-45.7807080536107));
#18554=CARTESIAN_POINT('',(97.5039056317662,-30.,-45.7807080536107));
#18555=CARTESIAN_POINT('Origin',(99.0039056317662,-30.,-45.7807080536107));
#18556=CARTESIAN_POINT('',(97.5039056317662,-20.,-45.7807080536107));
#18557=CARTESIAN_POINT('',(97.5039056317662,-30.,-45.7807080536107));
#18558=CARTESIAN_POINT('Origin',(99.0039056317662,-20.,-45.7807080536107));
#18559=CARTESIAN_POINT('Origin',(99.0039056317662,-20.,-45.7807080536107));
#18560=CARTESIAN_POINT('Origin',(162.987948877005,-30.,-45.7283081646837));
#18561=CARTESIAN_POINT('',(161.487948877005,-30.,-45.7283081646837));
#18562=CARTESIAN_POINT('Origin',(162.987948877005,-30.,-45.7283081646837));
#18563=CARTESIAN_POINT('',(161.487948877005,-20.,-45.7283081646837));
#18564=CARTESIAN_POINT('',(161.487948877005,-30.,-45.7283081646837));
#18565=CARTESIAN_POINT('Origin',(162.987948877005,-20.,-45.7283081646837));
#18566=CARTESIAN_POINT('Origin',(162.987948877005,-20.,-45.7283081646837));
#18567=CARTESIAN_POINT('Origin',(162.487948877005,-1.81725191303451E-14,
-100.728308164684));
#18568=CARTESIAN_POINT('',(165.487948877005,-30.,-100.728308164684));
#18569=CARTESIAN_POINT('Origin',(162.487948877005,-30.,-100.728308164684));
#18570=CARTESIAN_POINT('',(165.487948877005,-1.81725191303451E-14,-100.728308164684));
#18571=CARTESIAN_POINT('',(165.487948877005,-1.81725191303451E-14,-100.728308164684));
#18572=CARTESIAN_POINT('Origin',(162.487948877005,-1.32480834477406E-14,
-100.728308164684));
#18573=CARTESIAN_POINT('Origin',(130.987948877005,-30.,-73.2283081646836));
#18574=CARTESIAN_POINT('Origin',(162.987948877005,-8.24990084775777E-15,
-45.7283081646837));
#18575=CARTESIAN_POINT('',(165.987948877005,-30.,-45.7283081646836));
#18576=CARTESIAN_POINT('Origin',(162.987948877005,-30.,-45.7283081646836));
#18577=CARTESIAN_POINT('',(165.987948877005,-8.24990084775777E-15,-45.7283081646837));
#18578=CARTESIAN_POINT('',(165.987948877005,-8.24990084775777E-15,-45.7283081646837));
#18579=CARTESIAN_POINT('Origin',(162.987948877005,-5.87440149037954E-15,
-45.7283081646837));
#18580=CARTESIAN_POINT('Origin',(130.987948877005,-30.,-73.2283081646836));
#18581=CARTESIAN_POINT('Origin',(98.9879488770047,-1.81725191303451E-14,
-100.728308164684));
#18582=CARTESIAN_POINT('',(101.987948877005,-30.,-100.728308164684));
#18583=CARTESIAN_POINT('Origin',(98.9879488770047,-30.,-100.728308164684));
#18584=CARTESIAN_POINT('',(101.987948877005,-1.81725191303451E-14,-100.728308164684));
#18585=CARTESIAN_POINT('',(101.987948877005,-1.81725191303451E-14,-100.728308164684));
#18586=CARTESIAN_POINT('Origin',(98.9879488770047,-1.32480834477406E-14,
-100.728308164684));
#18587=CARTESIAN_POINT('Origin',(130.987948877005,-30.,-73.2283081646836));
#18588=CARTESIAN_POINT('Origin',(98.9879488770047,-8.24990084775777E-15,
-45.7283081646837));
#18589=CARTESIAN_POINT('',(101.987948877005,-30.,-45.7283081646836));
#18590=CARTESIAN_POINT('Origin',(98.9879488770047,-30.,-45.7283081646836));
#18591=CARTESIAN_POINT('',(101.987948877005,-8.24990084775777E-15,-45.7283081646837));
#18592=CARTESIAN_POINT('',(101.987948877005,-8.24990084775777E-15,-45.7283081646837));
#18593=CARTESIAN_POINT('Origin',(98.9879488770047,-5.87440149037954E-15,
-45.7283081646837));
#18594=CARTESIAN_POINT('Origin',(130.987948877005,-30.,-73.2283081646836));
#18595=CARTESIAN_POINT('Origin',(104.500000128468,-7.2719608692371E-15,
-39.999999999998));
#18596=CARTESIAN_POINT('',(157.25,-7.3413497503342E-15,-39.999999999998));
#18597=CARTESIAN_POINT('',(104.500000128468,-7.2719608692371E-15,-39.999999999998));
#18598=CARTESIAN_POINT('',(117.687500064227,-7.27196097111951E-15,-39.999999999998));
#18599=CARTESIAN_POINT('',(157.25,-30.,-39.999999999998));
#18600=CARTESIAN_POINT('',(157.25,-7.3413497503342E-15,-39.999999999998));
#18601=CARTESIAN_POINT('',(104.500000128468,-30.,-39.999999999998));
#18602=CARTESIAN_POINT('',(157.25,-30.,-39.999999999998));
#18603=CARTESIAN_POINT('',(104.500000128468,-7.2719608692371E-15,-39.999999999998));
#18604=CARTESIAN_POINT('Origin',(104.49999967883,-9.43689570931382E-15,
-51.99999967883));
#18605=CARTESIAN_POINT('',(92.499999999998,-9.43689568613678E-15,-52.0000000000002));
#18606=CARTESIAN_POINT('Origin',(104.49999967883,-6.99382698060384E-15,
-51.99999967883));
#18607=CARTESIAN_POINT('',(92.499999999998,-30.,-52.0000000000002));
#18608=CARTESIAN_POINT('Origin',(104.49999967883,-30.,-51.99999967883));
#18609=CARTESIAN_POINT('',(92.499999999998,-9.43689568613678E-15,-52.0000000000002));
#18610=CARTESIAN_POINT('Origin',(92.499999999998,-1.69309010069771E-14,
-94.249999871536));
#18611=CARTESIAN_POINT('',(92.499999999998,-1.69309010069771E-14,-94.249999871536));
#18612=CARTESIAN_POINT('',(92.499999999998,-1.51536768780408E-14,-83.6874999357617));
#18613=CARTESIAN_POINT('',(92.499999999998,-30.,-94.249999871536));
#18614=CARTESIAN_POINT('',(92.499999999998,-30.,-52.0000000000002));
#18615=CARTESIAN_POINT('',(92.499999999998,-1.69309010069771E-14,-94.249999871536));
#18616=CARTESIAN_POINT('Origin',(104.49999967883,-1.69309011255336E-14,
-94.2500003211601));
#18617=CARTESIAN_POINT('',(104.5,-1.93040028406704E-14,-106.249999999997));
#18618=CARTESIAN_POINT('Origin',(104.49999967883,-1.95023399148818E-14,
-94.2500003211601));
#18619=CARTESIAN_POINT('',(104.5,-30.,-106.249999999997));
#18620=CARTESIAN_POINT('Origin',(104.49999967883,-30.,-94.2500003211601));
#18621=CARTESIAN_POINT('',(104.5,-1.93040028406704E-14,-106.249999999997));
#18622=CARTESIAN_POINT('Origin',(157.249999871536,-1.90958359656112E-14,
-106.249999999997));
#18623=CARTESIAN_POINT('',(157.249999871536,-1.90958359656112E-14,-106.249999999997));
#18624=CARTESIAN_POINT('',(144.062499935761,-1.92242059243653E-14,-106.249999999997));
#18625=CARTESIAN_POINT('',(157.249999871536,-30.,-106.249999999997));
#18626=CARTESIAN_POINT('',(104.5,-30.,-106.249999999997));
#18627=CARTESIAN_POINT('',(157.249999871536,-1.90958359656112E-14,-106.249999999997));
#18628=CARTESIAN_POINT('Origin',(157.25000032116,-1.69309011255336E-14,
-94.2500003211601));
#18629=CARTESIAN_POINT('',(169.249999999994,-1.69309011255336E-14,-94.2500000000001));
#18630=CARTESIAN_POINT('Origin',(157.25000032116,-1.95023399148818E-14,
-94.2500003211601));
#18631=CARTESIAN_POINT('',(169.249999999994,-30.,-94.2500000000001));
#18632=CARTESIAN_POINT('Origin',(157.25000032116,-30.,-94.2500003211601));
#18633=CARTESIAN_POINT('',(169.249999999994,-1.69309011255336E-14,-94.2500000000001));
#18634=CARTESIAN_POINT('Origin',(169.249999999994,-9.43689577795382E-15,
-52.0000001284681));
#18635=CARTESIAN_POINT('',(169.249999999994,-9.43689577795382E-15,-52.0000001284681));
#18636=CARTESIAN_POINT('',(169.249999999994,-1.1342490017443E-14,-62.5625000642277));
#18637=CARTESIAN_POINT('',(169.249999999994,-30.,-52.000000128468));
#18638=CARTESIAN_POINT('',(169.249999999994,-30.,-94.2500000000001));
#18639=CARTESIAN_POINT('',(169.249999999994,-9.43689577795382E-15,-52.0000001284681));
#18640=CARTESIAN_POINT('Origin',(157.25000032116,-9.43689570931382E-15,
-51.99999967883));
#18641=CARTESIAN_POINT('Origin',(157.25000032116,-6.99382698060383E-15,
-51.99999967883));
#18642=CARTESIAN_POINT('Origin',(157.25000032116,-30.,-51.99999967883));
#18643=CARTESIAN_POINT('Origin',(130.874999999986,-30.,-73.1249999999874));
#18644=CARTESIAN_POINT('',(171.249999999993,-30.,-52.0000072851973));
#18645=CARTESIAN_POINT('',(157.249986253698,-30.,-37.999999999998));
#18646=CARTESIAN_POINT('Origin',(157.25000032116,-30.,-51.99999967883));
#18647=CARTESIAN_POINT('',(104.500008393913,-30.,-37.999999999998));
#18648=CARTESIAN_POINT('',(157.249986253698,-30.,-37.999999999998));
#18649=CARTESIAN_POINT('',(90.5000000000005,-30.,-52.0000257914145));
#18650=CARTESIAN_POINT('Origin',(104.49999967883,-30.,-51.99999967883));
#18651=CARTESIAN_POINT('',(90.4999999999956,-30.,-94.250004877532));
#18652=CARTESIAN_POINT('',(90.5000000000005,-30.,-52.0000257914145));
#18653=CARTESIAN_POINT('',(104.499976643732,-30.,-108.249999999999));
#18654=CARTESIAN_POINT('Origin',(104.49999967883,-30.,-94.2500003211601));
#18655=CARTESIAN_POINT('',(157.250000884098,-30.,-108.249999999996));
#18656=CARTESIAN_POINT('',(104.499976643732,-30.,-108.249999999999));
#18657=CARTESIAN_POINT('',(171.249999999995,-30.,-94.250010036674));
#18658=CARTESIAN_POINT('Origin',(157.25000032116,-30.,-94.2500003211601));
#18659=CARTESIAN_POINT('',(171.249999999995,-30.,-94.250010036674));
#18660=CARTESIAN_POINT('Origin',(153.3,-1.56055723898873E-14,-86.5000000000001));
#18661=CARTESIAN_POINT('',(153.675,1.99999999999998,-86.5000000000001));
#18662=CARTESIAN_POINT('Origin',(153.3,1.99999999999998,-86.5000000000001));
#18663=CARTESIAN_POINT('',(153.675,-1.56055723898873E-14,-86.5000000000001));
#18664=CARTESIAN_POINT('',(153.675,-1.56055723898873E-14,-86.5000000000001));
#18665=CARTESIAN_POINT('Origin',(153.3,-1.56055723898873E-14,-86.5000000000001));
#18666=CARTESIAN_POINT('Origin',(105.64,-1.18620391287294E-14,-65.75));
#18667=CARTESIAN_POINT('',(106.065,1.99999999999999,-65.75));
#18668=CARTESIAN_POINT('Origin',(105.64,1.99999999999999,-65.75));
#18669=CARTESIAN_POINT('',(106.065,-1.18620391287294E-14,-65.75));
#18670=CARTESIAN_POINT('',(106.065,-1.18620391287294E-14,-65.75));
#18671=CARTESIAN_POINT('Origin',(105.64,-1.18620391287294E-14,-65.75));
#18672=CARTESIAN_POINT('Origin',(137.,-1.68914535136899E-14,-93.6275000000001));
#18673=CARTESIAN_POINT('',(137.45,1.99999999999998,-93.6275000000001));
#18674=CARTESIAN_POINT('Origin',(137.,1.99999999999998,-93.6275000000001));
#18675=CARTESIAN_POINT('',(137.45,-1.68914535136899E-14,-93.6275000000001));
#18676=CARTESIAN_POINT('',(137.45,-1.68914535136899E-14,-93.6275000000001));
#18677=CARTESIAN_POINT('Origin',(137.,-1.68914535136899E-14,-93.6275000000001));
#18678=CARTESIAN_POINT('Origin',(103.57,-1.25494059588505E-14,-69.56));
#18679=CARTESIAN_POINT('',(104.52,1.99999999999999,-69.56));
#18680=CARTESIAN_POINT('Origin',(103.57,1.99999999999999,-69.56));
#18681=CARTESIAN_POINT('',(104.52,-1.25494059588505E-14,-69.56));
#18682=CARTESIAN_POINT('',(104.52,-1.25494059588505E-14,-69.56));
#18683=CARTESIAN_POINT('Origin',(103.57,-1.25494059588505E-14,-69.56));
#18684=CARTESIAN_POINT('Origin',(108.07,-1.41731071323647E-14,-78.5600000000001));
#18685=CARTESIAN_POINT('',(109.37,1.99999999999999,-78.5600000000001));
#18686=CARTESIAN_POINT('Origin',(108.07,1.99999999999999,-78.5600000000001));
#18687=CARTESIAN_POINT('',(109.37,-1.41731071323647E-14,-78.5600000000001));
#18688=CARTESIAN_POINT('',(109.37,-1.41731071323647E-14,-78.5600000000001));
#18689=CARTESIAN_POINT('Origin',(108.07,-1.41731071323647E-14,-78.5600000000001));
#18690=CARTESIAN_POINT('Origin',(128.5,-1.32367727889715E-14,-73.3700000000001));
#18691=CARTESIAN_POINT('',(128.925,1.99999999999999,-73.3700000000001));
#18692=CARTESIAN_POINT('Origin',(128.5,1.99999999999999,-73.3700000000001));
#18693=CARTESIAN_POINT('',(128.925,-1.32367727889715E-14,-73.3700000000001));
#18694=CARTESIAN_POINT('',(128.925,-1.32367727889715E-14,-73.3700000000001));
#18695=CARTESIAN_POINT('Origin',(128.5,-1.32367727889715E-14,-73.3700000000001));
#18696=CARTESIAN_POINT('Origin',(126.5,-1.62370117351429E-14,-90.0000000000001));
#18697=CARTESIAN_POINT('',(127.05,1.99999999999998,-90.0000000000001));
#18698=CARTESIAN_POINT('Origin',(126.5,1.99999999999998,-90.0000000000001));
#18699=CARTESIAN_POINT('',(127.05,-1.62370117351429E-14,-90.0000000000001));
#18700=CARTESIAN_POINT('',(127.05,-1.62370117351429E-14,-90.0000000000001));
#18701=CARTESIAN_POINT('Origin',(126.5,-1.62370117351429E-14,-90.0000000000001));
#18702=CARTESIAN_POINT('Origin',(128.5,-1.18620391287294E-14,-65.75));
#18703=CARTESIAN_POINT('',(128.925,1.99999999999999,-65.75));
#18704=CARTESIAN_POINT('Origin',(128.5,1.99999999999999,-65.75));
#18705=CARTESIAN_POINT('',(128.925,-1.18620391287294E-14,-65.75));
#18706=CARTESIAN_POINT('',(128.925,-1.18620391287294E-14,-65.75));
#18707=CARTESIAN_POINT('Origin',(128.5,-1.18620391287294E-14,-65.75));
#18708=CARTESIAN_POINT('Origin',(126.5,-1.70488623219001E-14,-94.5000000000001));
#18709=CARTESIAN_POINT('',(127.05,1.99999999999998,-94.5000000000001));
#18710=CARTESIAN_POINT('Origin',(126.5,1.99999999999998,-94.5000000000001));
#18711=CARTESIAN_POINT('',(127.05,-1.70488623219001E-14,-94.5000000000001));
#18712=CARTESIAN_POINT('',(127.05,-1.70488623219001E-14,-94.5000000000001));
#18713=CARTESIAN_POINT('Origin',(126.5,-1.70488623219001E-14,-94.5000000000001));
#18714=CARTESIAN_POINT('Origin',(137.,-1.64332089602759E-14,-91.0875000000001));
#18715=CARTESIAN_POINT('',(137.45,1.99999999999998,-91.0875000000001));
#18716=CARTESIAN_POINT('Origin',(137.,1.99999999999998,-91.0875000000001));
#18717=CARTESIAN_POINT('',(137.45,-1.64332089602759E-14,-91.0875000000001));
#18718=CARTESIAN_POINT('',(137.45,-1.64332089602759E-14,-91.0875000000001));
#18719=CARTESIAN_POINT('Origin',(137.,-1.64332089602759E-14,-91.0875000000001));
#18720=CARTESIAN_POINT('Origin',(120.,-1.62370117351429E-14,-90.0000000000001));
#18721=CARTESIAN_POINT('',(120.55,1.99999999999998,-90.0000000000001));
#18722=CARTESIAN_POINT('Origin',(120.,1.99999999999998,-90.0000000000001));
#18723=CARTESIAN_POINT('',(120.55,-1.62370117351429E-14,-90.0000000000001));
#18724=CARTESIAN_POINT('',(120.55,-1.62370117351429E-14,-90.0000000000001));
#18725=CARTESIAN_POINT('Origin',(120.,-1.62370117351429E-14,-90.0000000000001));
#18726=CARTESIAN_POINT('Origin',(153.3,-1.52447499068842E-14,-84.5000000000001));
#18727=CARTESIAN_POINT('',(153.675,1.99999999999998,-84.5000000000001));
#18728=CARTESIAN_POINT('Origin',(153.3,1.99999999999998,-84.5000000000001));
#18729=CARTESIAN_POINT('',(153.675,-1.52447499068842E-14,-84.5000000000001));
#18730=CARTESIAN_POINT('',(153.675,-1.52447499068842E-14,-84.5000000000001));
#18731=CARTESIAN_POINT('Origin',(153.3,-1.52447499068842E-14,-84.5000000000001));
#18732=CARTESIAN_POINT('Origin',(120.,-1.70488623219001E-14,-94.5000000000001));
#18733=CARTESIAN_POINT('',(120.55,1.99999999999998,-94.5000000000001));
#18734=CARTESIAN_POINT('Origin',(120.,1.99999999999998,-94.5000000000001));
#18735=CARTESIAN_POINT('',(120.55,-1.70488623219001E-14,-94.5000000000001));
#18736=CARTESIAN_POINT('',(120.55,-1.70488623219001E-14,-94.5000000000001));
#18737=CARTESIAN_POINT('Origin',(120.,-1.70488623219001E-14,-94.5000000000001));
#18738=CARTESIAN_POINT('Origin',(117.07,-1.07452935438346E-14,-59.56));
#18739=CARTESIAN_POINT('',(119.02,1.99999999999999,-59.56));
#18740=CARTESIAN_POINT('Origin',(117.07,1.99999999999999,-59.56));
#18741=CARTESIAN_POINT('',(119.02,-1.07452935438346E-14,-59.56));
#18742=CARTESIAN_POINT('',(119.02,-1.07452935438346E-14,-59.56));
#18743=CARTESIAN_POINT('Origin',(117.07,-1.07452935438346E-14,-59.56));
#18744=CARTESIAN_POINT('Origin',(130.57,-1.25494059588505E-14,-69.56));
#18745=CARTESIAN_POINT('',(131.52,1.99999999999999,-69.56));
#18746=CARTESIAN_POINT('Origin',(130.57,1.99999999999999,-69.56));
#18747=CARTESIAN_POINT('',(131.52,-1.25494059588505E-14,-69.56));
#18748=CARTESIAN_POINT('',(131.52,-1.25494059588505E-14,-69.56));
#18749=CARTESIAN_POINT('Origin',(130.57,-1.25494059588505E-14,-69.56));
#18750=CARTESIAN_POINT('Origin',(105.64,-1.32367727889715E-14,-73.3700000000001));
#18751=CARTESIAN_POINT('',(106.065,1.99999999999999,-73.3700000000001));
#18752=CARTESIAN_POINT('Origin',(105.64,1.99999999999999,-73.3700000000001));
#18753=CARTESIAN_POINT('',(106.065,-1.32367727889715E-14,-73.3700000000001));
#18754=CARTESIAN_POINT('',(106.065,-1.32367727889715E-14,-73.3700000000001));
#18755=CARTESIAN_POINT('Origin',(105.64,-1.32367727889715E-14,-73.3700000000001));
#18756=CARTESIAN_POINT('Origin',(104.500008393913,-6.91113838623392E-15,
-37.999999999998));
#18757=CARTESIAN_POINT('',(157.249986253698,1.99999999999999,-37.999999999998));
#18758=CARTESIAN_POINT('',(157.249986253698,-6.98052726733103E-15,-37.999999999998));
#18759=CARTESIAN_POINT('',(104.500008393913,1.99999999999999,-37.999999999998));
#18760=CARTESIAN_POINT('',(157.249986253698,1.99999999999999,-37.999999999998));
#18761=CARTESIAN_POINT('',(104.500008393913,-6.91113838623392E-15,-37.999999999998));
#18762=CARTESIAN_POINT('Origin',(104.49999967883,-9.43689570931382E-15,
-51.99999967883));
#18763=CARTESIAN_POINT('',(90.5000000000005,1.99999999999999,-52.0000257914145));
#18764=CARTESIAN_POINT('Origin',(104.49999967883,1.99999999999999,-51.99999967883));
#18765=CARTESIAN_POINT('',(90.5000000000005,-9.43690031215793E-15,-52.0000257914145));
#18766=CARTESIAN_POINT('Origin',(90.4999999999956,-1.69309019137172E-14,
-94.250004877532));
#18767=CARTESIAN_POINT('',(90.4999999999956,1.99999999999998,-94.250004877532));
#18768=CARTESIAN_POINT('',(90.5000000000005,1.99999999999999,-52.0000257914145));
#18769=CARTESIAN_POINT('',(90.4999999999956,-1.69309019137172E-14,-94.250004877532));
#18770=CARTESIAN_POINT('Origin',(104.49999967883,-1.69309011255336E-14,
-94.2500003211601));
#18771=CARTESIAN_POINT('',(104.499976643732,1.99999999999998,-108.249999999999));
#18772=CARTESIAN_POINT('Origin',(104.49999967883,1.99999999999998,-94.2500003211601));
#18773=CARTESIAN_POINT('',(104.499976643732,-1.96648253236739E-14,-108.249999999999));
#18774=CARTESIAN_POINT('Origin',(157.250000884098,-1.94566584486141E-14,
-108.249999999996));
#18775=CARTESIAN_POINT('',(157.250000884098,1.99999999999998,-108.249999999996));
#18776=CARTESIAN_POINT('',(104.499976643732,1.99999999999998,-108.249999999999));
#18777=CARTESIAN_POINT('',(157.250000884098,-1.94566584486141E-14,-108.249999999996));
#18778=CARTESIAN_POINT('Origin',(157.25000032116,-1.69309011255336E-14,
-94.2500003211601));
#18779=CARTESIAN_POINT('',(171.249999999995,1.99999999999998,-94.2500100366741));
#18780=CARTESIAN_POINT('Origin',(157.25000032116,1.99999999999998,-94.2500003211601));
#18781=CARTESIAN_POINT('',(171.249999999995,-1.69309029362624E-14,-94.2500100366741));
#18782=CARTESIAN_POINT('Origin',(171.249999999993,-9.43689707030887E-15,
-52.0000072851973));
#18783=CARTESIAN_POINT('',(171.249999999993,1.99999999999999,-52.0000072851973));
#18784=CARTESIAN_POINT('',(171.249999999995,1.99999999999998,-94.2500100366741));
#18785=CARTESIAN_POINT('',(171.249999999993,-9.43689707030887E-15,-52.0000072851973));
#18786=CARTESIAN_POINT('Origin',(157.25000032116,-9.43689570931382E-15,
-51.99999967883));
#18787=CARTESIAN_POINT('Origin',(157.25000032116,1.99999999999999,-51.99999967883));
#18788=CARTESIAN_POINT('Origin',(130.874999999986,1.99999999999999,-73.1249999999874));
#18789=CARTESIAN_POINT('Origin',(130.874999999986,-1.32480834477406E-14,
-73.1249999999874));
#18790=CARTESIAN_POINT('',(0.,0.,0.));
#18791=CARTESIAN_POINT('',(0.,0.,0.));
#18792=CARTESIAN_POINT('',(0.,0.,0.));
#18793=UNCERTAINTY_MEASURE_WITH_UNIT(LENGTH_MEASURE(0.01),#18813,
'DISTANCE_ACCURACY_VALUE',
'Maximum model space distance between geometric entities at asserted c
onnectivities');
#18794=UNCERTAINTY_MEASURE_WITH_UNIT(LENGTH_MEASURE(0.01),#18813,
'DISTANCE_ACCURACY_VALUE',
'Maximum model space distance between geometric entities at asserted c
onnectivities');
#18795=UNCERTAINTY_MEASURE_WITH_UNIT(LENGTH_MEASURE(0.01),#18813,
'DISTANCE_ACCURACY_VALUE',
'Maximum model space distance between geometric entities at asserted c
onnectivities');
#18796=UNCERTAINTY_MEASURE_WITH_UNIT(LENGTH_MEASURE(0.01),#18813,
'DISTANCE_ACCURACY_VALUE',
'Maximum model space distance between geometric entities at asserted c
onnectivities');
#18797=UNCERTAINTY_MEASURE_WITH_UNIT(LENGTH_MEASURE(0.01),#18813,
'DISTANCE_ACCURACY_VALUE',
'Maximum model space distance between geometric entities at asserted c
onnectivities');
#18798=UNCERTAINTY_MEASURE_WITH_UNIT(LENGTH_MEASURE(0.01),#18813,
'DISTANCE_ACCURACY_VALUE',
'Maximum model space distance between geometric entities at asserted c
onnectivities');
#18799=UNCERTAINTY_MEASURE_WITH_UNIT(LENGTH_MEASURE(0.01),#18813,
'DISTANCE_ACCURACY_VALUE',
'Maximum model space distance between geometric entities at asserted c
onnectivities');
#18800=UNCERTAINTY_MEASURE_WITH_UNIT(LENGTH_MEASURE(0.01),#18813,
'DISTANCE_ACCURACY_VALUE',
'Maximum model space distance between geometric entities at asserted c
onnectivities');
#18801=UNCERTAINTY_MEASURE_WITH_UNIT(LENGTH_MEASURE(0.01),#18813,
'DISTANCE_ACCURACY_VALUE',
'Maximum model space distance between geometric entities at asserted c
onnectivities');
#18802=UNCERTAINTY_MEASURE_WITH_UNIT(LENGTH_MEASURE(0.01),#18813,
'DISTANCE_ACCURACY_VALUE',
'Maximum model space distance between geometric entities at asserted c
onnectivities');
#18803=(
GEOMETRIC_REPRESENTATION_CONTEXT(3)
GLOBAL_UNCERTAINTY_ASSIGNED_CONTEXT((#18793))
GLOBAL_UNIT_ASSIGNED_CONTEXT((#18813,#18815,#18816))
REPRESENTATION_CONTEXT('','3D')
);
#18804=(
GEOMETRIC_REPRESENTATION_CONTEXT(3)
GLOBAL_UNCERTAINTY_ASSIGNED_CONTEXT((#18794))
GLOBAL_UNIT_ASSIGNED_CONTEXT((#18813,#18815,#18816))
REPRESENTATION_CONTEXT('','3D')
);
#18805=(
GEOMETRIC_REPRESENTATION_CONTEXT(3)
GLOBAL_UNCERTAINTY_ASSIGNED_CONTEXT((#18795))
GLOBAL_UNIT_ASSIGNED_CONTEXT((#18813,#18815,#18816))
REPRESENTATION_CONTEXT('','3D')
);
#18806=(
GEOMETRIC_REPRESENTATION_CONTEXT(3)
GLOBAL_UNCERTAINTY_ASSIGNED_CONTEXT((#18796))
GLOBAL_UNIT_ASSIGNED_CONTEXT((#18813,#18815,#18816))
REPRESENTATION_CONTEXT('','3D')
);
#18807=(
GEOMETRIC_REPRESENTATION_CONTEXT(3)
GLOBAL_UNCERTAINTY_ASSIGNED_CONTEXT((#18797))
GLOBAL_UNIT_ASSIGNED_CONTEXT((#18813,#18815,#18816))
REPRESENTATION_CONTEXT('','3D')
);
#18808=(
GEOMETRIC_REPRESENTATION_CONTEXT(3)
GLOBAL_UNCERTAINTY_ASSIGNED_CONTEXT((#18798))
GLOBAL_UNIT_ASSIGNED_CONTEXT((#18813,#18815,#18816))
REPRESENTATION_CONTEXT('','3D')
);
#18809=(
GEOMETRIC_REPRESENTATION_CONTEXT(3)
GLOBAL_UNCERTAINTY_ASSIGNED_CONTEXT((#18799))
GLOBAL_UNIT_ASSIGNED_CONTEXT((#18813,#18815,#18816))
REPRESENTATION_CONTEXT('','3D')
);
#18810=(
GEOMETRIC_REPRESENTATION_CONTEXT(3)
GLOBAL_UNCERTAINTY_ASSIGNED_CONTEXT((#18800))
GLOBAL_UNIT_ASSIGNED_CONTEXT((#18813,#18815,#18816))
REPRESENTATION_CONTEXT('','3D')
);
#18811=(
GEOMETRIC_REPRESENTATION_CONTEXT(3)
GLOBAL_UNCERTAINTY_ASSIGNED_CONTEXT((#18801))
GLOBAL_UNIT_ASSIGNED_CONTEXT((#18813,#18815,#18816))
REPRESENTATION_CONTEXT('','3D')
);
#18812=(
GEOMETRIC_REPRESENTATION_CONTEXT(3)
GLOBAL_UNCERTAINTY_ASSIGNED_CONTEXT((#18802))
GLOBAL_UNIT_ASSIGNED_CONTEXT((#18813,#18815,#18816))
REPRESENTATION_CONTEXT('','3D')
);
#18813=(
LENGTH_UNIT()
NAMED_UNIT(*)
SI_UNIT(.MILLI.,.METRE.)
);
#18814=(
LENGTH_UNIT()
NAMED_UNIT(*)
SI_UNIT($,.METRE.)
);
#18815=(
NAMED_UNIT(*)
PLANE_ANGLE_UNIT()
SI_UNIT($,.RADIAN.)
);
#18816=(
NAMED_UNIT(*)
SI_UNIT($,.STERADIAN.)
SOLID_ANGLE_UNIT()
);
#18817=SHAPE_DEFINITION_REPRESENTATION(#18826,#18844);
#18818=SHAPE_DEFINITION_REPRESENTATION(#18827,#18845);
#18819=SHAPE_DEFINITION_REPRESENTATION(#18828,#18846);
#18820=SHAPE_DEFINITION_REPRESENTATION(#18829,#18847);
#18821=SHAPE_DEFINITION_REPRESENTATION(#18830,#18848);
#18822=SHAPE_DEFINITION_REPRESENTATION(#18831,#18849);
#18823=SHAPE_DEFINITION_REPRESENTATION(#18832,#18850);
#18824=SHAPE_DEFINITION_REPRESENTATION(#18839,#18851);
#18825=SHAPE_DEFINITION_REPRESENTATION(#18840,#18852);
#18826=PRODUCT_DEFINITION_SHAPE('',$,#18854);
#18827=PRODUCT_DEFINITION_SHAPE('',$,#18855);
#18828=PRODUCT_DEFINITION_SHAPE('',$,#18856);
#18829=PRODUCT_DEFINITION_SHAPE('',$,#18857);
#18830=PRODUCT_DEFINITION_SHAPE('',$,#18858);
#18831=PRODUCT_DEFINITION_SHAPE('',$,#18859);
#18832=PRODUCT_DEFINITION_SHAPE('',$,#18860);
#18833=PRODUCT_DEFINITION_SHAPE($,$,#368);
#18834=PRODUCT_DEFINITION_SHAPE($,$,#369);
#18835=PRODUCT_DEFINITION_SHAPE($,$,#370);
#18836=PRODUCT_DEFINITION_SHAPE($,$,#371);
#18837=PRODUCT_DEFINITION_SHAPE($,$,#372);
#18838=PRODUCT_DEFINITION_SHAPE($,$,#373);
#18839=PRODUCT_DEFINITION_SHAPE('',$,#18861);
#18840=PRODUCT_DEFINITION_SHAPE('',$,#18862);
#18841=PRODUCT_DEFINITION_SHAPE($,$,#374);
#18842=PRODUCT_DEFINITION_SHAPE($,$,#375);
#18843=PRODUCT_DEFINITION_SHAPE($,$,#376);
#18844=SHAPE_REPRESENTATION('',(#10775,#11465,#11466),#18803);
#18845=SHAPE_REPRESENTATION('',(#10776,#11204,#11205,#11206,#11207,#11208,
#11209),#18804);
#18846=SHAPE_REPRESENTATION('',(#10777),#18805);
#18847=SHAPE_REPRESENTATION('',(#10830),#18806);
#18848=SHAPE_REPRESENTATION('',(#10953),#18807);
#18849=SHAPE_REPRESENTATION('',(#10975),#18808);
#18850=SHAPE_REPRESENTATION('',(#11161),#18809);
#18851=SHAPE_REPRESENTATION('',(#11210,#11464),#18810);
#18852=SHAPE_REPRESENTATION('',(#11211),#18811);
#18853=PRODUCT_DEFINITION_CONTEXT('part definition',#18882,'design');
#18854=PRODUCT_DEFINITION('2026-02-11-17-40-03-797',
'My_DisplayEnclosure_Assembly',#18863,#18853);
#18855=PRODUCT_DEFINITION('SnoreSense_Display_PCB_v1 1','PCB_Source',#18864,
#18853);
#18856=PRODUCT_DEFINITION('C_0805_2012Metric','C_0805_2012Metric',#18865,
#18853);
#18857=PRODUCT_DEFINITION('JST_PH_S2B-PH-K_1x02_P2.00mm_Horizontal',
'JST_PH_S2B-PH-K_1x02_P2.00mm_Horizontal',#18866,#18853);
#18858=PRODUCT_DEFINITION('LED_D5.0mm','LED_D5.0mm',#18867,#18853);
#18859=PRODUCT_DEFINITION('SW_PUSH_6mm','SW_PUSH_6mm',#18868,#18853);
#18860=PRODUCT_DEFINITION('R_0805_2012Metric','R_0805_2012Metric',#18869,
#18853);
#18861=PRODUCT_DEFINITION('2026-02-11-18-05-28-919','Bottom_Cas',#18870,
#18853);
#18862=PRODUCT_DEFINITION('2026-02-11-20-15-38-234','Top_Case',#18871,#18853);
#18863=PRODUCT_DEFINITION_FORMATION('',$,#18884);
#18864=PRODUCT_DEFINITION_FORMATION('',$,#18885);
#18865=PRODUCT_DEFINITION_FORMATION('',$,#18886);
#18866=PRODUCT_DEFINITION_FORMATION('',$,#18887);
#18867=PRODUCT_DEFINITION_FORMATION('',$,#18888);
#18868=PRODUCT_DEFINITION_FORMATION('',$,#18889);
#18869=PRODUCT_DEFINITION_FORMATION('',$,#18890);
#18870=PRODUCT_DEFINITION_FORMATION('',$,#18891);
#18871=PRODUCT_DEFINITION_FORMATION('',$,#18892);
#18872=PRODUCT_RELATED_PRODUCT_CATEGORY('My_DisplayEnclosure_Assembly',
'My_DisplayEnclosure_Assembly',(#18884));
#18873=PRODUCT_RELATED_PRODUCT_CATEGORY('PCB_Source','PCB_Source',(#18885));
#18874=PRODUCT_RELATED_PRODUCT_CATEGORY('C_0805_2012Metric',
'C_0805_2012Metric',(#18886));
#18875=PRODUCT_RELATED_PRODUCT_CATEGORY(
'JST_PH_S2B-PH-K_1x02_P2.00mm_Horizontal',
'JST_PH_S2B-PH-K_1x02_P2.00mm_Horizontal',(#18887));
#18876=PRODUCT_RELATED_PRODUCT_CATEGORY('LED_D5.0mm','LED_D5.0mm',(#18888));
#18877=PRODUCT_RELATED_PRODUCT_CATEGORY('SW_PUSH_6mm','SW_PUSH_6mm',(#18889));
#18878=PRODUCT_RELATED_PRODUCT_CATEGORY('R_0805_2012Metric',
'R_0805_2012Metric',(#18890));
#18879=PRODUCT_RELATED_PRODUCT_CATEGORY('Bottom_Cas','Bottom_Cas',(#18891));
#18880=PRODUCT_RELATED_PRODUCT_CATEGORY('Top_Case','Top_Case',(#18892));
#18881=APPLICATION_PROTOCOL_DEFINITION('international standard',
'automotive_design',2009,#18882);
#18882=APPLICATION_CONTEXT(
'Core Data for Automotive Mechanical Design Process');
#18883=PRODUCT_CONTEXT('part definition',#18882,'mechanical');
#18884=PRODUCT('2026-02-11-17-40-03-797','My_DisplayEnclosure_Assembly',
$,(#18883));
#18885=PRODUCT('SnoreSense_Display_PCB_v1 1','PCB_Source',
'KiCad electronic assembly',(#18883));
#18886=PRODUCT('C_0805_2012Metric','C_0805_2012Metric',$,(#18883));
#18887=PRODUCT('JST_PH_S2B-PH-K_1x02_P2.00mm_Horizontal',
'JST_PH_S2B-PH-K_1x02_P2.00mm_Horizontal',$,(#18883));
#18888=PRODUCT('LED_D5.0mm','LED_D5.0mm',$,(#18883));
#18889=PRODUCT('SW_PUSH_6mm','SW_PUSH_6mm',$,(#18883));
#18890=PRODUCT('R_0805_2012Metric','R_0805_2012Metric',$,(#18883));
#18891=PRODUCT('2026-02-11-18-05-28-919','Bottom_Cas',$,(#18883));
#18892=PRODUCT('2026-02-11-20-15-38-234','Top_Case',$,(#18883));
#18893=PRESENTATION_STYLE_ASSIGNMENT((#18900));
#18894=PRESENTATION_STYLE_ASSIGNMENT((#18901));
#18895=PRESENTATION_STYLE_ASSIGNMENT((#18902));
#18896=PRESENTATION_STYLE_ASSIGNMENT((#18903));
#18897=PRESENTATION_STYLE_ASSIGNMENT((#18904));
#18898=PRESENTATION_STYLE_ASSIGNMENT((#18905));
#18899=PRESENTATION_STYLE_ASSIGNMENT((#18906));
#18900=SURFACE_STYLE_USAGE(.BOTH.,#18907);
#18901=SURFACE_STYLE_USAGE(.BOTH.,#18908);
#18902=SURFACE_STYLE_USAGE(.BOTH.,#18909);
#18903=SURFACE_STYLE_USAGE(.BOTH.,#18910);
#18904=SURFACE_STYLE_USAGE(.BOTH.,#18911);
#18905=SURFACE_STYLE_USAGE(.BOTH.,#18912);
#18906=SURFACE_STYLE_USAGE(.BOTH.,#18913);
#18907=SURFACE_SIDE_STYLE('',(#18914));
#18908=SURFACE_SIDE_STYLE('',(#18915));
#18909=SURFACE_SIDE_STYLE('',(#18916));
#18910=SURFACE_SIDE_STYLE('',(#18917));
#18911=SURFACE_SIDE_STYLE('',(#18918));
#18912=SURFACE_SIDE_STYLE('',(#18919));
#18913=SURFACE_SIDE_STYLE('',(#18920));
#18914=SURFACE_STYLE_FILL_AREA(#18921);
#18915=SURFACE_STYLE_FILL_AREA(#18922);
#18916=SURFACE_STYLE_FILL_AREA(#18923);
#18917=SURFACE_STYLE_FILL_AREA(#18924);
#18918=SURFACE_STYLE_FILL_AREA(#18925);
#18919=SURFACE_STYLE_FILL_AREA(#18926);
#18920=SURFACE_STYLE_FILL_AREA(#18927);
#18921=FILL_AREA_STYLE('Steel - Satin',(#18928));
#18922=FILL_AREA_STYLE('Opaque(210,209,199)',(#18929));
#18923=FILL_AREA_STYLE('Opaque(97,69,55)',(#18930));
#18924=FILL_AREA_STYLE('Opaque(228,227,207)',(#18931));
#18925=FILL_AREA_STYLE('Opaque(178,25,13)',(#18932));
#18926=FILL_AREA_STYLE('Opaque(38,37,37)',(#18933));
#18927=FILL_AREA_STYLE('Opaque(21,22,24)',(#18934));
#18928=FILL_AREA_STYLE_COLOUR('Steel - Satin',#18935);
#18929=FILL_AREA_STYLE_COLOUR('Opaque(210,209,199)',#18936);
#18930=FILL_AREA_STYLE_COLOUR('Opaque(97,69,55)',#18937);
#18931=FILL_AREA_STYLE_COLOUR('Opaque(228,227,207)',#18938);
#18932=FILL_AREA_STYLE_COLOUR('Opaque(178,25,13)',#18939);
#18933=FILL_AREA_STYLE_COLOUR('Opaque(38,37,37)',#18940);
#18934=FILL_AREA_STYLE_COLOUR('Opaque(21,22,24)',#18941);
#18935=COLOUR_RGB('Steel - Satin',0.627450980392157,0.627450980392157,0.627450980392157);
#18936=COLOUR_RGB('Opaque(210,209,199)',0.823529411764706,0.819607843137255,
0.780392156862745);
#18937=COLOUR_RGB('Opaque(97,69,55)',0.380392156862745,0.270588235294118,
0.215686274509804);
#18938=COLOUR_RGB('Opaque(228,227,207)',0.894117647058824,0.890196078431372,
0.811764705882353);
#18939=COLOUR_RGB('Opaque(178,25,13)',0.698039215686274,0.0980392156862745,
0.0509803921568627);
#18940=COLOUR_RGB('Opaque(38,37,37)',0.149019607843137,0.145098039215686,
0.145098039215686);
#18941=COLOUR_RGB('Opaque(21,22,24)',0.0823529411764706,0.0862745098039216,
0.0941176470588235);
ENDSEC;
END-ISO-10303-21;
